index,computer_name,computer_spec,price_spec,price
0,영웅컴퓨터 영웅 게이밍울트라 7857 R7 7800X3D RTX5070,7800X3D / RTX 5070 / (AMD) B650 / OS미포함 / 800W / AMD / 라이젠 7000시리즈 / 라이젠7 / 라파엘 / DDR5 / 32GB / M.2 / 1TB / NVIDIA / 그래픽 메모리: 12GB / 1Gbps 유선 / HDMI / DP포트 / 파워서플라이 / 미들타워 / 어항형 / LED쿨러 / 용도: 게임용,"32GB, M.2 1TB",2839670
1,영웅컴퓨터 영웅 875 게이밍울트라560X R5 5600 RTX5060,5600 / RTX 5060 / (AMD) B550 / OS미포함 / 600W / AMD / 라이젠 5000시리즈 / 라이젠5 / 버미어 / DDR4 / 16GB / M.2 / 256GB / NVIDIA / 그래픽 메모리: 8GB / 1Gbps 유선 / HDMI / DP포트 / 파워서플라이 / 미들타워 / LED쿨러 / 용도: 게임용,"16GB, M.2 256GB",1209640
2,포유컴퓨터 퍼포먼스PC 47 R5 7500F RTX5060Ti,7500F / RTX 5060 Ti / (AMD) B650 / OS미포함 / 700W / AMD / 라이젠 7000시리즈 / 라이젠5 / 라파엘 / DDR5 / 16GB / M.2 / 500GB / NVIDIA / 1Gbps 유선 / HDMI / DP포트 / 파워서플라이 / 미들타워 / 어항형 / LED쿨러 / 용도: 게임용,"16GB, M.2 500GB",1579200
3,포유컴퓨터 퍼포먼스PC 37 R5 5600 RTX5060,5600 / RTX 5060 / (AMD) A520 / OS미포함 / 600W / AMD / 라이젠 5000시리즈 / 라이젠5 / 버미어 / DDR4 / 16GB / M.2 / 500GB / NVIDIA / 1Gbps 유선 / HDMI / DP포트 / 파워서플라이 / 미들타워 / 어항형 / LED쿨러 / 용도: 게임용,"16GB, M.2 500GB",1269120
4,MSI MAG Codex Z2 A9NVR A18 R7-9800X3D RTX 5070 Ti 게이밍,9800X3D / RTX 5070 Ti / (AMD) B850 / OS미포함 / 850W / AMD / 라이젠 9000시리즈 / 라이젠7 / 그래니트 릿지 / DDR5 / 32GB / M.2 / 1TB / NVIDIA / 그래픽 메모리: 16GB / 5Gbps 유선 / 802.11be(Wi-Fi 7) 무선 / 블루투스 / HDMI / DP포트 / USB3.x 10Gbps / USB3.x 5Gbps / USB C타입 10Gbps / 파워서플라이 / 미들타워 / 수랭쿨러 / LED쿨러 / 용도: 게임용,"32GB, M.2 1TB",3906210
5,영웅컴퓨터 영웅 울트라게이밍 9800XS R7 9800X3D RTX5080,9800X3D / RTX 5080 / (AMD) B650 / OS미포함 / 900W / AMD / 라이젠 9000시리즈 / 라이젠7 / 그래니트 릿지 / DDR5 / 32GB / M.2 / 1TB / NVIDIA / 그래픽 메모리: 16GB / 1Gbps 유선 / HDMI / DP포트 / 파워서플라이 / 미들타워 / 어항형 / 수랭쿨러 / LED쿨러 / 용도: 게임용,"32GB, M.2 1TB",4629680
6,다나와표준PC 게임용 250810,7500F / RTX 5060 / (AMD) B650 / OS미포함 / 750W / AMD / 라이젠 7000시리즈 / 라이젠5 / 라파엘 / DDR5 / 16GB / M.2 / 512GB / NVIDIA / 그래픽 메모리: 8GB / 1Gbps 유선 / HDMI / DP포트 / 파워서플라이 / 미들타워 / LED쿨러 / 용도: 게임용,"16GB, M.2 512GB",1788000
7,영웅컴퓨터 영웅 게이밍울트라 7546GT R5 7500F RTX5060Ti,7500F / RTX 5060 Ti / (AMD) A620 / OS미포함 / 700W / AMD / 라이젠 7000시리즈 / 라이젠5 / 라파엘 / DDR5 / 16GB / M.2 / 512GB / NVIDIA / 그래픽 메모리: 8GB / 1Gbps 유선 / HDMI / DP포트 / 파워서플라이 / 미들타워 / 어항형 / LED쿨러 / 용도: 게임용,"16GB, M.2 512GB",1547210
8,MSI MAG CODEX Z2 A9NVP MA09 R5-9600X RTX 5070 게이밍,9600X / RTX 5070 / (AMD) B850 / OS미포함 / 750W / AMD / 라이젠 9000시리즈 / 라이젠5 / 그래니트 릿지 / DDR5 / 16GB / M.2 / 1TB / NVIDIA / 그래픽 메모리: 12GB / 5Gbps 유선 / HDMI / DP포트 / USB3.x 10Gbps / USB3.x 5Gbps / USB C타입 10Gbps / 파워서플라이 / 미들타워 / LED쿨러 / 용도: 게임용 / 구성변경상품,"16GB, M.2 1TB",1999000
9,MSI MPG Infinite Z2 X3D C9NVV A20-2 R7-9800X3D RTX 5080 게이밍,9800X3D / RTX 5080 / (AMD) B850 / OS미포함 / 850W / AMD / 라이젠 9000시리즈 / 라이젠7 / 그래니트 릿지 / DDR5 / 32GB / M.2 / 1TB / NVIDIA / 그래픽 메모리: 16GB / 2.5Gbps 유선 / 802.11ax(Wi-Fi 6E) 무선 / 블루투스 / HDMI / DP포트 / USB3.x 10Gbps / USB3.x 5Gbps / USB C타입 10Gbps / 파워서플라이 / 미들타워 / 어항형 / 수랭쿨러 / LED쿨러 / 용도: 게임용,"32GB, M.2 1TB",4500480
10,영웅컴퓨터 영웅 울트라게이밍 9800TS R7 9800X3D RTX5070Ti,9800X3D / RTX 5070 Ti / (AMD) B650 / OS미포함 / 800W / AMD / 라이젠 9000시리즈 / 라이젠7 / 그래니트 릿지 / DDR5 / 32GB / M.2 / 1TB / NVIDIA / 그래픽 메모리: 16GB / 1Gbps 유선 / HDMI / DP포트 / 파워서플라이 / 미들타워 / 어항형 / 수랭쿨러 / LED쿨러 / 용도: 게임용,"32GB, M.2 1TB",3849640
11,다나와표준PC 게임용 250719,9600X / RTX 5070 / (AMD) B850 / OS미포함 / 850W / AMD / 라이젠 9000시리즈 / 라이젠5 / 그래니트 릿지 / DDR5 / 16GB / M.2 / 1TB / NVIDIA / 그래픽 메모리: 12GB / 1Gbps 유선 / 파워서플라이 / 미들타워 / 어항형 / LED쿨러 / 용도: 게임용,"16GB, M.2 1TB",2838350
12,피씨스토어 베스트 게이밍PC 울트라5 250K PLUS RTX 5060,250K Plus / RTX 5060 / (인텔) B860 / OS미포함 / 750W / 인텔 / 코어울트라 시리즈2 / 코어 울트라5 / 애로우레이크 / 인텔 AI Boost / 13TOPS / DDR5 / 16GB / M.2 / 500GB / NVIDIA / 그래픽 메모리: 8GB / 1Gbps 유선 / HDMI / DP포트 / 파워서플라이 / 미들타워 / LED쿨러 / 용도: 게임용,"16GB, M.2 500GB",2118750
13,영웅컴퓨터 영웅 게이밍울트라 9857 R7 9800X3D RTX5070,9800X3D / RTX 5070 / (AMD) B650 / OS미포함 / 800W / AMD / 라이젠 9000시리즈 / 라이젠7 / 그래니트 릿지 / DDR5 / 32GB / M.2 / 1TB / NVIDIA / 그래픽 메모리: 12GB / 1Gbps 유선 / HDMI / DP포트 / 파워서플라이 / 미들타워 / 어항형 / LED쿨러 / 용도: 게임용,"32GB, M.2 1TB",3039600
14,MSI MAG Codex Z2 A7NVM MA10 R5-7500F RTX 5060 Ti 게이밍,7500F / RTX 5060 Ti / (AMD) B650 / OS미포함 / 650W / AMD / 라이젠 7000시리즈 / 라이젠5 / 라파엘 / DDR5 / 16GB / M.2 / 1TB / NVIDIA / 그래픽 메모리: 8GB / 2.5Gbps 유선 / HDMI / DP포트 / USB3.x 10Gbps / USB3.x 5Gbps / 파워서플라이 / 미들타워 / LED쿨러 / 10.895kg 초과 / 용도: 게임용,"16GB, M.2 1TB",1860210
15,피씨스토어 베스트 게이밍 R5 5600 RTX3050,5600 / RTX 3050 / (AMD) A520 / OS미포함 / 600W / AMD / 라이젠 5000시리즈 / 라이젠5 / 버미어 / DDR4 / 16GB / M.2 / 500GB / NVIDIA / 그래픽 메모리: 6GB / 1Gbps 유선 / HDMI / DP포트 / 파워서플라이 / 미들타워 / 어항형 / LED쿨러 / 용도: 게임용,"16GB, M.2 500GB",1096210
16,모맨 겜덕피시 게이밍 i5-14400F RTX5060,i5-14400F / RTX 5060 / (인텔) B760 / OS미포함 / 600W / 인텔 / 코어 14세대 / 코어i5 / 랩터레이크-R / DDR5 / 32GB / M.2 / 1TB / NVIDIA / 그래픽 메모리: 8GB / 1Gbps 유선 / HDMI / DP포트 / 파워서플라이 / 미들타워 / 어항형 / LED쿨러 / 용도: 게임용,"32GB, M.2 1TB",2440000
17,타무즈 TZ300N1FDAA,i5-14400F / GTX 1660 SUPER / (인텔) H610 / OS미포함 / 600W / 인텔 / 코어 14세대 / 코어i5 / 랩터레이크-R / DDR4 / 16GB / M.2 / 512GB / NVIDIA / 그래픽 메모리: 6GB / 1Gbps 유선 / HDMI / DP포트 / USB3.x 5Gbps / 파워서플라이 / 미들타워 / 용도: 게임용,"16GB, M.2 512GB",939380
18,영웅컴퓨터 영웅 게이밍울트라 9757 R7 9700X RTX5070,9700X / RTX 5070 / (AMD) B650 / OS미포함 / 800W / AMD / 라이젠 9000시리즈 / 라이젠7 / 그래니트 릿지 / DDR5 / 32GB / M.2 / 1TB / NVIDIA / 그래픽 메모리: 12GB / 1Gbps 유선 / HDMI / DP포트 / 파워서플라이 / 미들타워 / 어항형 / LED쿨러 / 용도: 게임용,"32GB, M.2 1TB",2809660
19,마이피씨샵 DIY 게이밍 마스터 7500F RTX5060,7500F / RTX 5060 / (AMD) A620 / OS미포함 / 600W / AMD / 라이젠 7000시리즈 / 라이젠5 / 라파엘 / DDR5 / 16GB / M.2 / 500GB / NVIDIA / 그래픽 메모리: 8GB / 1Gbps 유선 / HDMI / DP포트 / 파워서플라이 / 미들타워 / 어항형 / LED쿨러 / 용도: 게임용,"16GB, M.2 500GB",1493280
20,피씨스토어 화이트 어항 PC 7500F RTX5060 360,7500F / RTX 5060 / (AMD) B650 / OS미포함 / 750W / AMD / 라이젠 7000시리즈 / 라이젠5 / 라파엘 / DDR5 / 32GB / M.2 / 500GB / NVIDIA / 그래픽 메모리: 8GB / 1Gbps 유선 / HDMI / DP포트 / 파워서플라이 / 미들타워 / 어항형 / LED쿨러 / 용도: 게임용,"32GB, M.2 500GB",2349280
21,다나와표준PC DPG 게임용 250723,265KF / RTX 5060 Ti / (인텔) B860 / OS미포함 / 850W / 인텔 / 코어울트라 시리즈2 / 코어 울트라7 / 애로우레이크 / 인텔 AI Boost / 13TOPS / DDR5 / 16GB / M.2 / 1TB / NVIDIA / 그래픽 메모리: 8GB / 1Gbps 유선 / 파워서플라이 / 미들타워 / 어항형 / 수랭쿨러 / LED쿨러 / 용도: 게임용,"16GB, M.2 1TB",2630000
22,다나와표준PC 게임용 250816,i5-14400F / RTX 5060 Ti / (인텔) B760 / OS미포함 / 800W / 인텔 / 코어 14세대 / 코어i5 / 랩터레이크-R / DDR5 / 16GB / M.2 / 500GB / NVIDIA / 그래픽 메모리: 16GB / 1Gbps 유선 / HDMI / DP포트 / 파워서플라이 / 미들타워 / 어항형 / LED쿨러 / 용도: 게임용,"16GB, M.2 500GB",2290580
23,다나와표준PC 전문가용 250826,9900X3D / RTX 5070 Ti / (AMD) X870E / OS미포함 / 1000W / AMD / 라이젠 9000시리즈 / 라이젠9 / 그래니트 릿지 / DDR5 / 16GB / HDD:2TB / M.2 / 1TB / NVIDIA / 그래픽 메모리: 16GB / 1Gbps 유선 / HDMI / DP포트 / 파워서플라이 / 빅타워 / 어항형 / 수랭쿨러 / LED쿨러 / 용도: 게임용,"16GB, M.2 1TB + HDD 2TB",4812280
24,피씨스토어 베스트 게이밍 7500F RTX5060 700W,7500F / RTX 5060 / (AMD) A620 / OS미포함 / 700W / AMD / 라이젠 7000시리즈 / 라이젠5 / 라파엘 / DDR5 / 16GB / M.2 / 500GB / NVIDIA / 그래픽 메모리: 8GB / 1Gbps 유선 / HDMI / DP포트 / 파워서플라이 / 미들타워 / LED쿨러 / 용도: 게임용,"16GB, M.2 500GB",1741690
25,다나와 게임용PC AMD R5-7400F RTX5060 S6101,7400F / RTX 5060 / (AMD) A620 / OS미포함 / 600W / AMD / 라이젠 7000시리즈 / 라이젠5 / 라파엘 / DDR5 / 16GB / M.2 / 500GB / NVIDIA / 그래픽 메모리: 8GB / 1Gbps 유선 / HDMI / DP포트 / USB3.x 5Gbps / 파워서플라이 / 미들타워 / LED쿨러 / 용도: 게임용,"16GB, M.2 500GB",2045000
26,다나와표준PC 게임용 250812,i5-14400F / RTX 5060 / (인텔) B760 / OS미포함 / 850W / 인텔 / 코어 14세대 / 코어i5 / 랩터레이크-R / DDR5 / 16GB / M.2 / 500GB / NVIDIA / 그래픽 메모리: 8GB / 1Gbps 유선 / HDMI / DP포트 / 파워서플라이 / 미들타워 / 어항형 / LED쿨러 / 용도: 게임용,"16GB, M.2 500GB",1848000
27,다나와표준PC 전문가용 250825,265K / RTX 5080 / (인텔) B860 / OS미포함 / 850W / 인텔 / 코어울트라 시리즈2 / 코어 울트라7 / 애로우레이크 / 인텔 AI Boost / 13TOPS / DDR5 / 16GB / M.2 / 512GB / NVIDIA / 그래픽 메모리: 16GB / 1Gbps 유선 / 파워서플라이 / 미들타워 / 어항형 / 수랭쿨러 / LED쿨러 / 용도: 게임용,"16GB, M.2 512GB",4605650
28,다나와표준PC 게임용 250818,7800X3D / RX 9070 XT / (AMD) B850 / OS미포함 / 850W / AMD / 라이젠 7000시리즈 / 라이젠7 / 라파엘 / DDR5 / 16GB / M.2 / 1TB / AMD / 그래픽 메모리: 16GB / 1Gbps 유선 / HDMI / DP포트 / 파워서플라이 / 빅타워 / 어항형 / LED쿨러 / 용도: 게임용,"16GB, M.2 1TB",3143620
29,영웅컴퓨터 영웅 H게이밍 2561F 225F RTX5060Ti,225F / RTX 5060 Ti / (인텔) H810 / OS미포함 / 600W / 인텔 / 코어울트라 시리즈2 / 코어 울트라5 / 애로우레이크 / 인텔 AI Boost / 13TOPS / DDR5 / 16GB / M.2 / 512GB / NVIDIA / 그래픽 메모리: 8GB / 1Gbps 유선 / HDMI / DP포트 / 파워서플라이 / 미들타워 / 어항형 / LED쿨러 / 용도: 게임용,"16GB, M.2 512GB",1569650
30,다나와 게임용PC 인텔 i5-14400F RTX5060 S6102,i5-14400F / RTX 5060 / (인텔) H610 / OS미포함 / 600W / 인텔 / 코어 14세대 / 코어i5 / 랩터레이크-R / DDR5 / 16GB / M.2 / 500GB / NVIDIA / 그래픽 메모리: 8GB / 1Gbps 유선 / HDMI / DP포트 / USB3.x 5Gbps / USB C타입 5Gbps / 파워서플라이 / 미들타워 / 어항형 / LED쿨러 / 용도: 게임용,"16GB, M.2 500GB",2085000
31,HP 오멘 16L TG03-0004KL,265F / RTX 5060 Ti / (인텔) B860 / OS미포함 / 500W / 인텔 / 코어울트라 시리즈2 / 코어 울트라7 / 애로우레이크 / 인텔 AI Boost / 13TOPS / DDR5 / 32GB / M.2 / 1TB / NVIDIA / 그래픽 메모리: 16GB / 2.5Gbps 유선 / 802.11ax(Wi-Fi 6E) 무선 / 블루투스 / HDMI / DP포트 / USB3.x 5Gbps / USB C타입 10Gbps / 파워서플라이 / 미니타워 / 용도: 게임용,"32GB, M.2 1TB",2599000
32,몬스타 몬스타PC 경복궁,9950X3D2 / RTX 5090 / (AMD) X870E / OS미포함 / 1600W / AMD / 라이젠 9000시리즈 / 라이젠9 / 그래니트 릿지 / DDR5 / 64GB / M.2 / 2TB / NVIDIA / 그래픽 메모리: 32GB / 10Gbps 유선 / 802.11be(Wi-Fi 7) 무선 / 블루투스 / HDMI / DP포트 / USB3.x 10Gbps / USB3.x 5Gbps / USB C타입 40Gbps / 파워서플라이 / 빅타워 / 커스텀수랭 / 용도: 게임용,"64GB, M.2 2TB",23710000
33,엔피씨코리아 NEXPC 게이밍프로 W147,i7-14700F / RTX 5060 Ti / (인텔) H610 / OS미포함 / 800W / 인텔 / 코어 14세대 / 코어i7 / 랩터레이크-R / DDR4 / 32GB / M.2 / 1TB / NVIDIA / 그래픽 메모리: 8GB / 파워서플라이 / 미들타워 / 어항형 / 용도: 게임용,"32GB, M.2 1TB",1938700
34,리메이드컴퓨터 P75X6,7500F / RX 9060 XT / (AMD) A620 / OS미포함 / 700W / AMD / 라이젠 7000시리즈 / 라이젠5 / 라파엘 / DDR5 / 16GB / M.2 / 512GB / AMD / 그래픽 메모리: 16GB / 1Gbps 유선 / HDMI / DP포트 / 파워서플라이 / 미들타워 / 용도: 게임용,"16GB, M.2 512GB",1688760
35,HP 옴니데스크 M03-0028kr RTX3060 Win11Pro,265 / RTX 3060 / 윈도우11 프로 / 500W / 인텔 / 코어울트라 시리즈2 / 코어 울트라7 / 애로우레이크 / 인텔 AI Boost / 13TOPS / DDR5 / 16GB / M.2 / 256GB / NVIDIA / 5.1채널 / 1Gbps 유선 / 802.11ax(Wi-Fi 6E) 무선 / 블루투스 / HDMI / DP포트 / USB3.x 10Gbps / USB3.x 5Gbps / USB C타입 10Gbps / USB C타입 5Gbps / 파워서플라이 / 미니타워 / 5.34kg / 용도: 게임용 / 구성변경상품,"16GB, M.2 256GB",2150000
36,엔피씨코리아 NEXPC 게이밍프로 W160,i9-14900KF / RTX 5080 / (인텔) B760 / OS미포함 / 1300W / 인텔 / 코어 14세대 / 코어i9 / 랩터레이크-R / DDR4 / 32GB / M.2 / 1TB / 그래픽 메모리: 16GB / 파워서플라이 / 미들타워 / 어항형 / 용도: 게임용,"32GB, M.2 1TB",3858560
37,HP 옴니데스크 M03-0038kr-RTX3050 Win11Home,225 / RTX 3050 / 윈도우11 / 500W / 인텔 / 코어울트라 시리즈2 / 코어 울트라5 / 애로우레이크 / 인텔 AI Boost / 13TOPS / DDR5 / 16GB / M.2 / 1TB / NVIDIA / 5.1채널 / 1Gbps 유선 / 802.11ax(Wi-Fi 6) 무선 / 블루투스 / HDMI / DP포트 / USB3.x 10Gbps / USB3.x 5Gbps / USB C타입 10Gbps / USB C타입 5Gbps / 파워서플라이 / 미니타워 / 5.34kg / 용도: 게임용 / 구성변경상품,"16GB, M.2 1TB",1885860
38,타무즈 게이밍PC TZ330T6HCAA,7800X3D / RTX 5060 Ti / (AMD) B650 / OS미포함 / 800W / AMD / 라이젠 7000시리즈 / 라이젠7 / 라파엘 / DDR5 / 16GB / M.2 / 1TB / NVIDIA / 그래픽 메모리: 8GB / 1Gbps 유선 / HDMI / DP포트 / USB3.x 5Gbps / 파워서플라이 / 미들타워 / 어항형 / 용도: 게임용,"16GB, M.2 1TB",1923140
39,다나와표준PC 게임용 230214,5600X / RTX 3060 / (AMD) B550 / OS미포함 / 600W / AMD / 라이젠 5000시리즈 / 라이젠5 / 버미어 / DDR4 / 16GB / M.2 / 500GB / NVIDIA / 그래픽 메모리: 12GB / 1Gbps 유선 / HDMI / DP포트 / 파워서플라이 / 미들타워 / 용도: 게임용,"16GB, M.2 500GB",1028960
40,포유컴퓨터 퍼포먼스PC 38 R5 7400F RTX5070,7400F / RTX 5070 / (AMD) B650 / OS미포함 / 800W / AMD / 라이젠 7000시리즈 / 라이젠5 / 라파엘 / DDR5 / 16GB / M.2 / 500GB / NVIDIA / 1Gbps 유선 / HDMI / DP포트 / 파워서플라이 / 미들타워 / LED쿨러 / 용도: 게임용,"16GB, M.2 500GB",2179200
41,영웅컴퓨터 영웅 913 게이밍울트라 560TX,5600 / RTX 5060 / (AMD) A520 / OS미포함 / 600W / AMD / 라이젠 5000시리즈 / 라이젠5 / 버미어 / DDR4 / 16GB / M.2 / 500GB / NVIDIA / 그래픽 메모리: 8GB / 1Gbps 유선 / HDMI / DP포트 / 파워서플라이 / 미들타워 / 어항형 / LED쿨러 / 용도: 게임용,"16GB, M.2 500GB",1209640
42,영웅컴퓨터 영웅 H게이밍 2560F 225F RTX5060,225F / RTX 5060 / (인텔) H810 / OS미포함 / 600W / 인텔 / 코어울트라 시리즈2 / 코어 울트라5 / 애로우레이크 / 인텔 AI Boost / 13TOPS / DDR5 / 16GB / M.2 / 500GB / NVIDIA / 그래픽 메모리: 8GB / 1Gbps 유선 / HDMI / DP포트 / 파워서플라이 / 미들타워 / 어항형 / LED쿨러 / 용도: 게임용,"16GB, M.2 500GB",1429640
43,모맨 겜덕피시 게이밍 7500F RTX5060,7500F / RTX 5060 / (AMD) A620 / OS미포함 / 600W / AMD / 라이젠 7000시리즈 / 라이젠5 / 라파엘 / DDR5 / 32GB / M.2 / 1TB / NVIDIA / 그래픽 메모리: 8GB / 1Gbps 유선 / HDMI / DP포트 / 파워서플라이 / 미들타워 / 어항형 / LED쿨러 / 용도: 게임용,"32GB, M.2 1TB",2285000
44,STCOM STAI-V119 Win11Home,9800X3D / RTX 5070 / (AMD) B650 / 윈도우11 / 850W / AMD / 라이젠 9000시리즈 / 라이젠7 / 그래니트 릿지 / DDR5 / 32GB / M.2 / 1TB / NVIDIA / 1Gbps 유선 / HDMI / DP포트 / 파워서플라이 / 미들타워 / 용도: 게임용,"32GB, M.2 1TB",3415960
45,HP 오멘 45L GT22-3003KR Win11Pro,285K / RTX 5090 / (인텔) Z890 / 윈도우11 프로 / 1200W / 인텔 / 코어울트라 시리즈2 / 코어 울트라9 / 애로우레이크 / 인텔 AI Boost / 13TOPS / DDR5 / 128GB / HDD:20TB / M.2 / 10TB / NVIDIA / 그래픽 메모리: 32GB / 1Gbps 유선 / 802.11ax(Wi-Fi 6E) 무선 / 블루투스 / HDMI / DP포트 / USB3.x 10Gbps / USB3.x 5Gbps / USB C타입 10Gbps / 파워서플라이 / 미들타워 / 수랭쿨러 / LED쿨러 / 22.6kg / 용도: 게임용,"128GB, M.2 10TB + HDD 20TB",19990000
46,HP 프로데스크 2 Tower G1a C27DAR5 Win11Pro,8500G / 740M / (AMD) PRO 665 / 윈도우11 프로 / 400W / AMD / 라이젠 8000시리즈 / 라이젠5 / 피닉스 / DDR5 / 8GB / M.2 / 1TB / NVIDIA / 802.11ax(Wi-Fi 6) 무선 / 블루투스 / HDMI / DP포트 / USB3.x 10Gbps / USB3.x 5Gbps / USB C타입 5Gbps / 파워서플라이 / 미들타워 / 6.1kg / 용도: 게임용 / 구성변경상품,"8GB, M.2 1TB",1001970
47,엔피씨코리아 NEXPC 게이밍프로 W148,i7-14700F / RTX 5060 Ti / (인텔) H610 / OS미포함 / 800W / 인텔 / 코어 14세대 / 코어i7 / 랩터레이크-R / DDR4 / 32GB / M.2 / 1TB / NVIDIA / 그래픽 메모리: 16GB / 파워서플라이 / 미들타워 / 어항형 / 용도: 게임용,"32GB, M.2 1TB",2297620
48,리메이드컴퓨터 S988,9800X3D / RTX 5080 / (AMD) B650 / OS미포함 / 900W / AMD / 라이젠 9000시리즈 / 라이젠7 / 그래니트 릿지 / DDR5 / 16GB / M.2 / 1TB / NVIDIA / 그래픽 메모리: 16GB / 1Gbps 유선 / 파워서플라이 / 미들타워 / 용도: 게임용,"16GB, M.2 1TB",3963120
49,삼성전자 데스크탑 Tower DM500THA-U7ABT RTX5060 Win11,265 / RTX 5060 / (인텔) B860 / 윈도우11 / 500W / 인텔 / 코어울트라 시리즈2 / 코어 울트라7 / 애로우레이크 / 인텔 AI Boost / 13TOPS / DDR5 / 16GB / M.2 / 1TB / NVIDIA / 그래픽 메모리: 8GB / 1Gbps 유선 / 802.11ax(Wi-Fi 6) 무선 / 블루투스 / HDMI / D-SUB / USB3.x 10Gbps / USB C타입 5Gbps / 파워서플라이 / 미들타워 / 6.66kg / 용도: 게임용 / 구성변경상품,"16GB, M.2 1TB",2715000
50,엔피씨코리아 NEXPC 게이밍프로 Q206,250KF Plus / RTX 5080 / (인텔) B860 / OS미포함 / 1300W / 인텔 / 코어울트라 시리즈2 / 코어 울트라5 / 애로우레이크 / 인텔 AI Boost / 13TOPS / DDR5 / 16GB / M.2 / 1TB / NVIDIA / 그래픽 메모리: 16GB / 파워서플라이 / 미들타워 / 어항형 / 용도: 게임용,"16GB, M.2 1TB",3579950
51,HP 오멘 16L TG03-0017KL Win11Pro,265F / RX 9060 XT / (인텔) B860 / 윈도우11 프로 / 500W / 인텔 / 코어울트라 시리즈2 / 코어 울트라7 / 애로우레이크 / 인텔 AI Boost / 13TOPS / DDR5 / 16GB / M.2 / 1TB / AMD / 그래픽 메모리: 16GB / 2.5Gbps 유선 / 802.11ax(Wi-Fi 6E) 무선 / 블루투스 / HDMI / DP포트 / USB3.x 10Gbps / USB3.x 5Gbps / USB C타입 10Gbps / USB C타입 5Gbps / 파워서플라이 / 미니타워 / 용도: 게임용 / 구성변경상품,"16GB, M.2 1TB",2598990
52,MSI MAG CODEX Z2 A9NVP MA09 R5-9600X RTX 5070 게이밍 Win11Home,9600X / RTX 5070 / (AMD) B850 / 윈도우11 / 750W / AMD / 라이젠 9000시리즈 / 라이젠5 / 그래니트 릿지 / DDR5 / 16GB / M.2 / 1TB / NVIDIA / 그래픽 메모리: 12GB / 5Gbps 유선 / HDMI / DP포트 / USB3.x 10Gbps / USB3.x 5Gbps / USB C타입 10Gbps / 파워서플라이 / 미들타워 / LED쿨러 / 용도: 게임용,"16GB, M.2 1TB",2799680
53,MSI MAG Codex Z2 B7NVL A17,7500F / RTX 5060 / (AMD) B650 / OS미포함 / 600W / AMD / 라이젠 7000시리즈 / 라이젠5 / 라파엘 / DDR5 / 16GB / M.2 / 1TB / NVIDIA / 그래픽 메모리: 8GB / 2.5Gbps 유선 / HDMI / DP포트 / USB3.x 10Gbps / USB3.x 5Gbps / 파워서플라이 / 미들타워 / LED쿨러 / 용도: 게임용,"16GB, M.2 1TB",1625850
54,MSI MAG Codex Z2 B7NVL A17 Win11Home,7500F / RTX 5060 / (AMD) B650 / 윈도우11 / 600W / AMD / 라이젠 7000시리즈 / 라이젠5 / 라파엘 / DDR5 / 16GB / M.2 / 1TB / NVIDIA / 그래픽 메모리: 8GB / 2.5Gbps 유선 / HDMI / DP포트 / USB3.x 10Gbps / USB3.x 5Gbps / 파워서플라이 / 미들타워 / LED쿨러 / 용도: 게임용,"16GB, M.2 1TB",1796810
55,STCOM 데스크프로 PC A75N56Ti 7500F 5060 Ti,7500F / RTX 5060 Ti / (AMD) A620 / OS미포함 / 700W / AMD / 라이젠 7000시리즈 / 라이젠5 / 라파엘 / DDR5 / 16GB / M.2 / 512GB / NVIDIA / 그래픽 메모리: 8GB / 1Gbps 유선 / HDMI / DP포트 / 파워서플라이 / 미들타워 / 용도: 게임용,"16GB, M.2 512GB",1543790
56,MSI MAG Codex Z2 B7NVL A17 Win11Pro,7500F / RTX 5060 / (AMD) B650 / 윈도우11 프로 / 600W / AMD / 라이젠 7000시리즈 / 라이젠5 / 라파엘 / DDR5 / 16GB / M.2 / 1TB / NVIDIA / 그래픽 메모리: 8GB / 2.5Gbps 유선 / HDMI / DP포트 / USB3.x 10Gbps / USB3.x 5Gbps / 파워서플라이 / 미들타워 / LED쿨러 / 용도: 게임용,"16GB, M.2 1TB",1788010
57,STCOM STAI-V105 Win11Home,5600 / RTX 5060 Ti / (AMD) A520 / 윈도우11 / 700W / AMD / 라이젠 5000시리즈 / 라이젠5 / 버미어 / DDR4 / 32GB / M.2 / 1TB / NVIDIA / 1Gbps 유선 / HDMI / DP포트 / 파워서플라이 / 미들타워 / 용도: 게임용,"32GB, M.2 1TB",1866840
58,타무즈 게이밍PC TZ30ES6GCAA,7500F / RTX 5060 Ti / (AMD) B650 / OS미포함 / 700W / AMD / 라이젠 7000시리즈 / 라이젠5 / 라파엘 / DDR5 / 16GB / M.2 / 1TB / NVIDIA / 그래픽 메모리: 8GB / 1Gbps 유선 / HDMI / DP포트 / USB3.x 5Gbps / 파워서플라이 / 미들타워 / 용도: 게임용,"16GB, M.2 1TB",1608770
59,타무즈 게이밍PC TZ33ES6GCAA,7500F / RTX 5060 Ti / (AMD) B650 / OS미포함 / 700W / AMD / 라이젠 7000시리즈 / 라이젠5 / 라파엘 / DDR5 / 16GB / M.2 / 1TB / NVIDIA / 그래픽 메모리: 8GB / 1Gbps 유선 / HDMI / DP포트 / USB3.x 5Gbps / 파워서플라이 / 미들타워 / 어항형 / 용도: 게임용,"16GB, M.2 1TB",1604770
60,STCOM STAI-V106,7500F / RTX 5060 Ti / (AMD) A620 / OS미포함 / 700W / AMD / 라이젠 7000시리즈 / 라이젠5 / 라파엘 / DDR5 / 16GB / M.2 / 512GB / NVIDIA / 1Gbps 유선 / HDMI / DP포트 / 파워서플라이 / 미들타워 / 용도: 게임용,"16GB, M.2 512GB",1550990
61,타무즈 게이밍PC TZ330S6GCAA,7500F / RTX 5060 Ti / (AMD) B650 / OS미포함 / 700W / AMD / 라이젠 7000시리즈 / 라이젠5 / 라파엘 / DDR5 / 16GB / M.2 / 512GB / NVIDIA / 그래픽 메모리: 8GB / 1Gbps 유선 / HDMI / DP포트 / USB3.x 5Gbps / 파워서플라이 / 미들타워 / 어항형 / 용도: 게임용,"16GB, M.2 512GB",1610230
62,STCOM STAI-V199,5600 / RTX 5050 / (AMD) A520 / OS미포함 / 600W / AMD / 라이젠 5000시리즈 / 라이젠5 / 버미어 / DDR4 / 16GB / M.2 / 512GB / NVIDIA / 그래픽 메모리: 8GB / 파워서플라이 / 용도: 게임용,"16GB, M.2 512GB",1193800
63,포유컴퓨터 퍼포먼스PC 30 R7 7800X3D RTX5070,7800X3D / RTX 5070 / (AMD) B850 / OS미포함 / 800W / AMD / 라이젠 7000시리즈 / 라이젠7 / 라파엘 / DDR5 / 16GB / M.2 / 1TB / NVIDIA / 1Gbps 유선 / HDMI / DP포트 / 파워서플라이 / 미들타워 / LED쿨러 / 용도: 게임용 / 구성변경상품,"16GB, M.2 1TB",2588160
64,다나와표준PC 전문가용 260227,285K / RTX 5070 Ti / (인텔) B860 / OS미포함 / 1000W / 인텔 / 코어울트라 시리즈2 / 코어 울트라9 / 애로우레이크 / 인텔 AI Boost / 13TOPS / DDR5 / 32GB / HDD:4TB / M.2 / 1TB / NVIDIA / 그래픽 메모리: 16GB / 1Gbps 유선 / HDMI / DP포트 / 파워서플라이 / 미들타워 / 어항형 / 수랭쿨러 / LED쿨러 / 용도: 게임용,"32GB, M.2 1TB + HDD 4TB",5563470
65,서린씨앤아이 서린컴퓨터 SRC0044,9800X3D / RX 9070 XT / (AMD) B850 / OS미포함 / 850W / AMD / 라이젠 9000시리즈 / 라이젠7 / 그래니트 릿지 / DDR5 / 32GB / M.2 / 1TB / AMD / 1Gbps 유선 / HDMI / DP포트 / 파워서플라이 / 미들타워 / 어항형 / LED쿨러 / 용도: 게임용,"32GB, M.2 1TB",3383060
66,STCOM STCP-W01,9800X3D / RX 9070 XT / (AMD) B850 / OS미포함 / 850W / AMD / 라이젠 9000시리즈 / 라이젠7 / 그래니트 릿지 / DDR5 / 32GB / M.2 / 2TB / AMD / 1Gbps 유선 / 802.11be(Wi-Fi 7) 무선 / 블루투스 / HDMI / DP포트 / 파워서플라이 / 미들타워 / 수랭쿨러 / 용도: 게임용,"32GB, M.2 2TB",3513000
67,MSI MAG Codex Z2 A5NVL A01 R5-5600 RTX 5060 게이밍,5600 / RTX 5060 / (AMD) A520 / OS미포함 / 600W / AMD / 라이젠 5000시리즈 / 라이젠5 / 버미어 / DDR4 / 16GB / M.2 / 500GB / NVIDIA / 그래픽 메모리: 8GB / 1Gbps 유선 / HDMI / DP포트 / USB3.x 5Gbps / 파워서플라이 / 미들타워 / LED쿨러 / 용도: 게임용,"16GB, M.2 500GB",1399000
68,STCOM AI 스펙트럼 PC I25N57HD8T 250K RTX5070,250K Plus / RTX 5070 / (인텔) B860 / OS미포함 / 850W / 인텔 / 코어울트라 시리즈2 / 코어 울트라5 / 애로우레이크 / 인텔 AI Boost / 13TOPS / DDR5 / 32GB / HDD:8TB / M.2 / 1TB / NVIDIA / 그래픽 메모리: 12GB / 2.5Gbps 유선 / HDMI / DP포트 / 파워서플라이 / 미들타워 / LED쿨러 / 용도: 게임용,"32GB, M.2 1TB + HDD 8TB",3278240
69,다나와표준PC 게임용 230514,7600 / RTX 3060 / (AMD) A620 / OS미포함 / 800W / AMD / 라이젠 7000시리즈 / 라이젠5 / 라파엘 / DDR5 / 32GB / M.2 / 512GB / NVIDIA / 그래픽 메모리: 12GB / 1Gbps 유선 / HDMI / DP포트 / 파워서플라이 / 미들타워 / 용도: 게임용,"32GB, M.2 512GB",1277800
70,영웅컴퓨터 영웅 울트라게이밍 플러스 P003 265KF RTX5070,265KF / RTX 5070 / (인텔) B860 / OS미포함 / 800W / 인텔 / 코어울트라 시리즈2 / 코어 울트라7 / 애로우레이크 / 인텔 AI Boost / 13TOPS / DDR5 / 32GB / M.2 / 1TB / NVIDIA / 그래픽 메모리: 12GB / 1Gbps 유선 / HDMI / DP포트 / 파워서플라이 / 미들타워 / 어항형 / 수랭쿨러 / LED쿨러 / 용도: 게임용,"32GB, M.2 1TB",2979680
71,영웅컴퓨터 영웅 게이밍울트라 7856T R7 7800X3D RTX5060Ti,7800X3D / RTX 5060 Ti / (AMD) A620 / OS미포함 / 750W / AMD / 라이젠 7000시리즈 / 라이젠7 / 라파엘 / DDR5 / 32GB / M.2 / 1TB / NVIDIA / 그래픽 메모리: 8GB / 1Gbps 유선 / HDMI / DP포트 / 파워서플라이 / 미들타워 / 어항형 / LED쿨러 / 용도: 게임용,"32GB, M.2 1TB",2179670
72,타무즈 스트라이커 TZ300N1FBAA,i5-14400F / RTX 5060 / (인텔) H610 / OS미포함 / 600W / 인텔 / 코어 14세대 / 코어i5 / 랩터레이크-R / DDR4 / 16GB / M.2 / 512GB / NVIDIA / 1Gbps 유선 / HDMI / DP포트 / 파워서플라이 / 미들타워 / 용도: 게임용,"16GB, M.2 512GB",1348330
73,제이씨현 제플PC 게이밍 익스프레션 G22,7800X3D / RX 9070 XT / (AMD) B850 / OS미포함 / 850W / AMD / 라이젠 7000시리즈 / 라이젠7 / 라파엘 / DDR5 / 32GB / M.2 / 1TB / AMD / 그래픽 메모리: 16GB / 1Gbps 유선 / HDMI / DP포트 / 파워서플라이 / 미들타워 / 어항형 / LED쿨러 / 용도: 게임용,"32GB, M.2 1TB",2820000
74,영웅컴퓨터 영웅 울트라게이밍 007 R7 7800X3D RTX5070Ti,7800X3D / RTX 5070 Ti / (AMD) B650 / OS미포함 / 800W / AMD / 라이젠 7000시리즈 / 라이젠7 / 라파엘 / DDR5 / 32GB / M.2 / 1TB / NVIDIA / 그래픽 메모리: 16GB / 1Gbps 유선 / HDMI / DP포트 / 파워서플라이 / 미들타워 / 어항형 / LED쿨러 / 용도: 게임용,"32GB, M.2 1TB",3669600
75,포유컴퓨터 퍼포먼스PC 49 R5 5600 RTX3050,5600 / RTX 3050 / (AMD) A520 / OS미포함 / 600W / AMD / 라이젠 5000시리즈 / 라이젠5 / 버미어 / DDR4 / 16GB / M.2 / 500GB / NVIDIA / 1Gbps 유선 / HDMI / DP포트 / 파워서플라이 / 미들타워 / LED쿨러 / 용도: 게임용,"16GB, M.2 500GB",945600
76,다나와표준PC 전문가용 251028,9950X3D / RTX 5080 / (AMD) X870E / OS미포함 / 1200W / AMD / 라이젠 9000시리즈 / 라이젠9 / 그래니트 릿지 / DDR5 / 32GB / HDD:4TB / M.2 / 1TB / NVIDIA / 그래픽 메모리: 16GB / 1Gbps 유선 / 802.11ax(Wi-Fi 6) 무선 / 블루투스 / HDMI / DP포트 / 파워서플라이 / 미들타워 / 어항형 / 수랭쿨러 / LED쿨러 / 용도: 게임용,"32GB, M.2 1TB + HDD 4TB",7600000
77,다나와표준PC 게임용 220611,i3-12100F / GTX 1660 SUPER / (인텔) H610 / OS미포함 / 500W / 인텔 / 코어 12세대 / 코어i3 / 엘더레이크 / DDR4 / 16GB / SSD / 250GB / NVIDIA / 그래픽 메모리: 6GB / 1Gbps 유선 / HDMI / DP포트 / DVI / USB3.x 5Gbps / 파워서플라이 / 미들타워 / 용도: 게임용,"16GB, SSD 250GB",800940
78,STCOM STAI-V212 Win11Home,250KF Plus / RTX 5060 Ti / (인텔) B860 / 윈도우11 / 700W / 인텔 / 코어울트라 시리즈2 / 코어 울트라5 / 애로우레이크 / 인텔 AI Boost / 13TOPS / DDR5 / 32GB / M.2 / 1TB / NVIDIA / 그래픽 메모리: 8GB / 1Gbps 유선 / HDMI / DP포트 / 파워서플라이 / 미들타워 / 용도: 게임용,"32GB, M.2 1TB",2431780
79,다나와표준PC 게임용 240809,5600 / GTX 1650 / (AMD) B550 / OS미포함 / 600W / AMD / 라이젠 5000시리즈 / 라이젠5 / 버미어 / DDR4 / 16GB / M.2 / 500GB / NVIDIA / 그래픽 메모리: 4GB / 1Gbps 유선 / HDMI / DP포트 / DVI / 파워서플라이 / 미들타워 / 용도: 게임용,"16GB, M.2 500GB",1223250
80,STCOM STAI-V136 Win11Home,i5-14400F / RTX 5060 Ti / (인텔) H610 / 윈도우11 / 700W / 인텔 / 코어 14세대 / 코어i5 / 랩터레이크-R / DDR4 / 32GB / M.2 / 1TB / NVIDIA / 그래픽 메모리: 8GB / 1Gbps 유선 / HDMI / DP포트 / 파워서플라이 / 미들타워 / 용도: 게임용,"32GB, M.2 1TB",1971180
81,영웅컴퓨터 울트라게이밍 U7280,270K Plus / RTX 5080 / (인텔) B860 / OS미포함 / 850W / 인텔 / 코어울트라 시리즈2 / 코어 울트라7 / 애로우레이크 / 인텔 AI Boost / 13TOPS / DDR5 / 32GB / M.2 / 1TB / NVIDIA / 그래픽 메모리: 16GB / 2.5Gbps 유선 / HDMI / DP포트 / USB3.x 10Gbps / USB3.x 5Gbps / USB C타입 40Gbps / 파워서플라이 / 미들타워 / 어항형 / 용도: 게임용,"32GB, M.2 1TB",4579600
82,다나와표준PC 전문가용 251228,9950X3D / RTX 5070 / (AMD) X870 / OS미포함 / 1200W / AMD / 라이젠 9000시리즈 / 라이젠9 / 그래니트 릿지 / DDR5 / 16GB / HDD:2TB / M.2 / 1TB / NVIDIA / 그래픽 메모리: 12GB / 1Gbps 유선 / HDMI / DP포트 / 파워서플라이 / 미들타워 / 어항형 / 수랭쿨러 / LED쿨러 / 용도: 게임용,"16GB, M.2 1TB + HDD 2TB",4390000
83,영웅컴퓨터 영웅 울트라게이밍 010,7500F / RTX 5070 Ti / (AMD) B650 / OS미포함 / 800W / AMD / 라이젠 7000시리즈 / 라이젠5 / 라파엘 / DDR5 / 32GB / M.2 / 1TB / NVIDIA / 그래픽 메모리: 16GB / 1Gbps 유선 / HDMI / DP포트 / 파워서플라이 / 미들타워 / 어항형 / 수랭쿨러 / LED쿨러 / 용도: 게임용,"32GB, M.2 1TB",3409640
84,영웅컴퓨터 영웅 게이밍울트라 7557 R5 7500F RTX5070,7500F / RTX 5070 / (AMD) A620 / OS미포함 / 750W / AMD / 라이젠 7000시리즈 / 라이젠5 / 라파엘 / DDR5 / 32GB / M.2 / 1TB / NVIDIA / 그래픽 메모리: 12GB / 1Gbps 유선 / HDMI / DP포트 / 파워서플라이 / 미들타워 / 어항형 / LED쿨러 / 용도: 게임용,"32GB, M.2 1TB",2589660
85,STCOM STAI-V138,5600 / RTX 5060 / (AMD) A520 / OS미포함 / 600W / AMD / 라이젠 5000시리즈 / 라이젠5 / 버미어 / DDR4 / 16GB / M.2 / 512GB / NVIDIA / 그래픽 메모리: 8GB / 1Gbps 유선 / HDMI / DP포트 / 파워서플라이 / 미들타워 / 용도: 게임용,"16GB, M.2 512GB",1237030
86,포유컴퓨터 퍼포먼스PC 34 i5 14400F RTX5060Ti,i5-14400F / RTX 5060 Ti / (인텔) H610 / OS미포함 / 600W / 인텔 / 코어 14세대 / 코어i5 / 랩터레이크-R / DDR4 / 16GB / M.2 / 1TB / NVIDIA / 1Gbps 유선 / HDMI / DP포트 / 파워서플라이 / 미들타워 / LED쿨러 / 용도: 게임용,"16GB, M.2 1TB",1611840
87,타무즈 게이밍PC TZ330T6HBAA,7800X3D / RTX 5060 / (AMD) B650 / OS미포함 / 800W / AMD / 라이젠 7000시리즈 / 라이젠7 / 라파엘 / DDR5 / 16GB / M.2 / 1TB / NVIDIA / 그래픽 메모리: 8GB / 1Gbps 유선 / HDMI / DP포트 / USB3.x 5Gbps / 파워서플라이 / 미들타워 / 어항형 / 용도: 게임용,"16GB, M.2 1TB",1839100
88,다나와표준PC 게임용 230615,i5-13400F / RTX 4060 Ti / (인텔) B760 / OS미포함 / 700W / 인텔 / 코어 13세대 / 코어i5 / 엘더레이크 / DDR5 / 16GB / SSD / 256GB / NVIDIA / 그래픽 메모리: 8GB / 1Gbps 유선 / HDMI / DP포트 / 파워서플라이 / 미들타워 / 용도: 게임용,"16GB, SSD 256GB",1340660
89,MSI MAG Codex R2 A5NVM I12 U5-225F RTX 5060 Ti 게이밍,225F / RTX 5060 Ti / (인텔) H810 / OS미포함 / 600W / 인텔 / 코어울트라 시리즈2 / 코어 울트라5 / 애로우레이크 / 인텔 AI Boost / 13TOPS / DDR5 / 16GB / M.2 / 1TB / NVIDIA / 그래픽 메모리: 8GB / 2.5Gbps 유선 / HDMI / DP포트 / USB3.x 5Gbps / 파워서플라이 / 미들타워 / LED쿨러 / 용도: 게임용 / 구성변경상품,"16GB, M.2 1TB",1759000
90,다나와표준PC 게임용 260114,9600X / RX 9060 / (AMD) B650 / OS미포함 / 850W / AMD / 라이젠 9000시리즈 / 라이젠5 / 그래니트 릿지 / DDR5 / 16GB / M.2 / 1TB / AMD / 그래픽 메모리: 8GB / 1Gbps 유선 / HDMI / DP포트 / 파워서플라이 / 미들타워 / 어항형 / 용도: 게임용,"16GB, M.2 1TB",1926870
91,다나와표준PC DPG 게임용 260222,7800X3D / RTX 5060 Ti / (AMD) B850 / OS미포함 / 750W / AMD / 라이젠 7000시리즈 / 라이젠7 / 라파엘 / DDR5 / 16GB / M.2 / 1TB / NVIDIA / 그래픽 메모리: 8GB / 1Gbps 유선 / HDMI / DP포트 / 파워서플라이 / 미들타워 / 어항형 / 수랭쿨러 / LED쿨러 / 용도: 게임용,"16GB, M.2 1TB",2638890
92,STCOM STAI-V99 Win11Home,i5-14400F / RTX 5060 Ti / (인텔) B760 / 윈도우11 / 700W / 인텔 / 코어 14세대 / 코어i5 / 랩터레이크-R / DDR5 / 32GB / M.2 / 1TB / NVIDIA / 1Gbps 유선 / HDMI / DP포트 / 파워서플라이 / 미들타워 / 용도: 게임용,"32GB, M.2 1TB",2200540
93,영웅컴퓨터 영웅 울트라게이밍 9700XS,9700X / RTX 5080 / (AMD) B650 / OS미포함 / 900W / AMD / 라이젠 9000시리즈 / 라이젠7 / 그래니트 릿지 / DDR5 / 32GB / M.2 / 1TB / NVIDIA / 그래픽 메모리: 16GB / 1Gbps 유선 / HDMI / DP포트 / 파워서플라이 / 미들타워 / 어항형 / 수랭쿨러 / LED쿨러 / 용도: 게임용,"32GB, M.2 1TB",4329600
94,포유컴퓨터 퍼포먼스PC 46 R5 7400F RTX5060,7400F / RTX 5060 / (AMD) B650 / OS미포함 / 600W / AMD / 라이젠 7000시리즈 / 라이젠5 / 라파엘 / DDR5 / 16GB / M.2 / 1TB / NVIDIA / 그래픽 메모리: 8GB / 1Gbps 유선 / HDMI / DP포트 / 파워서플라이 / 미들타워 / 어항형 / LED쿨러 / 용도: 게임용,"16GB, M.2 1TB",1611840
95,타무즈 게이밍PC THN80U7HEAA,9800X3D / RTX 5070 Ti / (AMD) B850 / OS미포함 / 800W / AMD / 라이젠 9000시리즈 / 라이젠7 / 그래니트 릿지 / DDR5 / 16GB / M.2 / 512GB / NVIDIA / 그래픽 메모리: 16GB / 1Gbps 유선 / HDMI / DP포트 / USB3.x 5Gbps / USB C타입 5Gbps / 파워서플라이 / 어항형 / 용도: 게임용,"16GB, M.2 512GB",3401640
96,MSI MAG CODEX R2 B5NVM I13 U5-250KF PLUS RTX™ 5060 Ti 게이밍,250KF Plus / RTX 5060 Ti / (인텔) B860 / OS미포함 / 650W / 인텔 / 코어울트라 시리즈2 / 코어 울트라5 / 애로우레이크 / 인텔 AI Boost / 13TOPS / DDR5 / 16GB / M.2 / 1TB / NVIDIA / 그래픽 메모리: 8GB / 7.1채널 / 5Gbps 유선 / 802.11ax(Wi-Fi 6E) 무선 / 블루투스 / HDMI / DP포트 / USB3.x 10Gbps / USB3.x 5Gbps / USB C타입 5Gbps / 파워서플라이 / 미들타워 / 용도: 게임용 / Mystic Light,"16GB, M.2 512GB",1913740
97,STCOM STAI-V140,7500F / RTX 5060 / (AMD) A620 / OS미포함 / 600W / AMD / 라이젠 7000시리즈 / 라이젠5 / 라파엘 / DDR5 / 16GB / M.2 / 512GB / NVIDIA / 그래픽 메모리: 8GB / 1Gbps 유선 / HDMI / DP포트 / 파워서플라이 / 미들타워 / 용도: 게임용,"16GB, M.2 512GB",1425970
98,영웅컴퓨터 영웅 게이밍울트라 9656T,9600X / RTX 5060 Ti / (AMD) A620 / OS미포함 / 750W / AMD / 라이젠 9000시리즈 / 라이젠5 / 그래니트 릿지 / DDR5 / 32GB / M.2 / 1TB / NVIDIA / 그래픽 메모리: 8GB / 1Gbps 유선 / HDMI / DP포트 / 파워서플라이 / 미들타워 / 어항형 / LED쿨러 / 용도: 게임용,"32GB, M.2 1TB",2059640
99,영웅컴퓨터 울트라게이밍 U7271 270K RTX5060Ti,270K Plus / RTX 5060 Ti / (인텔) B860 / OS미포함 / 800W / 인텔 / 코어울트라 시리즈2 / 코어 울트라7 / 애로우레이크 / 인텔 AI Boost / 13TOPS / DDR5 / 32GB / M.2 / 1TB / NVIDIA / 그래픽 메모리: 8GB / 1Gbps 유선 / HDMI / DP포트 / USB3.x 10Gbps / USB3.x 5Gbps / USB C타입 40Gbps / 파워서플라이 / 미들타워 / 어항형 / 용도: 게임용,"32GB, M.2 1TB",2559650
100,STCOM STAI-V19,5600 / RX 580 / (AMD) A520 / OS미포함 / 600W / AMD / 라이젠 5000시리즈 / 라이젠5 / 버미어 / DDR4 / 16GB / M.2 / 512GB / AMD / 1Gbps 유선 / 파워서플라이 / 미들타워 / 용도: 게임용,"16GB, M.2 512GB",870130
101,포유컴퓨터 퍼포먼스PC 55 i5 14400F RTX5060Ti,i5-14400F / RTX 5060 Ti / (인텔) H610 / OS미포함 / 700W / 인텔 / 코어 14세대 / 코어i5 / 랩터레이크-R / DDR5 / 16GB / M.2 / 500GB / NVIDIA / 1Gbps 유선 / HDMI / DP포트 / 파워서플라이 / 미들타워 / LED쿨러 / 용도: 게임용,"16GB, M.2 500GB",1559040
102,영웅컴퓨터 영웅 RL3461F i5-13400F RTX5060Ti,i5-13400F / RTX 5060 Ti / (인텔) H610 / OS미포함 / 600W / 인텔 / 코어 13세대 / 코어i5 / 랩터레이크 / DDR5 / 16GB / M.2 / 512GB / NVIDIA / 그래픽 메모리: 8GB / 1Gbps 유선 / HDMI / DP포트 / 파워서플라이 / 미들타워 / 용도: 게임용,"16GB, M.2 512GB",1539640
103,영웅컴퓨터 영웅 게이밍프로 5646M R5 5600 RTX5050,5600 / RTX 5050 / (AMD) A520 / OS미포함 / 600W / AMD / 라이젠 5000시리즈 / 라이젠5 / 버미어 / DDR4 / 16GB / M.2 / 512GB / NVIDIA / 그래픽 메모리: 8GB / 1Gbps 유선 / HDMI / DP포트 / 파워서플라이 / 미들타워 / 어항형 / LED쿨러 / 용도: 게임용,"16GB, M.2 512GB",1149630
104,다나와표준PC DPG 게임용 260122,9800X3D / RTX 5060 Ti / (AMD) B850 / OS미포함 / 750W / AMD / 라이젠 9000시리즈 / 라이젠7 / 그래니트 릿지 / DDR5 / 16GB / M.2 / 1TB / NVIDIA / 그래픽 메모리: 16GB / 1Gbps 유선 / HDMI / DP포트 / 파워서플라이 / 미들타워 / 수랭쿨러 / LED쿨러 / 용도: 게임용,"16GB, M.2 1TB",3346680
105,영웅컴퓨터 영웅 게이밍울트라 7546 R5 7500F RTX5060,7500F / RTX 5060 / (AMD) A620 / OS미포함 / 600W / AMD / 라이젠 7000시리즈 / 라이젠5 / 라파엘 / DDR5 / 16GB / M.2 / 512GB / NVIDIA / 그래픽 메모리: 8GB / 1Gbps 유선 / HDMI / DP포트 / 파워서플라이 / 미들타워 / LED쿨러 / 용도: 게임용,"16GB, M.2 512GB",1429640
106,영웅컴퓨터 영웅 H게이밍 4756T I7-14700F RTX5060Ti,i7-14700F / RTX 5060 Ti / (인텔) B760 / OS미포함 / 750W / 인텔 / 코어 14세대 / 코어i7 / 랩터레이크-R / DDR5 / 32GB / M.2 / 1TB / NVIDIA / 그래픽 메모리: 8GB / 1Gbps 유선 / HDMI / DP포트 / 파워서플라이 / 미들타워 / 어항형 / LED쿨러 / 용도: 게임용,"32GB, M.2 1TB",2339650
107,STCOM STCP-i9,9800X3D / RX 9070 XT / (AMD) B650E / OS미포함 / 850W / AMD / 라이젠 9000시리즈 / 라이젠7 / 그래니트 릿지 / DDR5 / 32GB / M.2 / 1TB / AMD / 그래픽 메모리: 16GB / 1Gbps 유선 / HDMI / DP포트 / 파워서플라이 / 미들타워 / 어항형 / LED쿨러 / 용도: 게임용,"32GB, M.2 1TB",3189000
108,다나와표준PC 게임용 250910,7500F / RX 9060 XT / (AMD) B650 / OS미포함 / 750W / AMD / 라이젠 7000시리즈 / 라이젠5 / 라파엘 / DDR5 / 16GB / M.2 / 1TB / AMD / 그래픽 메모리: 8GB / 1Gbps 유선 / HDMI / DP포트 / 파워서플라이 / 미들타워 / 어항형 / LED쿨러 / 용도: 게임용,"16GB, M.2 1TB",2050000
109,다나와표준PC 게임용 251019,7800X3D / RTX 5060 Ti / (AMD) B850 / OS미포함 / 850W / AMD / 라이젠 7000시리즈 / 라이젠7 / 라파엘 / DDR5 / 16GB / M.2 / 1TB / NVIDIA / 그래픽 메모리: 16GB / 1Gbps 유선 / HDMI / DP포트 / 파워서플라이 / 빅타워 / 어항형 / LED쿨러 / 용도: 게임용,"16GB, M.2 1TB",2710000
110,포유컴퓨터 퍼포먼스PC 32 U5 225F RTX5060Ti,225F / RTX 5060 Ti / (인텔) H810 / OS미포함 / 700W / 인텔 / 코어울트라 시리즈2 / 코어 울트라5 / 애로우레이크 / 인텔 AI Boost / 13TOPS / DDR5 / 16GB / M.2 / 500GB / NVIDIA / 1Gbps 유선 / HDMI / DP포트 / 파워서플라이 / 미들타워 / 용도: 게임용,"16GB, M.2 500GB",1622400
111,STCOM AI 스펙트럼 PC I27N57TiHD8T 270K RTX5070Ti,270K Plus / RTX 5070 Ti / (인텔) B860 / OS미포함 / 850W / 인텔 / 코어울트라 시리즈2 / 코어 울트라7 / 애로우레이크 / 인텔 AI Boost / 13TOPS / DDR5 / 32GB / HDD:8TB / M.2 / 2TB / NVIDIA / 그래픽 메모리: 16GB / 2.5Gbps 유선 / 802.11be(Wi-Fi 7) 무선 / 블루투스 / HDMI / DP포트 / 파워서플라이 / 미들타워 / 어항형 / 수랭쿨러 / LED쿨러 / 용도: 게임용,"32GB, M.2 2TB + HDD 8TB",4490880
112,STCOM STAI-V109 Win11Home,9600X / RTX 5060 Ti / (AMD) A620 / 윈도우11 / 700W / AMD / 라이젠 9000시리즈 / 라이젠5 / 그래니트 릿지 / DDR5 / 32GB / M.2 / 1TB / NVIDIA / 1Gbps 유선 / HDMI / DP포트 / 파워서플라이 / 미들타워 / 용도: 게임용,"32GB, M.2 1TB",2251300
113,영웅컴퓨터 울트라게이밍 U7270 270K RTX5070Ti,270K Plus / RTX 5070 Ti / (인텔) B860 / OS미포함 / 850W / 인텔 / 코어울트라 시리즈2 / 코어 울트라7 / 애로우레이크 / 인텔 AI Boost / 13TOPS / DDR5 / 32GB / M.2 / 1TB / NVIDIA / 그래픽 메모리: 16GB / 2.5Gbps 유선 / HDMI / DP포트 / USB3.x 10Gbps / USB3.x 5Gbps / USB C타입 40Gbps / 파워서플라이 / 미들타워 / 어항형 / 용도: 게임용,"32GB, M.2 1TB",3859680
114,다나와표준PC DPG 게임용 260223,9800X3D / RTX 5070 / (AMD) B850 / OS미포함 / 850W / AMD / 라이젠 9000시리즈 / 라이젠7 / 그래니트 릿지 / DDR5 / 16GB / M.2 / 1TB / NVIDIA / 그래픽 메모리: 12GB / 1Gbps 유선 / HDMI / DP포트 / 파워서플라이 / 미들타워 / 어항형 / 수랭쿨러 / LED쿨러 / 용도: 게임용,"16GB, M.2 1TB",3650000
115,다나와 게임용PC AMD R7-7800X3D RTX5070 S6103,7800X3D / RTX 5070 / (AMD) B650 / OS미포함 / 800W / AMD / 라이젠 7000시리즈 / 라이젠7 / 라파엘 / DDR5 / 16GB / M.2 / 500GB / NVIDIA / 그래픽 메모리: 12GB / 2.5Gbps 유선 / HDMI / DP포트 / USB3.x 10Gbps / USB3.x 5Gbps / USB C타입 10Gbps / 파워서플라이 / 미들타워 / 어항형 / 수랭쿨러 / LED쿨러 / 용도: 게임용,"16GB, M.2 500GB",3275000
116,다나와표준PC 전문가용 260127,285K / RTX 5070 / (인텔) B860 / OS미포함 / 1000W / 인텔 / 코어울트라 시리즈2 / 코어 울트라9 / 애로우레이크 / 인텔 AI Boost / 13TOPS / DDR5 / 32GB / HDD:4TB / M.2 / 1TB / NVIDIA / 그래픽 메모리: 12GB / 1Gbps 유선 / HDMI / DP포트 / 파워서플라이 / 미들타워 / 어항형 / 수랭쿨러 / LED쿨러 / 용도: 게임용,"32GB, M.2 1TB + HDD 4TB",4711290
117,다나와표준PC 전문가용 260228,9950X3D / RTX 5070 Ti / (AMD) X870E / OS미포함 / 1200W / AMD / 라이젠 9000시리즈 / 라이젠9 / 그래니트 릿지 / DDR5 / 16GB / HDD:4TB / M.2 / 1TB / NVIDIA / 그래픽 메모리: 16GB / 1Gbps 유선 / HDMI / DP포트 / 파워서플라이 / 미들타워 / 어항형 / 수랭쿨러 / LED쿨러 / 용도: 게임용,"16GB, M.2 1TB + HDD 4TB",5775000
118,STCOM 데스크프로 PC A56N56Ti 5600 5060 Ti,5600 / RTX 5060 Ti / (AMD) A520 / OS미포함 / 700W / AMD / 라이젠 5000시리즈 / 라이젠5 / 버미어 / DDR4 / 16GB / M.2 / 1TB / NVIDIA / 그래픽 메모리: 8GB / 1Gbps 유선 / HDMI / DP포트 / 파워서플라이 / 미들타워 / 용도: 게임용,"16GB, M.2 1TB",1505880
119,STCOM 데스크프로 PC A96N56Ti 9600X 5060 Ti,9600X / RTX 5060 Ti / (AMD) A620 / OS미포함 / 700W / AMD / 라이젠 9000시리즈 / 라이젠5 / 그래니트 릿지 / DDR5 / 16GB / M.2 / 512GB / NVIDIA / 그래픽 메모리: 8GB / 1Gbps 유선 / HDMI / DP포트 / 파워서플라이 / 미들타워 / 용도: 게임용,"16GB, M.2 512GB",1629350
120,영웅컴퓨터 영웅 게이밍ZE 006,i5-12400F / RTX 3050 / (인텔) H610 / OS미포함 / 600W / 인텔 / 코어 12세대 / 코어i5 / 엘더레이크 / DDR4 / 16GB / M.2 / 256GB / NVIDIA / 그래픽 메모리: 6GB / 1Gbps 유선 / HDMI / DP포트 / DVI / 파워서플라이 / 미들타워 / LED쿨러 / 용도: 게임용,"16GB, M.2 256GB",1079670
121,다나와표준PC 게임용 250509,5600 / RX 6600 / (AMD) B450 / OS미포함 / 700W / AMD / 라이젠 5000시리즈 / 라이젠5 / 버미어 / DDR4 / 16GB / SSD / 240GB / AMD / 그래픽 메모리: 8GB / 1Gbps 유선 / 파워서플라이 / 미들타워 / 어항형 / LED쿨러 / 용도: 게임용,"16GB, SSD 240GB",1228000
122,다나와표준PC 게임용 230816,i5-13400F / RTX 4060 / (인텔) B760 / OS미포함 / 850W / 인텔 / 코어 13세대 / 코어i5 / 엘더레이크 / DDR5 / 16GB / M.2 / 500GB / NVIDIA / 그래픽 메모리: 8GB / 1Gbps 유선 / HDMI / DP포트 / 파워서플라이 / 미들타워 / 용도: 게임용,"16GB, M.2 500GB",1333600
123,타무즈 게이밍 TZ310N1GCAA,i5-14400F / RTX 5060 Ti / (인텔) H610 / OS미포함 / 700W / 인텔 / 코어 14세대 / 코어i5 / 랩터레이크-R / DDR4 / 16GB / M.2 / 512GB / NVIDIA / 1Gbps 유선 / HDMI / DP포트 / USB3.x 5Gbps / 파워서플라이 / 미들타워 / 용도: 게임용,"16GB, M.2 512GB",1440000
124,다나와표준PC 게임용 251016,i5-14600KF / RTX 5060 / (인텔) B760 / OS미포함 / 750W / 인텔 / 코어 14세대 / 코어i5 / 랩터레이크-R / DDR5 / 16GB / M.2 / 500GB / NVIDIA / 그래픽 메모리: 8GB / 1Gbps 유선 / HDMI / DP포트 / 파워서플라이 / 미들타워 / 어항형 / LED쿨러 / 용도: 게임용,"16GB, M.2 500GB",1990000
125,다나와표준PC 게임용 260216,245K / RTX 3050 / (인텔) H810 / OS미포함 / 750W / 인텔 / 코어울트라 시리즈2 / 코어 울트라5 / 애로우레이크 / 인텔 AI Boost / 13TOPS / DDR5 / 16GB / M.2 / 1TB / NVIDIA / 그래픽 메모리: 6GB / 1Gbps 유선 / 파워서플라이 / 미들타워 / 어항형 / LED쿨러 / 용도: 게임용,"16GB, M.2 1TB",1950000
126,STCOM STAI-V147,i5-14400F / RTX 5060 / (인텔) B760 / OS미포함 / 600W / 인텔 / 코어 14세대 / 코어i5 / 랩터레이크-R / DDR5 / 16GB / M.2 / 512GB / NVIDIA / 그래픽 메모리: 8GB / 1Gbps 유선 / HDMI / DP포트 / 파워서플라이 / 미들타워 / 용도: 게임용,"16GB, M.2 512GB",1485190
127,영웅컴퓨터 울트라게이밍 U7277 270K RTX5070,270K Plus / RTX 5070 / (인텔) B860 / OS미포함 / 850W / 인텔 / 코어울트라 시리즈2 / 코어 울트라7 / 애로우레이크 / 인텔 AI Boost / 13TOPS / DDR5 / 32GB / M.2 / 1TB / NVIDIA / 그래픽 메모리: 12GB / 2.5Gbps 유선 / HDMI / DP포트 / USB3.x 10Gbps / USB3.x 5Gbps / USB C타입 40Gbps / 파워서플라이 / 미들타워 / 어항형 / 용도: 게임용,"32GB, M.2 1TB",3069610
128,STCOM STAI-V228,9600X / RTX 5060 Ti / (AMD) A620 / OS미포함 / 700W / AMD / 라이젠 9000시리즈 / 라이젠5 / 그래니트 릿지 / DDR5 / 32GB / M.2 / 2TB / NVIDIA / 그래픽 메모리: 8GB / 1Gbps 유선 / HDMI / DP포트 / 파워서플라이 / 미들타워 / 용도: 게임용,"32GB, M.2 2TB",2186430
129,다나와표준PC DPG 게임용 260124,9800X3D / RX 9070 XT / (AMD) B850 / OS미포함 / 850W / AMD / 라이젠 9000시리즈 / 라이젠7 / 그래니트 릿지 / DDR5 / 16GB / M.2 / 1TB / AMD / 그래픽 메모리: 16GB / 1Gbps 유선 / HDMI / DP포트 / 파워서플라이 / 미들타워 / 어항형 / 수랭쿨러 / LED쿨러 / 용도: 게임용,"16GB, M.2 1TB",3719200
130,다나와 게임용PC AMD R5-5600 RTX3050 S6105,5600 / RTX 3050 / (AMD) A520 / OS미포함 / 500W / AMD / 라이젠 5000시리즈 / 라이젠5 / 버미어 / DDR4 / 16GB / M.2 / 1TB / NVIDIA / 그래픽 메모리: 6GB / 1Gbps 유선 / HDMI / DP포트 / DVI / USB3.x 5Gbps / 파워서플라이 / 미들타워 / 어항형 / 용도: 게임용,"16GB, M.2 1TB",1570000
131,다나와표준PC 게임용 230811,i3-13100F / RX 6600 / (인텔) B660 / OS미포함 / 700W / 인텔 / 코어 13세대 / 코어i3 / 랩터레이크 / DDR4 / 16GB / SSD / 250GB / AMD / 그래픽 메모리: 8GB / 1Gbps 유선 / HDMI / DP포트 / 파워서플라이 / 미들타워 / 용도: 게임용,"16GB, SSD 250GB",858940
132,다나와표준PC DPG 게임용 260224,9800X3D / RTX 5070 Ti / (AMD) B850 / OS미포함 / 1050W / AMD / 라이젠 9000시리즈 / 라이젠7 / 그래니트 릿지 / DDR5 / 16GB / M.2 / 1TB / NVIDIA / 그래픽 메모리: 16GB / 1Gbps 유선 / HDMI / DP포트 / 파워서플라이 / 미들타워 / 수랭쿨러 / LED쿨러 / 용도: 게임용,"16GB, M.2 1TB",3926990
133,영웅컴퓨터 영웅 게이밍울트라 7556TX 7500X3D RTX5060Ti,7500X3D / RTX 5060 Ti / (AMD) A620 / OS미포함 / 750W / AMD / 라이젠 7000시리즈 / 라이젠5 / 라파엘 / DDR5 / 32GB / M.2 / 1TB / NVIDIA / 그래픽 메모리: 8GB / 1Gbps 유선 / HDMI / DP포트 / USB3.x 5Gbps / 파워서플라이 / 미들타워 / 어항형 / LED쿨러 / 용도: 게임용,"32GB, M.2 1TB",2129600
134,다나와표준PC 게임용 260118,7800X3D / RX 9070 / (AMD) B850 / OS미포함 / 750W / AMD / 라이젠 7000시리즈 / 라이젠7 / 라파엘 / DDR5 / 16GB / M.2 / 1TB / AMD / 그래픽 메모리: 16GB / 1Gbps 유선 / HDMI / DP포트 / 파워서플라이 / 빅타워 / 어항형 / LED쿨러 / 용도: 게임용,"16GB, M.2 1TB",2809180
135,영웅컴퓨터 영웅 게이밍울트라 7556X 7500X3D RTX5060,7500X3D / RTX 5060 / (AMD) A620 / OS미포함 / 750W / AMD / 라이젠 7000시리즈 / 라이젠5 / 라파엘 / DDR5 / 32GB / M.2 / 1TB / NVIDIA / 그래픽 메모리: 8GB / 1Gbps 유선 / HDMI / DP포트 / USB3.x 5Gbps / 파워서플라이 / 미들타워 / 어항형 / LED쿨러 / 용도: 게임용,"32GB, M.2 1TB",1969610
136,다나와표준PC 게임용 260212,i7-14700K / RTX 5060 / (인텔) B760 / OS미포함 / 800W / 인텔 / 코어 14세대 / 코어i7 / 랩터레이크-R / DDR5 / 16GB / M.2 / 1TB / NVIDIA / 그래픽 메모리: 8GB / 1Gbps 유선 / HDMI / DP포트 / 파워서플라이 / 미들타워 / LED쿨러 / 용도: 게임용,"16GB, M.2 1TB",2590000
137,STCOM STAI-V68,i5-14400F / GTX 1660 SUPER / (인텔) H610 / OS미포함 / 600W / 인텔 / 코어 14세대 / 코어i5 / 랩터레이크-R / DDR4 / 32GB / M.2 / 1TB / NVIDIA / 1Gbps 유선 / 파워서플라이 / 미들타워 / 용도: 게임용,"32GB, M.2 1TB",1423160
138,STCOM 데스크프로 PC A56N56 5600 5060,5600 / RTX 5060 / (AMD) A520 / OS미포함 / 700W / AMD / 라이젠 5000시리즈 / 라이젠5 / 버미어 / DDR4 / 16GB / M.2 / 512GB / NVIDIA / 그래픽 메모리: 8GB / 1Gbps 유선 / HDMI / DP포트 / 파워서플라이 / 미들타워 / 용도: 게임용,"16GB, M.2 512GB",1255490
139,영웅컴퓨터 영웅 게이밍울트라 9756T,9700X / RTX 5060 Ti / (AMD) A620 / OS미포함 / 750W / AMD / 라이젠 9000시리즈 / 라이젠7 / 그래니트 릿지 / DDR5 / 32GB / M.2 / 1TB / NVIDIA / 그래픽 메모리: 8GB / 1Gbps 유선 / HDMI / DP포트 / 파워서플라이 / 미들타워 / 어항형 / LED쿨러 / 용도: 게임용,"32GB, M.2 1TB",2219620
140,영웅컴퓨터 영웅 울트라게이밍 9700TS R7 9700X RTX5070Ti,9700X / RTX 5070 Ti / (AMD) B650 / OS미포함 / 800W / AMD / 라이젠 9000시리즈 / 라이젠7 / 그래니트 릿지 / DDR5 / 32GB / M.2 / 1TB / NVIDIA / 그래픽 메모리: 16GB / 1Gbps 유선 / HDMI / DP포트 / 파워서플라이 / 미들타워 / 어항형 / 수랭쿨러 / LED쿨러 / 용도: 게임용,"32GB, M.2 1TB",3629640
141,다나와표준PC 게임용 251109,5600 / RX 9060 / (AMD) A520 / OS미포함 / 500W / AMD / 라이젠 5000시리즈 / 라이젠5 / 버미어 / DDR4 / 32GB / M.2 / 1TB / AMD / 그래픽 메모리: 8GB / 1Gbps 유선 / HDMI / DP포트 / 파워서플라이 / 미들타워 / 어항형 / LED쿨러 / 용도: 게임용,"32GB, M.2 1TB",1839530
142,MSI MAG Codex R2 A5NVL I08 U5-225F RTX 5060 게이밍,225F / RTX 5060 / (인텔) H810 / OS미포함 / 600W / 인텔 / 코어울트라 시리즈2 / 코어 울트라5 / 애로우레이크 / 인텔 AI Boost / 13TOPS / DDR5 / 16GB / M.2 / 1TB / NVIDIA / 그래픽 메모리: 8GB / 2.5Gbps 유선 / HDMI / DP포트 / USB3.x 5Gbps / 파워서플라이 / 미들타워 / LED쿨러 / 용도: 게임용,"16GB, M.2 1TB",1666520
143,STCOM STAI-V174,i5-14400F / RX 9060 XT / (인텔) H610 / OS미포함 / 600W / 인텔 / 코어 14세대 / 코어i5 / 랩터레이크-R / DDR4 / 32GB / M.2 / 1TB / AMD / 그래픽 메모리: 16GB / 1Gbps 유선 / HDMI / DP포트 / 파워서플라이 / 미들타워 / 용도: 게임용,"32GB, M.2 1TB",1709860
144,영웅컴퓨터 영웅 게이밍울트라 9657,9600X / RTX 5070 / (AMD) B650 / OS미포함 / 800W / AMD / 라이젠 9000시리즈 / 라이젠5 / 그래니트 릿지 / DDR5 / 32GB / M.2 / 1TB / NVIDIA / 그래픽 메모리: 12GB / 1Gbps 유선 / HDMI / DP포트 / 파워서플라이 / 미들타워 / 어항형 / LED쿨러 / 용도: 게임용,"32GB, M.2 1TB",2679600
145,다나와표준PC 전문가용 250927,285K / RTX 5070 / (인텔) Z890 / OS미포함 / 1000W / 인텔 / 코어울트라 시리즈2 / 코어 울트라9 / 애로우레이크 / 인텔 AI Boost / 13TOPS / DDR5 / 32GB / HDD:4TB / M.2 / 1TB / NVIDIA / 그래픽 메모리: 12GB / 1Gbps 유선 / HDMI / DP포트 / 파워서플라이 / 미들타워 / 어항형 / 수랭쿨러 / LED쿨러 / 용도: 게임용,"32GB, M.2 1TB + HDD 4TB",4500000
146,MSI MAG CODEX R2 A5NVL I08 Win11Pro,225F / RTX 5060 / (인텔) H810 / 윈도우11 프로 / 600W / 인텔 / 코어울트라 시리즈2 / 코어 울트라5 / 애로우레이크 / 인텔 AI Boost / 13TOPS / DDR5 / 16GB / M.2 / 1TB / NVIDIA / 그래픽 메모리: 8GB / 2.5Gbps 유선 / HDMI / DP포트 / USB3.x 5Gbps / 파워서플라이 / 미들타워 / LED쿨러 / 용도: 게임용,"16GB, M.2 1TB",1778470
147,영웅컴퓨터 영웅 베이직 L3446,i5-14400F / RTX 5060 / (인텔) H610 / OS미포함 / 600W / 인텔 / 코어 14세대 / 코어i5 / 랩터레이크 / DDR4 / 16GB / M.2 / 500GB / NVIDIA / 그래픽 메모리: 8GB / 1Gbps 유선 / HDMI / DP포트 / 파워서플라이 / 미들타워 / LED쿨러 / 용도: 게임용,"16GB, M.2 500GB",1289640
148,STCOM STAI-V105,5600 / RTX 5060 Ti / (AMD) A520 / OS미포함 / 700W / AMD / 라이젠 5000시리즈 / 라이젠5 / 버미어 / DDR4 / 32GB / M.2 / 1TB / NVIDIA / 1Gbps 유선 / HDMI / DP포트 / 파워서플라이 / 미들타워 / 용도: 게임용,"32GB, M.2 1TB",1684470
149,영웅컴퓨터 영웅 울트라게이밍 플러스 001,7800X3D / RTX 5070 / (AMD) B650 / OS미포함 / 800W / AMD / 라이젠 7000시리즈 / 라이젠7 / 라파엘 / DDR5 / 32GB / M.2 / 1TB / NVIDIA / 그래픽 메모리: 12GB / 1Gbps 유선 / HDMI / DP포트 / 파워서플라이 / 미들타워 / 어항형 / 수랭쿨러 / LED쿨러 / 용도: 게임용,"32GB, M.2 1TB",2939640
150,타무즈 게이밍PC TZ33ER8GCAA,225F / RTX 5060 Ti / (인텔) H810 / OS미포함 / 700W / 인텔 / 코어울트라 시리즈2 / 코어 울트라5 / 애로우레이크 / 인텔 AI Boost / 13TOPS / DDR5 / 16GB / M.2 / 1TB / NVIDIA / 그래픽 메모리: 8GB / 1Gbps 유선 / HDMI / DP포트 / USB3.x 5Gbps / 파워서플라이 / 미들타워 / 어항형 / 용도: 게임용,"16GB, M.2 1TB",1601620
151,STCOM STAI-V150 Win11Home,i5-14400F / RTX 5060 / (인텔) H610 / 윈도우11 / 600W / 인텔 / 코어 14세대 / 코어i5 / 랩터레이크-R / DDR4 / 32GB / M.2 / 1TB / NVIDIA / 그래픽 메모리: 8GB / 1Gbps 유선 / HDMI / DP포트 / 파워서플라이 / 미들타워 / 용도: 게임용,"32GB, M.2 1TB",1858380
152,다나와표준PC 게임용 260220,245K / RTX 5060 / (인텔) H810 / OS미포함 / 850W / 인텔 / 코어울트라 시리즈2 / 코어 울트라5 / 애로우레이크 / 인텔 AI Boost / 13TOPS / DDR5 / 16GB / M.2 / 1TB / NVIDIA / 그래픽 메모리: 8GB / 1Gbps 유선 / HDMI / DP포트 / 파워서플라이 / 미들타워 / 수랭쿨러 / LED쿨러 / 용도: 게임용,"16GB, M.2 1TB",2381490
153,다나와표준PC 게임용 260219,7800X3D / RX 9060 XT / (AMD) B850 / OS미포함 / 750W / AMD / 라이젠 7000시리즈 / 라이젠7 / 라파엘 / DDR5 / 16GB / M.2 / 1TB / AMD / 그래픽 메모리: 16GB / 1Gbps 유선 / HDMI / DP포트 / 파워서플라이 / 빅타워 / 어항형 / LED쿨러 / 용도: 게임용,"16GB, M.2 1TB",2737990
154,다나와표준PC DPG 게임용 260123,9800X3D / RX 9060 XT / (AMD) B850 / OS미포함 / 850W / AMD / 라이젠 9000시리즈 / 라이젠7 / 그래니트 릿지 / DDR5 / 16GB / M.2 / 1TB / AMD / 그래픽 메모리: 16GB / 1Gbps 유선 / HDMI / DP포트 / 파워서플라이 / 미들타워 / 수랭쿨러 / LED쿨러 / 용도: 게임용,"16GB, M.2 1TB",3245260
155,다나와표준PC 게임용 260110,7500F / RX 9060 / (AMD) B650 / OS미포함 / 700W / AMD / 라이젠 7000시리즈 / 라이젠5 / 라파엘 / DDR5 / 16GB / M.2 / 1TB / AMD / 그래픽 메모리: 8GB / 1Gbps 유선 / HDMI / DP포트 / 파워서플라이 / 미들타워 / 어항형 / LED쿨러 / 용도: 게임용,"16GB, M.2 1TB",1989990
156,다나와표준PC 전문가용 260125,265K / RTX 5060 Ti / (인텔) B860 / OS미포함 / 850W / 인텔 / 코어울트라 시리즈2 / 코어 울트라7 / 애로우레이크 / 인텔 AI Boost / 13TOPS / DDR5 / 16GB / M.2 / 1TB / NVIDIA / 그래픽 메모리: 16GB / 1Gbps 유선 / HDMI / DP포트 / 파워서플라이 / 미들타워 / 어항형 / 수랭쿨러 / 용도: 게임용,"16GB, M.2 1TB",3245260
157,다나와표준PC 게임용 251017,9600 / RTX 5070 / (AMD) B850 / OS미포함 / 750W / AMD / 라이젠 9000시리즈 / 라이젠5 / 그래니트 릿지 / DDR5 / 16GB / M.2 / 1TB / NVIDIA / 그래픽 메모리: 12GB / 1Gbps 유선 / HDMI / DP포트 / 파워서플라이 / 미들타워 / 어항형 / LED쿨러 / 용도: 게임용,"16GB, M.2 1TB",2790000
158,STCOM STAI-V188,5600 / RX 9060 / (AMD) A520 / OS미포함 / 600W / AMD / 라이젠 5000시리즈 / 라이젠5 / 버미어 / DDR4 / 32GB / M.2 / 1TB / AMD / 그래픽 메모리: 8GB / 1Gbps 유선 / 파워서플라이 / 미들타워 / 용도: 게임용,"32GB, M.2 1TB",1479560
159,STCOM STAI-V116,7800X3D / RTX 5070 / (AMD) B650 / OS미포함 / 850W / AMD / 라이젠 7000시리즈 / 라이젠7 / 라파엘 / DDR5 / 16GB / M.2 / 512GB / NVIDIA / 1Gbps 유선 / HDMI / DP포트 / 파워서플라이 / 미들타워 / 용도: 게임용,"16GB, M.2 512GB",2612260
160,다나와표준PC 게임용 260112,7600 / RX 7600 / (AMD) B650 / OS미포함 / 1000W / AMD / 라이젠 7000시리즈 / 라이젠5 / 라파엘 / DDR5 / 16GB / M.2 / 1TB / AMD / 그래픽 메모리: 8GB / 1Gbps 유선 / 파워서플라이 / 미들타워 / LED쿨러 / 용도: 게임용,"16GB, M.2 1TB",1788580
161,다나와표준PC 게임용 250717,7800X3D / RTX 5060 Ti / (AMD) B850 / OS미포함 / 800W / AMD / 라이젠 7000시리즈 / 라이젠7 / 라파엘 / DDR5 / 16GB / M.2 / 1TB / NVIDIA / 그래픽 메모리: 8GB / 1Gbps 유선 / 파워서플라이 / 미들타워 / 용도: 게임용,"16GB, M.2 1TB",2650000
162,영웅컴퓨터 영웅 울트라게이밍 플러스 P002,i9-14900KF / RTX 5070 / (인텔) B760 / OS미포함 / 800W / 인텔 / 코어 14세대 / 코어i9 / 랩터레이크-R / DDR5 / 32GB / M.2 / 1TB / NVIDIA / 그래픽 메모리: 12GB / 1Gbps 유선 / HDMI / DP포트 / 파워서플라이 / 미들타워 / 어항형 / LED쿨러 / 용도: 게임용,"32GB, M.2 1TB",3099620
163,다나와표준PC DPG 게임용 230524,7800X3D / RTX 4070 / (AMD) B650 / OS미포함 / 750W / AMD / 라이젠 7000시리즈 / 라이젠7 / 라파엘 / DDR5 / 32GB / M.2 / 500GB / NVIDIA / 그래픽 메모리: 12GB / 1Gbps 유선 / HDMI / DP포트 / 파워서플라이 / 미들타워 / 용도: 게임용,"32GB, M.2 500GB",2356000
164,다나와표준PC 게임용 260109,7500F / RX 6600 / (AMD) B650 / OS미포함 / 800W / AMD / 라이젠 7000시리즈 / 라이젠5 / 라파엘 / DDR5 / 16GB / M.2 / 512GB / AMD / 그래픽 메모리: 8GB / 1Gbps 유선 / 파워서플라이 / 미들타워 / 어항형 / LED쿨러 / 용도: 게임용,"16GB, M.2 512GB",1572990
165,다나와표준PC 전문가용 260128,9950X3D / RTX 5070 / (AMD) X870 / OS미포함 / 1200W / AMD / 라이젠 9000시리즈 / 라이젠9 / 그래니트 릿지 / DDR5 / 16GB / HDD:4TB / M.2 / 1TB / NVIDIA / 그래픽 메모리: 12GB / 1Gbps 유선 / HDMI / DP포트 / 파워서플라이 / 미들타워 / 어항형 / 수랭쿨러 / LED쿨러 / 용도: 게임용,"16GB, M.2 1TB + HDD 4TB",4360830
166,다나와표준PC 전문가용 260126,9900X3D / RTX 5060 Ti / (AMD) X870E / OS미포함 / 850W / AMD / 라이젠 9000시리즈 / 라이젠9 / 그래니트 릿지 / DDR5 / 16GB / HDD:4TB / M.2 / 1TB / NVIDIA / 그래픽 메모리: 16GB / 1Gbps 유선 / HDMI / DP포트 / 파워서플라이 / 미들타워 / 어항형 / 수랭쿨러 / LED쿨러 / 용도: 게임용,"16GB, M.2 1TB + HDD 4TB",4259410
167,다나와표준PC DPG 게임용 260121,245K / RTX 5060 Ti / (인텔) B860 / OS미포함 / 850W / 인텔 / 코어울트라 시리즈2 / 코어 울트라5 / 애로우레이크 / 인텔 AI Boost / 13TOPS / DDR5 / 16GB / M.2 / 1TB / NVIDIA / 그래픽 메모리: 16GB / 1Gbps 유선 / HDMI / DP포트 / 파워서플라이 / 미들타워 / 어항형 / LED쿨러 / 용도: 게임용,"16GB, M.2 1TB",2941020
168,다나와표준PC 게임용 251215,9600X / RX 9060 XT / (AMD) B850 / OS미포함 / 800W / AMD / 라이젠 9000시리즈 / 라이젠5 / 그래니트 릿지 / DDR5 / 16GB / M.2 / 1TB / AMD / 그래픽 메모리: 8GB / 1Gbps 유선 / HDMI / DP포트 / 파워서플라이 / 미들타워 / 어항형 / LED쿨러 / 용도: 게임용,"16GB, M.2 1TB",2050000
169,다나와표준PC 게임용 240818,7800X3D / RTX 4060 Ti / (AMD) B650 / OS미포함 / 850W / AMD / 라이젠 7000시리즈 / 라이젠7 / 라파엘 / DDR5 / 16GB / M.2 / 500GB / NVIDIA / 그래픽 메모리: 8GB / 1Gbps 유선 / HDMI / DP포트 / 파워서플라이 / 미들타워 / 용도: 게임용,"16GB, M.2 500GB",1834880
170,다나와 게임용PC 인텔 U7-265K RTX5060 Ti S6107,265K / RTX 5060 Ti / (인텔) B860 / OS미포함 / 650W / 인텔 / 코어울트라 시리즈2 / 코어 울트라7 / 애로우레이크 / 인텔 AI Boost / 13TOPS / DDR5 / 16GB / M.2 / 1TB / NVIDIA / 그래픽 메모리: 8GB / 5Gbps 유선 / 802.11be(Wi-Fi 7) 무선 / 블루투스 / HDMI / DP포트 / USB3.x 10Gbps / USB3.x 5Gbps / USB C타입 5Gbps / 썬더볼트4 / 파워서플라이 / 미들타워 / 어항형 / LED쿨러 / 용도: 게임용,"16GB, M.2 1TB",2800000
171,다나와표준PC 게임용 260214,7500F / RTX 5060 / (AMD) B650 / OS미포함 / 850W / AMD / 라이젠 7000시리즈 / 라이젠5 / 라파엘 / DDR5 / 16GB / M.2 / 1TB / NVIDIA / 그래픽 메모리: 8GB / 1Gbps 유선 / HDMI / DP포트 / 파워서플라이 / 미들타워 / LED쿨러 / 용도: 게임용,"16GB, M.2 1TB",2050000
172,영웅컴퓨터 영웅 게이밍울트라 7856 R7 7800X3D RTX5060,7800X3D / RTX 5060 / (AMD) A620 / OS미포함 / 700W / AMD / 라이젠 7000시리즈 / 라이젠7 / 라파엘 / DDR5 / 32GB / M.2 / 1TB / NVIDIA / 그래픽 메모리: 8GB / 1Gbps 유선 / HDMI / DP포트 / 파워서플라이 / 미들타워 / 어항형 / LED쿨러 / 용도: 게임용,"32GB, M.2 1TB",2059730
173,다나와표준PC 게임용 251012,225F / RTX 5060 / (인텔) B860 / OS미포함 / 850W / 인텔 / 코어울트라 시리즈2 / 코어 울트라5 / 애로우레이크 / 인텔 AI Boost / 13TOPS / DDR5 / 16GB / M.2 / 500GB / NVIDIA / 그래픽 메모리: 8GB / 1Gbps 유선 / HDMI / DP포트 / 파워서플라이 / 미들타워 / 어항형 / LED쿨러 / 용도: 게임용,"16GB, M.2 500GB",1860000
174,다나와표준PC 게임용 260119,7800X3D / RX 9070 XT / (AMD) B850 / OS미포함 / 850W / AMD / 라이젠 7000시리즈 / 라이젠7 / 라파엘 / DDR5 / 16GB / M.2 / 1TB / AMD / 그래픽 메모리: 16GB / 1Gbps 유선 / HDMI / DP포트 / 파워서플라이 / 미들타워 / LED쿨러 / 용도: 게임용,"16GB, M.2 1TB",3245060
175,다나와표준PC 게임용 260111,7500F / RTX 5050 / (AMD) B650 / OS미포함 / 850W / AMD / 라이젠 7000시리즈 / 라이젠5 / 라파엘 / DDR5 / 16GB / M.2 / 1TB / NVIDIA / 그래픽 메모리: 8GB / 1Gbps 유선 / HDMI / DP포트 / 파워서플라이 / 미들타워 / LED쿨러 / 용도: 게임용,"16GB, M.2 1TB",1977580
176,MSI MAG CODEX R2 A5NVL I08,225F / RTX 5060 / (인텔) H810 / OS미포함 / 600W / 인텔 / 코어울트라 시리즈2 / 코어 울트라5 / 애로우레이크 / 인텔 AI Boost / 13TOPS / DDR5 / 16GB / M.2 / 2TB / NVIDIA / 그래픽 메모리: 8GB / 2.5Gbps 유선 / HDMI / DP포트 / USB3.x 5Gbps / 파워서플라이 / 미들타워 / LED쿨러 / 용도: 게임용,"16GB, M.2 2TB",1915710
177,영웅컴퓨터 영웅 H게이밍 U7267 265KF RTX5070,265KF / RTX 5070 / (인텔) B860 / OS미포함 / 750W / 인텔 / 코어울트라 시리즈2 / 코어 울트라7 / 애로우레이크 / 인텔 AI Boost / 13TOPS / DDR5 / 32GB / M.2 / 1TB / NVIDIA / 그래픽 메모리: 12GB / 1Gbps 유선 / HDMI / DP포트 / 파워서플라이 / 미들타워 / 어항형 / LED쿨러 / 용도: 게임용,"32GB, M.2 1TB",2879620
178,포유컴퓨터 퍼포먼스PC 54 i7 14700F RTX5070Ti,i7-14700F / RTX 5070 Ti / (인텔) B760 / OS미포함 / 850W / 인텔 / 코어 14세대 / 코어i7 / 랩터레이크-R / DDR5 / 16GB / M.2 / 500GB / NVIDIA / 1Gbps 유선 / HDMI / DP포트 / 파워서플라이 / 미들타워 / 용도: 게임용,"16GB, M.2 500GB",3313920
179,영웅컴퓨터 영웅 울트라게이밍 플러스 P004 285K RTX5070,285K / RTX 5070 / (인텔) B860 / OS미포함 / 800W / 인텔 / 코어울트라 시리즈2 / 코어 울트라9 / 애로우레이크 / 인텔 AI Boost / 13TOPS / DDR5 / 32GB / M.2 / 1TB / NVIDIA / 그래픽 메모리: 12GB / 1Gbps 유선 / HDMI / DP포트 / 파워서플라이 / 미들타워 / 어항형 / 수랭쿨러 / LED쿨러 / 용도: 게임용,"32GB, M.2 1TB",3219650
180,다나와표준PC 게임용 251218,7800X3D / RX 9060 XT / (AMD) B650 / OS미포함 / 850W / AMD / 라이젠 7000시리즈 / 라이젠7 / 라파엘 / DDR5 / 16GB / M.2 / 1TB / AMD / 그래픽 메모리: 8GB / 1Gbps 유선 / HDMI / DP포트 / 파워서플라이 / 미들타워 / LED쿨러 / 용도: 게임용,"16GB, M.2 1TB",2220000
181,STCOM STAI-V137,9600X / RTX 5060 / (AMD) A620 / OS미포함 / 600W / AMD / 라이젠 9000시리즈 / 라이젠5 / 그래니트 릿지 / DDR5 / 16GB / M.2 / 512GB / NVIDIA / 그래픽 메모리: 8GB / 1Gbps 유선 / HDMI / DP포트 / 파워서플라이 / 미들타워 / 용도: 게임용,"16GB, M.2 512GB",1511510
182,STCOM STAI-V53,i5-12400F / RX 580 / (인텔) B760 / OS미포함 / 600W / 인텔 / 코어 12세대 / 코어i5 / 엘더레이크 / DDR5 / 32GB / M.2 / 1TB / AMD / 1Gbps 유선 / 파워서플라이 / 미들타워 / 용도: 게임용,"32GB, M.2 1TB",1532190
183,다나와표준PC 게임용 251119,7800X3D / RTX 5060 Ti / (AMD) B850 / OS미포함 / 750W / AMD / 라이젠 7000시리즈 / 라이젠7 / 라파엘 / DDR5 / 16GB / M.2 / 1TB / NVIDIA / 그래픽 메모리: 16GB / 1Gbps 유선 / HDMI / DP포트 / 파워서플라이 / 미들타워 / 어항형 / LED쿨러 / 용도: 게임용,"16GB, M.2 1TB",3199990
184,다나와표준PC 게임용 260217,9600X / RTX 5060 / (AMD) B650 / OS미포함 / 850W / AMD / 라이젠 9000시리즈 / 라이젠5 / 그래니트 릿지 / DDR5 / 16GB / M.2 / 1TB / NVIDIA / 그래픽 메모리: 8GB / 1Gbps 유선 / HDMI / DP포트 / 파워서플라이 / 미들타워 / 어항형 / LED쿨러 / 용도: 게임용,"16GB, M.2 1TB",2250000
185,영웅컴퓨터 게이밍울트라 7756 7700X3D RTX5060Ti,7700X3D / RTX 5060 Ti / (AMD) A620 / OS미포함 / 700W / AMD / 라이젠 7000시리즈 / 라이젠7 / 라파엘 / DDR5 / 32GB / M.2 / 1TB / NVIDIA / 그래픽 메모리: 8GB / 1Gbps 유선 / HDMI / DP포트 / 파워서플라이 / 미들타워 / 어항형 / LED쿨러 / 용도: 게임용,"32GB, M.2 1TB",2199640
186,다나와표준PC 게임용 251011,7500F / RTX 5060 / (AMD) B650 / OS미포함 / 600W / AMD / 라이젠 7000시리즈 / 라이젠5 / 라파엘 / DDR5 / 32GB / M.2 / 1TB / NVIDIA / 그래픽 메모리: 8GB / 1Gbps 유선 / HDMI / DP포트 / 파워서플라이 / 미들타워 / LED쿨러 / 용도: 게임용,"32GB, M.2 1TB",2370000
187,다나와표준PC 전문가용 250827,285K / RTX 5070 / (인텔) Z890 / OS미포함 / 1000W / 인텔 / 코어울트라 시리즈2 / 코어 울트라9 / 애로우레이크 / 인텔 AI Boost / 13TOPS / DDR5 / 16GB / HDD:4TB / M.2 / 512GB / NVIDIA / 그래픽 메모리: 12GB / 1Gbps 유선 / HDMI / DP포트 / 파워서플라이 / 미들타워 / 어항형 / 수랭쿨러 / LED쿨러 / 용도: 게임용,"16GB, M.2 512G + HDD 4TB",3580000
188,다나와표준PC 전문가용 260226,9900X3D / RTX 5070 / (AMD) X870 / OS미포함 / 1000W / AMD / 라이젠 9000시리즈 / 라이젠9 / 그래니트 릿지 / DDR5 / 16GB / HDD:4TB / M.2 / 1TB / NVIDIA / 그래픽 메모리: 12GB / 1Gbps 유선 / HDMI / DP포트 / 파워서플라이 / 미들타워 / 수랭쿨러 / LED쿨러 / 용도: 게임용,"16GB, M.2 1TB + HDD 4TB",4400000
189,다나와표준PC 게임용 260218,9600X / RTX 5060 Ti / (AMD) B850 / OS미포함 / 850W / AMD / 라이젠 9000시리즈 / 라이젠5 / 그래니트 릿지 / DDR5 / 16GB / M.2 / 1TB / NVIDIA / 그래픽 메모리: 16GB / 1Gbps 유선 / HDMI / DP포트 / 파워서플라이 / 미들타워 / 어항형 / LED쿨러 / 용도: 게임용,"16GB, M.2 1TB",2950000
190,영웅컴퓨터 게이밍울트라 7756 7700X3D RTX5060,7700X3D / RTX 5060 / (AMD) A620 / OS미포함 / 700W / AMD / 라이젠 7000시리즈 / 라이젠7 / 라파엘 / DDR5 / 32GB / M.2 / 1TB / NVIDIA / 그래픽 메모리: 8GB / 1Gbps 유선 / HDMI / DP포트 / 파워서플라이 / 미들타워 / 어항형 / LED쿨러 / 용도: 게임용,"32GB, M.2 1TB",2059730
191,다나와표준PC DPG 게임용 260221,265K / RTX 5060 Ti / (인텔) B860 / OS미포함 / 850W / 인텔 / 코어울트라 시리즈2 / 코어 울트라7 / 애로우레이크 / 인텔 AI Boost / 13TOPS / DDR5 / 16GB / M.2 / 1TB / NVIDIA / 그래픽 메모리: 16GB / 1Gbps 유선 / HDMI / DP포트 / 파워서플라이 / 미들타워 / LED쿨러 / 용도: 게임용,"16GB, M.2 1TB",3350000
192,다나와표준PC 게임용 260215,7500F / RX 9060 XT / (AMD) B850 / OS미포함 / 800W / AMD / 라이젠 7000시리즈 / 라이젠5 / 라파엘 / DDR5 / 16GB / M.2 / 1TB / AMD / 그래픽 메모리: 16GB / 1Gbps 유선 / HDMI / DP포트 / 파워서플라이 / 미들타워 / 어항형 / 용도: 게임용,"16GB, M.2 1TB",2400000
193,STCOM STAI-V109,9600X / RTX 5060 Ti / (AMD) A620 / OS미포함 / 700W / AMD / 라이젠 9000시리즈 / 라이젠5 / 그래니트 릿지 / DDR5 / 32GB / M.2 / 1TB / NVIDIA / 1Gbps 유선 / HDMI / DP포트 / 파워서플라이 / 미들타워 / 용도: 게임용,"32GB, M.2 1TB",2096190
194,다나와표준PC 게임용 260211,7500F / RX 7600 / (AMD) B650 / OS미포함 / 1000W / AMD / 라이젠 7000시리즈 / 라이젠5 / 라파엘 / DDR5 / 16GB / M.2 / 1TB / AMD / 그래픽 메모리: 8GB / 1Gbps 유선 / HDMI / DP포트 / 파워서플라이 / 미들타워 / 어항형 / LED쿨러 / 용도: 게임용,"16GB, M.2 1TB",1977580
195,STCOM STAI-V177,9600X / RX 9060 XT / (AMD) A620 / OS미포함 / 700W / AMD / 라이젠 9000시리즈 / 라이젠5 / 그래니트 릿지 / DDR5 / 32GB / M.2 / 1TB / AMD / 그래픽 메모리: 16GB / 1Gbps 유선 / HDMI / DP포트 / 파워서플라이 / 미들타워 / 용도: 게임용,"32GB, M.2 1TB",2083980
196,다나와표준PC 게임용 250218,7800X3D / RTX 4060 / (AMD) B650 / OS미포함 / 700W / AMD / 라이젠 7000시리즈 / 라이젠7 / 라파엘 / DDR5 / 16GB / M.2 / 500GB / NVIDIA / 그래픽 메모리: 8GB / 1Gbps 유선 / HDMI / DP포트 / 파워서플라이 / 미들타워 / LED쿨러 / 용도: 게임용,"16GB, M.2 500GB",2903560
197,STCOM STAI-V228 Win11Home,9600X / RTX 5060 Ti / (AMD) A620 / 윈도우11 / 700W / AMD / 라이젠 9000시리즈 / 라이젠5 / 그래니트 릿지 / DDR5 / 32GB / M.2 / 2TB / NVIDIA / 그래픽 메모리: 8GB / 1Gbps 유선 / HDMI / DP포트 / 파워서플라이 / 미들타워 / 용도: 게임용,"32GB, M.2 2TB",2369740
198,피씨스토어 일사천리 게이밍 i5 14600KF RTX5060,i5-14600KF / RTX 5060 / (인텔) B760 / OS미포함 / 700W / 인텔 / 코어 14세대 / 코어i5 / 랩터레이크-R / DDR5 / 16GB / M.2 / 500GB / NVIDIA / 그래픽 메모리: 8GB / 1Gbps 유선 / HDMI / DP포트 / 파워서플라이 / 미들타워 / LED쿨러 / 용도: 게임용,"16GB, M.2 500GB",1896660
199,다나와표준PC 게임용 250512,i3-14100F / RTX 3050 / (인텔) H610 / OS미포함 / 800W / 인텔 / 코어 14세대 / 코어i3 / 랩터레이크-R / DDR5 / 16GB / M.2 / 512GB / NVIDIA / 그래픽 메모리: 6GB / 1Gbps 유선 / 파워서플라이 / 미들타워 / 어항형 / LED쿨러 / 용도: 게임용,"16GB, M.2 512GB",1390000
200,STCOM STAI-V52,i5-12400F / RX 580 / (인텔) B760 / OS미포함 / 600W / 인텔 / 코어 12세대 / 코어i5 / 엘더레이크 / DDR5 / 16GB / M.2 / 512GB / AMD / 1Gbps 유선 / 파워서플라이 / 미들타워 / 용도: 게임용,"16GB, M.2 512GB",1069470
201,다나와표준PC DPG 게임용 250824,9800X3D / RTX 5070 / (AMD) X870E / OS미포함 / 1050W / AMD / 라이젠 9000시리즈 / 라이젠7 / 그래니트 릿지 / DDR5 / 16GB / M.2 / 500GB / NVIDIA / 그래픽 메모리: 12GB / 1Gbps 유선 / 파워서플라이 / 미들타워 / 어항형 / 수랭쿨러 / LED쿨러 / 용도: 게임용,"16GB, M.2 500GB",3520000
202,다나와표준PC 전문가용 250525,265 / RTX 3050 / (인텔) B860 / OS미포함 / 850W / 인텔 / 코어울트라 시리즈2 / 코어 울트라7 / 애로우레이크 / 인텔 AI Boost / 13TOPS / DDR5 / 16GB / M.2 / 1TB / NVIDIA / 그래픽 메모리: 6GB / 1Gbps 유선 / 파워서플라이 / 미들타워 / 어항형 / 수랭쿨러 / LED쿨러 / 용도: 게임용,"16GB, M.2 1TB",2200000
203,제이씨현 제플PC 게이밍 익스프레션 G27,245K / RTX 5060 / (인텔) B860 / OS미포함 / 700W / 인텔 / 코어울트라 시리즈2 / 코어 울트라5 / 애로우레이크 / 인텔 AI Boost / 13TOPS / DDR5 / 32GB / M.2 / 1TB / NVIDIA / 그래픽 메모리: 8GB / 1Gbps 유선 / HDMI / DP포트 / 파워서플라이 / 미들타워 / 용도: 게임용,"32GB, M.2 1TB",1690000
204,MSI MAG CODEX R2 A5NVM Win11Pro,225F / RTX 5060 Ti / (인텔) H810 / 윈도우11 프로 / 600W / 인텔 / 코어울트라 시리즈2 / 코어 울트라5 / 애로우레이크 / 인텔 AI Boost / 13TOPS / DDR5 / 16GB / M.2 / 1TB / NVIDIA / 그래픽 메모리: 8GB / 2.5Gbps 유선 / HDMI / DP포트 / USB3.x 5Gbps / 파워서플라이 / 미들타워 / LED쿨러 / 용도: 게임용 / 구성변경상품,"16GB, M.2 1TB",1897120
205,포유컴퓨터 퍼포먼스PC 31 i5 14400F RTX5060,i5-14400F / RTX 5060 / (인텔) H610 / OS미포함 / 600W / 인텔 / 코어 14세대 / 코어i5 / 랩터레이크-R / DDR5 / 16GB / M.2 / 500GB / NVIDIA / 1Gbps 유선 / HDMI / DP포트 / 파워서플라이 / 미들타워 / LED쿨러 / 용도: 게임용,"16GB, M.2 500GB",1522560
206,다나와표준PC 게임용 250516,i5-14400F / RX 7600 / (인텔) B760 / OS미포함 / 800W / 인텔 / 코어 14세대 / 코어i5 / 랩터레이크-R / DDR5 / 16GB / M.2 / 512GB / AMD / 그래픽 메모리: 8GB / 1Gbps 유선 / 파워서플라이 / 미들타워 / 어항형 / LED쿨러 / 용도: 게임용,"16GB, M.2 512GB",1730000
207,다나와표준PC 게임용 260213,7500F / RX 9060 / (AMD) B650 / OS미포함 / 700W / AMD / 라이젠 7000시리즈 / 라이젠5 / 라파엘 / DDR5 / 16GB / M.2 / 1TB / AMD / 그래픽 메모리: 8GB / 1Gbps 유선 / HDMI / DP포트 / 파워서플라이 / 미들타워 / LED쿨러 / 용도: 게임용,"16GB, M.2 1TB",2050000
208,다나와표준PC 게임용 260115,9600X / RX 9060 XT / (AMD) B850 / OS미포함 / 800W / AMD / 라이젠 9000시리즈 / 라이젠5 / 그래니트 릿지 / DDR5 / 16GB / M.2 / 1TB / AMD / 그래픽 메모리: 16GB / 1Gbps 유선 / HDMI / DP포트 / 파워서플라이 / 미들타워 / 어항형 / LED쿨러 / 용도: 게임용,"16GB, M.2 1TB",2248000
209,다나와표준PC 전문가용 250226,9800X3D / RTX 4060 / (AMD) X870E / OS미포함 / 1200W / AMD / 라이젠 9000시리즈 / 라이젠7 / 그래니트 릿지 / DDR5 / 32GB / HDD:2TB / M.2 / 1TB / NVIDIA / 그래픽 메모리: 8GB / 2.5Gbps 유선 / 802.11be(Wi-Fi 7) 무선 / 블루투스 / HDMI / DP포트 / 파워서플라이 / 미들타워 / 어항형 / 수랭쿨러 / LED쿨러 / 용도: 게임용,"32GB, M.2 1TB + HDD 2TB",4007640
210,다나와표준PC 게임용 260209,7400F / RX 6600 / (AMD) B650 / OS미포함 / 800W / AMD / 라이젠 7000시리즈 / 라이젠5 / 라파엘 / DDR5 / 16GB / M.2 / 1TB / AMD / 그래픽 메모리: 8GB / 1Gbps 유선 / 파워서플라이 / 미들타워 / 어항형 / LED쿨러 / 용도: 게임용,"16GB, M.2 1TB",1601000
211,다나와표준PC 전문가용 260225,285K / RTX 5060 Ti / (인텔) B860 / OS미포함 / 850W / 인텔 / 코어울트라 시리즈2 / 코어 울트라9 / 애로우레이크 / 인텔 AI Boost / 13TOPS / DDR5 / 16GB / M.2 / 1TB / NVIDIA / 그래픽 메모리: 8GB / 1Gbps 유선 / HDMI / DP포트 / 파워서플라이 / 미들타워 / 어항형 / 수랭쿨러 / LED쿨러 / 용도: 게임용,"16GB, M.2 1TB",3850000
212,STCOM STAI-V144,9600X / RTX 5060 / (AMD) A620 / OS미포함 / 600W / AMD / 라이젠 9000시리즈 / 라이젠5 / 그래니트 릿지 / DDR5 / 32GB / M.2 / 1TB / NVIDIA / 그래픽 메모리: 8GB / 1Gbps 유선 / HDMI / DP포트 / 파워서플라이 / 미들타워 / 용도: 게임용,"32GB, M.2 1TB",1932630
213,다나와표준PC 게임용 251214,9600X / RTX 5060 / (AMD) B850 / OS미포함 / 1000W / AMD / 라이젠 9000시리즈 / 라이젠5 / 그래니트 릿지 / DDR5 / 16GB / M.2 / 1TB / NVIDIA / 그래픽 메모리: 8GB / 1Gbps 유선 / HDMI / DP포트 / 파워서플라이 / 미들타워 / 어항형 / LED쿨러 / 용도: 게임용,"16GB, M.2 1TB",2120000
214,다나와표준PC 게임용 250916,i5-14400F / RTX 5070 Ti / (인텔) B760 / OS미포함 / 850W / 인텔 / 코어 14세대 / 코어i5 / 랩터레이크-R / DDR5 / 16GB / M.2 / 500GB / NVIDIA / 그래픽 메모리: 16GB / 1Gbps 유선 / HDMI / DP포트 / 파워서플라이 / 미들타워 / 어항형 / LED쿨러 / 용도: 게임용,"16GB, M.2 500GB",3230000
215,STCOM STAI-V138 Win11Home,5600 / RTX 5060 / (AMD) A520 / 윈도우11 / 600W / AMD / 라이젠 5000시리즈 / 라이젠5 / 버미어 / DDR4 / 16GB / M.2 / 512GB / NVIDIA / 그래픽 메모리: 8GB / 1Gbps 유선 / HDMI / DP포트 / 파워서플라이 / 미들타워 / 용도: 게임용,"16GB, M.2 512GB",1420340
216,다나와표준PC 전문가용 251127,285K / RTX 5080 / (인텔) Z890 / OS미포함 / 1000W / 인텔 / 코어울트라 시리즈2 / 코어 울트라9 / 애로우레이크 / 인텔 AI Boost / 13TOPS / DDR5 / 32GB / HDD:4TB / M.2 / 1TB / NVIDIA / 그래픽 메모리: 16GB / 1Gbps 유선 / HDMI / DP포트 / 파워서플라이 / 미들타워 / 어항형 / 수랭쿨러 / LED쿨러 / 용도: 게임용,"32GB, M.2 1TB + HDD 4TB",6400000
217,STCOM STAI-V54,i5-12400F / RX 7600 / (인텔) B760 / OS미포함 / 600W / 인텔 / 코어 12세대 / 코어i5 / 엘더레이크 / DDR5 / 16GB / M.2 / 512GB / AMD / 1Gbps 유선 / 파워서플라이 / 미들타워 / 용도: 게임용,"16GB, M.2 512GB",1304350
218,다나와표준PC 게임용 250410,7500F / RTX 3050 / (AMD) A620 / OS미포함 / 750W / AMD / 라이젠 7000시리즈 / 라이젠5 / 라파엘 / DDR5 / 16GB / M.2 / 256GB / NVIDIA / 그래픽 메모리: 6GB / 1Gbps 유선 / 파워서플라이 / 미들타워 / 어항형 / LED쿨러 / 용도: 게임용,"16GB, M.2 256GB",1380000
219,STCOM STAI-V67,i5-14400F / GTX 1660 SUPER / (인텔) H610 / OS미포함 / 600W / 인텔 / 코어 14세대 / 코어i5 / 랩터레이크-R / DDR4 / 16GB / M.2 / 512GB / NVIDIA / 1Gbps 유선 / 파워서플라이 / 미들타워 / 용도: 게임용,"16GB, M.2 512GB",1061260
220,다나와표준PC DPG 게임용 251224,9800X3D / RX 9070 XT / (AMD) X870E / OS미포함 / 850W / AMD / 라이젠 9000시리즈 / 라이젠7 / 그래니트 릿지 / DDR5 / 16GB / M.2 / 1TB / AMD / 그래픽 메모리: 16GB / 1Gbps 유선 / HDMI / DP포트 / 파워서플라이 / 미들타워 / 어항형 / 수랭쿨러 / LED쿨러 / 용도: 게임용,"16GB, M.2 1TB",4176010
221,STCOM STAI-V149 Win11Home,i5-14400F / RTX 5060 / (인텔) H610 / 윈도우11 / 600W / 인텔 / 코어 14세대 / 코어i5 / 랩터레이크-R / DDR4 / 16GB / M.2 / 512GB / NVIDIA / 그래픽 메모리: 8GB / 1Gbps 유선 / HDMI / DP포트 / 파워서플라이 / 미들타워 / 용도: 게임용,"16GB, M.2 512GB",1524680
222,영웅컴퓨터 영웅 울트라게이밍 플러스 002,7500F / RTX 5070 / (AMD) B650 / OS미포함 / 800W / AMD / 라이젠 7000시리즈 / 라이젠5 / 라파엘 / DDR5 / 32GB / M.2 / 1TB / NVIDIA / 그래픽 메모리: 12GB / 1Gbps 유선 / HDMI / DP포트 / 파워서플라이 / 미들타워 / 어항형 / 수랭쿨러 / LED쿨러 / 용도: 게임용,"32GB, M.2 1TB",2689630
223,영웅컴퓨터 울트라게이밍 P007 R7 7800X3D RTX5080,7800X3D / RTX 5080 / (AMD) B650 / OS미포함 / 900W / AMD / 라이젠 7000시리즈 / 라이젠7 / 라파엘 / DDR5 / 32GB / M.2 / 1TB / NVIDIA / 그래픽 메모리: 16GB / 1Gbps 유선 / HDMI / DP포트 / 파워서플라이 / 미들타워 / 어항형 / LED쿨러 / 용도: 게임용,"32GB, M.2 1TB",4429650
224,영웅컴퓨터 게이밍울트라 7456 R5 7400F RTX5060,7400F / RTX 5060 / (AMD) A620 / OS미포함 / 600W / AMD / 라이젠 7000시리즈 / 라이젠5 / 라파엘 / DDR5 / 16GB / M.2 / 512GB / NVIDIA / 그래픽 메모리: 8GB / 1Gbps 유선 / HDMI / DP포트 / 파워서플라이 / 미들타워 / LED쿨러 / 용도: 게임용,"16GB, M.2 512GB",1429640
225,STCOM STCP-i5,i5-14400F / RTX 5060 / (인텔) H610 / OS미포함 / 600W / 인텔 / 코어 14세대 / 코어i5 / 랩터레이크-R / DDR4 / 32GB / M.2 / 1TB / NVIDIA / 그래픽 메모리: 8GB / 1Gbps 유선 / HDMI / DP포트 / 파워서플라이 / 미들타워 / LED쿨러 / 용도: 게임용,"32GB, M.2 1TB",1757000
226,영웅컴퓨터 영웅 게이밍울트라 7556G,7500F / RTX 5060 / (AMD) A620 / OS미포함 / 600W / AMD / 라이젠 7000시리즈 / 라이젠5 / 라파엘 / DDR5 / 16GB / M.2 / 500GB / NVIDIA / 그래픽 메모리: 8GB / 1Gbps 유선 / HDMI / DP포트 / 파워서플라이 / 미들타워 / 어항형 / LED쿨러 / 용도: 게임용,"16GB, M.2 512GB",1449620
227,피씨스토어 어항 PC 라이젠5 5600 GTX1660,5600 / GTX 1660 SUPER / (AMD) A520 / OS미포함 / 600W / AMD / 라이젠 5000시리즈 / 라이젠5 / 버미어 / DDR4 / 16GB / M.2 / 500GB / NVIDIA / 그래픽 메모리: 6GB / 1Gbps 유선 / 파워서플라이 / 미들타워 / LED쿨러 / 용도: 게임용,"16GB, M.2 500GB",1070990
228,MSI MAG Codex R2 A5NVM I19 I5-14400F RTX 5060 Ti 게이밍,i5-14400F / RTX 5060 Ti / (인텔) H610 / OS미포함 / 600W / 인텔 / 코어 14세대 / 코어i5 / 랩터레이크-R / DDR4 / 16GB / M.2 / 1TB / NVIDIA / 그래픽 메모리: 8GB / 1Gbps 유선 / HDMI / DP포트 / USB3.x 5Gbps / 파워서플라이 / 미들타워 / LED쿨러 / 용도: 게임용,"16GB, M.2 1TB",1504840
229,다나와표준PC 게임용 250909,7500F / RTX 5050 / (AMD) B650 / OS미포함 / 700W / AMD / 라이젠 7000시리즈 / 라이젠5 / 라파엘 / DDR5 / 16GB / M.2 / 512GB / NVIDIA / 그래픽 메모리: 8GB / 1Gbps 유선 / HDMI / DP포트 / 파워서플라이 / 미들타워 / 어항형 / LED쿨러 / 용도: 게임용,"16GB, M.2 512GB",1654000
230,STCOM STAI-V107 Win11Home,7500F / RTX 5060 Ti / (AMD) A620 / 윈도우11 / 700W / AMD / 라이젠 7000시리즈 / 라이젠5 / 라파엘 / DDR5 / 32GB / M.2 / 1TB / NVIDIA / 1Gbps 유선 / HDMI / DP포트 / 파워서플라이 / 미들타워 / 용도: 게임용,"32GB, M.2 1TB",2154480
231,마이피씨샵 DIY 게이밍 미니PC 14400F RTX4060,i5-14400F / RTX 4060 / (인텔) H610 / OS미포함 / 600W / 인텔 / 코어 14세대 / 코어i5 / 랩터레이크-R / DDR5 / 16GB / M.2 / 500GB / NVIDIA / 그래픽 메모리: 8GB / 1Gbps 유선 / HDMI / DP포트 / 파워서플라이 / 미니타워 / 용도: 게임용,"16GB, M.2 500GB",1850690
232,피씨스토어 베스트 게이밍 i5 13400F RTX3050,i5-13400F / RTX 3050 / (인텔) H610 / OS미포함 / 600W / 인텔 / 코어 13세대 / 코어i5 / 랩터레이크 / DDR5 / 16GB / M.2 / 500GB / NVIDIA / 그래픽 메모리: 6GB / 1Gbps 유선 / HDMI / DP포트 / 파워서플라이 / 미들타워 / 어항형 / LED쿨러 / 용도: 게임용,"16GB, M.2 500GB",1290380
233,다나와표준PC 게임용 250716,i5-14400F / RTX 5060 / (인텔) B760 / OS미포함 / 850W / 인텔 / 코어 14세대 / 코어i5 / 랩터레이크-R / DDR5 / 16GB / M.2 / 500GB / NVIDIA / 그래픽 메모리: 8GB / 1Gbps 유선 / 파워서플라이 / 미들타워 / LED쿨러 / 용도: 게임용,"16GB, M.2 500GB",1797000
234,다나와표준PC 게임용 230909,5600 / GTX 1660 SUPER / (AMD) B550 / OS미포함 / 600W / AMD / 라이젠 5000시리즈 / 라이젠5 / 버미어 / DDR4 / 16GB / M.2 / 1TB / NVIDIA / 그래픽 메모리: 6GB / 1Gbps 유선 / HDMI / DP포트 / DVI / 파워서플라이 / 미들타워 / 용도: 게임용,"16GB, M.2 1TB",1350000
235,다나와표준PC DPG 게임용 250423,225F / RTX 5070 / (인텔) Z890 / OS미포함 / 750W / 인텔 / 코어울트라 시리즈2 / 코어 울트라5 / 애로우레이크 / 인텔 AI Boost / 13TOPS / DDR5 / 16GB / M.2 / 1TB / NVIDIA / 그래픽 메모리: 12GB / 1Gbps 유선 / 파워서플라이 / 미들타워 / 어항형 / 수랭쿨러 / LED쿨러 / 용도: 게임용,"16GB, M.2 1TB",3492800
236,STCOM STAI-V46,9800X3D / RX 7800 XT / (AMD) B650 / OS미포함 / 700W / AMD / 라이젠 9000시리즈 / 라이젠7 / 그래니트 릿지 / DDR5 / 32GB / M.2 / 1TB / AMD / 1Gbps 유선 / 파워서플라이 / 미들타워 / 용도: 게임용,"32GB, M.2 1TB",2870320
237,STCOM STAI-V79,9600X / RX 9070 / (AMD) B650 / OS미포함 / 800W / AMD / 라이젠 9000시리즈 / 라이젠5 / 그래니트 릿지 / DDR5 / 32GB / M.2 / 1TB / AMD / 1Gbps 유선 / HDMI / DP포트 / 파워서플라이 / 미들타워 / 용도: 게임용,"32GB, M.2 1TB",2710800
238,STCOM STAI-V25,7500F / RX 7600 / (AMD) B650 / OS미포함 / 600W / AMD / 라이젠 7000시리즈 / 라이젠5 / 라파엘 / DDR5 / 16GB / M.2 / 512GB / AMD / 1Gbps 유선 / 파워서플라이 / 미들타워 / 용도: 게임용,"16GB, M.2 512GB",1464020
239,STCOM STAI-V51,i5-12400F / GTX 1660 SUPER / (인텔) B760 / OS미포함 / 600W / 인텔 / 코어 12세대 / 코어i5 / 엘더레이크 / DDR5 / 32GB / M.2 / 1TB / NVIDIA / 1Gbps 유선 / 파워서플라이 / 미들타워 / 용도: 게임용,"32GB, M.2 1TB",1620910
240,피씨스토어 일사천리 게이밍 i5 14400F RTX5060,i5-14400F / RTX 5060 / (인텔) H610 / OS미포함 / 700W / 인텔 / 코어 14세대 / 코어i5 / 랩터레이크-R / DDR5 / 16GB / M.2 / 500GB / NVIDIA / 그래픽 메모리: 8GB / 1Gbps 유선 / HDMI / DP포트 / 파워서플라이 / 미들타워 / LED쿨러 / 용도: 게임용,"16GB, M.2 500GB",1666800
241,포유컴퓨터 퍼포먼스PC 36 R5 9600X RTX5060,9600X / RTX 5060 / (AMD) B850 / OS미포함 / 700W / AMD / 라이젠 9000시리즈 / 라이젠5 / 그래니트 릿지 / DDR5 / 16GB / M.2 / 500GB / NVIDIA / 1Gbps 유선 / HDMI / DP포트 / 파워서플라이 / 미들타워 / LED쿨러 / 용도: 게임용,"16GB, M.2 500GB",4478390
242,영웅컴퓨터 영웅컴퓨터 H게이밍 U5256 250KF RTX5060Ti,250KF Plus / RTX 5060 Ti / (인텔) B860 / OS미포함 / 750W / 인텔 / 코어울트라 시리즈2 / 코어 울트라5 / 애로우레이크 / 인텔 AI Boost / 13TOPS / DDR5 / 32GB / M.2 / 1TB / NVIDIA / 그래픽 메모리: 8GB / 1Gbps 유선 / HDMI / DP포트 / 파워서플라이 / 미들타워 / 어항형 / LED쿨러 / 용도: 게임용,"32GB, M.2 1TB",2219620
243,다나와표준PC 전문가용 250828,9950X3D / RTX 5080 / (AMD) X870E / OS미포함 / 1200W / AMD / 라이젠 9000시리즈 / 라이젠9 / 그래니트 릿지 / DDR5 / 16GB / HDD:4TB / M.2 / 1TB / NVIDIA / 그래픽 메모리: 16GB / 1Gbps 유선 / 파워서플라이 / 미들타워 / 어항형 / 수랭쿨러 / LED쿨러 / 용도: 게임용,"16GB, M.2 1TB + HDD 4TB",6900000
244,다나와표준PC 전문가용 250528,9800X3D / RTX 5080 / (AMD) X870E / OS미포함 / 1000W / AMD / 라이젠 9000시리즈 / 라이젠7 / 그래니트 릿지 / DDR5 / 16GB / HDD:4TB / M.2 / 1TB / NVIDIA / 그래픽 메모리: 16GB / 1Gbps 유선 / 파워서플라이 / 미들타워 / 수랭쿨러 / LED쿨러 / 용도: 게임용,"16GB, M.2 1TB + HDD 4TB",5440730
245,영웅컴퓨터 영웅 게이밍울트라 7857T 7800X3D RTX5070Ti,7800X3D / RTX 5070 Ti / (AMD) B650 / OS미포함 / 800W / AMD / 라이젠 7000시리즈 / 라이젠7 / 라파엘 / DDR5 / 32GB / M.2 / 1TB / NVIDIA / 그래픽 메모리: 16GB / 2.5Gbps 유선 / HDMI / DP포트 / USB3.x 10Gbps / USB3.x 5Gbps / 파워서플라이 / 미들타워 / 어항형 / LED쿨러 / 용도: 게임용,"32GB, M.2 1TB",3569630
246,다나와표준PC 게임용 260116,245K / RTX 5050 / (인텔) H810 / OS미포함 / 850W / 인텔 / 코어울트라 시리즈2 / 코어 울트라5 / 애로우레이크 / 인텔 AI Boost / 13TOPS / DDR5 / 16GB / M.2 / 1TB / NVIDIA / 그래픽 메모리: 8GB / 1Gbps 유선 / HDMI / DP포트 / 파워서플라이 / 미들타워 / 어항형 / LED쿨러 / 용도: 게임용,"16GB, M.2 1TB",1780000
247,다나와표준PC DPG 게임용 251024,7800X3D / RX 9070 XT / (AMD) B850 / OS미포함 / 1050W / AMD / 라이젠 7000시리즈 / 라이젠7 / 라파엘 / DDR5 / 16GB / M.2 / 1TB / NVIDIA / 그래픽 메모리: 16GB / 1Gbps 유선 / 802.11ax(Wi-Fi 6) 무선 / 블루투스 / HDMI / DP포트 / 파워서플라이 / 빅타워 / 어항형 / 수랭쿨러 / LED쿨러 / 용도: 게임용,"16GB, M.2 1TB",3900000
248,다나와표준PC 전문가용 250926,9900X3D / RTX 5070 Ti / (AMD) X870E / OS미포함 / 1000W / AMD / 라이젠 9000시리즈 / 라이젠9 / 그래니트 릿지 / DDR5 / 16GB / HDD:2TB / M.2 / 1TB / NVIDIA / 그래픽 메모리: 16GB / 1Gbps 유선 / HDMI / DP포트 / 파워서플라이 / 빅타워 / 어항형 / 수랭쿨러 / LED쿨러 / 용도: 게임용,"16GB, M.2 1TB + HDD 2TB",4500000
249,STCOM STAI-V65,i5-12400F / GTX 1660 SUPER / (인텔) H610 / OS미포함 / 600W / 인텔 / 코어 12세대 / 코어i5 / 엘더레이크 / DDR4 / 32GB / M.2 / 1TB / NVIDIA / 1Gbps 유선 / 파워서플라이 / 미들타워 / 용도: 게임용,"32GB, M.2 1TB",1344260
250,다나와표준PC 게임용 251118,9700X / RX 9070 / (AMD) B850 / OS미포함 / 850W / AMD / 라이젠 9000시리즈 / 라이젠7 / 그래니트 릿지 / DDR5 / 16GB / M.2 / 1TB / AMD / 그래픽 메모리: 16GB / 1Gbps 유선 / HDMI / DP포트 / 파워서플라이 / 미들타워 / 어항형 / LED쿨러 / 용도: 게임용,"16GB, M.2 1TB",2850000
251,다나와표준PC 전문가용 250928,9950X3D / RTX 5080 / (AMD) X870E / OS미포함 / 1200W / AMD / 라이젠 9000시리즈 / 라이젠9 / 그래니트 릿지 / DDR5 / 32GB / HDD:4TB / M.2 / 1TB / NVIDIA / 그래픽 메모리: 16GB / 1Gbps 유선 / HDMI / DP포트 / 파워서플라이 / 미들타워 / 어항형 / 수랭쿨러 / LED쿨러 / 용도: 게임용,"32GB, M.2 1TB + HDD 4TB",7700000
252,타무즈 게이밍PC TZ33ER8FBAA,225F / RTX 5060 / (인텔) H810 / OS미포함 / 600W / 인텔 / 코어울트라 시리즈2 / 코어 울트라5 / 애로우레이크 / 인텔 AI Boost / 13TOPS / DDR5 / 16GB / M.2 / 1TB / NVIDIA / 그래픽 메모리: 8GB / 1Gbps 유선 / HDMI / DP포트 / USB3.x 5Gbps / 파워서플라이 / 미들타워 / 어항형 / 용도: 게임용,"16GB, M.2 1TB",1505530
253,STCOM STAI-V70,i5-14400F / RX 580 / (인텔) H610 / OS미포함 / 600W / 인텔 / 코어 14세대 / 코어i5 / 랩터레이크-R / DDR4 / 32GB / M.2 / 1TB / AMD / 1Gbps 유선 / 파워서플라이 / 미들타워 / 용도: 게임용,"32GB, M.2 1TB",1331040
254,타무즈 게이밍PC TZ33ES6FBAA,7500F / RTX 5060 / (AMD) B650 / OS미포함 / 600W / AMD / 라이젠 7000시리즈 / 라이젠5 / 라파엘 / DDR5 / 16GB / M.2 / 1TB / NVIDIA / 그래픽 메모리: 8GB / 1Gbps 유선 / HDMI / DP포트 / USB3.x 5Gbps / 파워서플라이 / 미들타워 / 어항형 / 용도: 게임용,"16GB, M.2 1TB",1508640
255,피씨스토어 베스트 게이밍 i5 13400F RTX5060,i5-13400F / RTX 5060 / (인텔) H610 / OS미포함 / 700W / 인텔 / 코어 13세대 / 코어i5 / 랩터레이크 / DDR5 / 16GB / M.2 / 1TB / NVIDIA / 그래픽 메모리: 8GB / 1Gbps 유선 / HDMI / DP포트 / 파워서플라이 / 미들타워 / LED쿨러 / 용도: 게임용,"16GB, M.2 1TB",1788580
256,STCOM STCP-SA03,9800X3D / RTX 5070 / (AMD) B650E / OS미포함 / 850W / AMD / 라이젠 9000시리즈 / 라이젠7 / 라파엘 / DDR5 / 32GB / M.2 / 2TB / NVIDIA / 그래픽 메모리: 12GB / 1Gbps 유선 / HDMI / DP포트 / 파워서플라이 / 미들타워 / 어항형 / 수랭쿨러 / LED쿨러 / 용도: 게임용,"32GB, M.2 2TB",3652000
257,MSI MAG CODEX R2 A5NVL I08 Win11Home,225F / RTX 5060 / (인텔) H810 / 윈도우11 / 600W / 인텔 / 코어울트라 시리즈2 / 코어 울트라5 / 애로우레이크 / 인텔 AI Boost / 13TOPS / DDR5 / 16GB / M.2 / 1TB / NVIDIA / 그래픽 메모리: 8GB / 2.5Gbps 유선 / HDMI / DP포트 / USB3.x 5Gbps / 파워서플라이 / 미들타워 / LED쿨러 / 용도: 게임용,"16GB, M.2 1TB",1778470
258,STCOM STAI-V117 Win11Home,7800X3D / RTX 5070 / (AMD) B650 / 윈도우11 / 850W / AMD / 라이젠 7000시리즈 / 라이젠7 / 라파엘 / DDR5 / 32GB / M.2 / 1TB / NVIDIA / 1Gbps 유선 / HDMI / DP포트 / 파워서플라이 / 미들타워 / 용도: 게임용,"32GB, M.2 1TB",3232660
259,다나와표준PC DPG 게임용 251023,265KF / RTX 5060 Ti / (인텔) B860 / OS미포함 / 850W / 인텔 / 코어울트라 시리즈2 / 코어 울트라7 / 애로우레이크 / 인텔 AI Boost / 13TOPS / DDR5 / 16GB / M.2 / 1TB / NVIDIA / 그래픽 메모리: 16GB / 1Gbps 유선 / HDMI / DP포트 / 파워서플라이 / 미들타워 / 어항형 / 수랭쿨러 / LED쿨러 / 용도: 게임용,"16GB, M.2 1TB",3170000
260,다나와표준PC 게임용 250619,9800X3D / RTX 5070 / (AMD) X870E / OS미포함 / 850W / AMD / 라이젠 9000시리즈 / 라이젠7 / 그래니트 릿지 / DDR5 / 16GB / M.2 / 1TB / NVIDIA / 그래픽 메모리: 12GB / 1Gbps 유선 / 파워서플라이 / 미들타워 / 용도: 게임용,"16GB, M.2 1TB",3544000
261,다나와표준PC 게임용 250510,7500F / RTX 3050 / (AMD) B650 / OS미포함 / 750W / AMD / 라이젠 7000시리즈 / 라이젠5 / 라파엘 / DDR5 / 16GB / M.2 / 256GB / NVIDIA / 그래픽 메모리: 6GB / 1Gbps 유선 / 파워서플라이 / 미들타워 / LED쿨러 / 용도: 게임용,"16GB, M.2 256GB",1340000
262,피씨스토어 베스트 게이밍PC 울트라 7 265K RTX5060Ti,265K / RTX 5060 Ti / (인텔) B860 / OS미포함 / 700W / 인텔 / 코어울트라 시리즈2 / 코어 울트라7 / 애로우레이크 / 인텔 AI Boost / 13TOPS / DDR5 / 16GB / M.2 / 500GB / NVIDIA / 그래픽 메모리: 8GB / 1Gbps 유선 / HDMI / DP포트 / 파워서플라이 / 미들타워 / 어항형 / LED쿨러 / 용도: 게임용,"16GB, M.2 500GB",2228790
263,MSI MAG 코덱스 X5 11TGK-R3070,i7-11700KF / RTX 3070 / (인텔) Z590 / 윈도우10 / 850W / 인텔 / 코어 11세대 / 코어i7 / 로켓레이크S / DDR4 / 16GB / M.2 / 512GB / NVIDIA / 그래픽 메모리: 8GB / 7.1채널 / 1Gbps 유선 / 802.11ax(Wi-Fi 6) 무선 / 블루투스 / USB3.x 10Gbps / USB3.x 5Gbps / USB C타입 5Gbps / 파워서플라이 / 미들타워 / 용도: 게임용,"16GB, M.2 512GB",2789990
264,MSI MAG Codex R2 A15NVN 에센셜 I05-E U5-225F RTX 5060 Ti 게이밍,225F / RTX 5060 Ti / (인텔) H810 / OS미포함 / 600W / 인텔 / 코어울트라 시리즈2 / 코어 울트라5 / 애로우레이크 / 인텔 AI Boost / 13TOPS / DDR5 / 16GB / M.2 / 1TB / NVIDIA / 그래픽 메모리: 16GB / 2.5Gbps 유선 / HDMI / DP포트 / USB3.x 5Gbps / 파워서플라이 / 미들타워 / LED쿨러 / 용도: 게임용,"16GB, M.2 1TB",1752060
265,다나와표준PC DPG 게임용 251022,7800X3D / RTX 5070 / (AMD) B850 / OS미포함 / 850W / AMD / 라이젠 7000시리즈 / 라이젠7 / 라파엘 / DDR5 / 16GB / M.2 / 1TB / NVIDIA / 그래픽 메모리: 12GB / 1Gbps 유선 / 802.11ax(Wi-Fi 6) 무선 / 블루투스 / HDMI / DP포트 / 파워서플라이 / 빅타워 / 수랭쿨러 / LED쿨러 / 용도: 게임용,"16GB, M.2 1TB",3500000
266,다나와표준PC 온라인강의용 251005,8600G / 760M / (AMD) A620 / OS미포함 / 700W / AMD / 라이젠 8000시리즈 / 라이젠5 / 피닉스 / DDR5 / 32GB / SSD / 240GB / AMD / 1Gbps 유선 / 파워서플라이 / 미들타워 / LED쿨러 / 용도: 게임용,"32GB, SSD 240GB",1350000
267,다나와표준PC 온라인강의용 250908,i5-12400F / RTX 5060 / (인텔) B760 / OS미포함 / 600W / 인텔 / 코어 12세대 / 코어i5 / 엘더레이크 / DDR5 / 16GB / M.2 / 1TB / NVIDIA / 그래픽 메모리: 8GB / 1Gbps 유선 / HDMI / DP포트 / 파워서플라이 / 미들타워 / LED쿨러 / 용도: 게임용,"16GB, M.2 1TB",1760000
268,STCOM STAI-V97,i5-12400F / RTX 5060 Ti / (인텔) H610 / OS미포함 / 700W / 인텔 / 코어 12세대 / 코어i5 / 엘더레이크 / DDR4 / 32GB / M.2 / 1TB / NVIDIA / 1Gbps 유선 / HDMI / DP포트 / 파워서플라이 / 미들타워 / 용도: 게임용,"32GB, M.2 1TB",1728990
269,STCOM STAI-V80,9800X3D / RX 9070 / (AMD) B650 / OS미포함 / 800W / AMD / 라이젠 9000시리즈 / 라이젠7 / 그래니트 릿지 / DDR5 / 32GB / M.2 / 1TB / AMD / 1Gbps 유선 / 파워서플라이 / 미들타워 / 용도: 게임용,"32GB, M.2 1TB",3148980
270,STCOM STAI-V27,7500F / RX 7800 XT / (AMD) B650 / OS미포함 / 700W / AMD / 라이젠 7000시리즈 / 라이젠5 / 라파엘 / DDR5 / 32GB / M.2 / 1TB / AMD / 1Gbps 유선 / 파워서플라이 / 미들타워 / 용도: 게임용,"32GB, M.2 1TB",2290380
271,다나와표준PC 게임용 251217,7800X3D / RTX 5060 / (AMD) B650 / OS미포함 / 750W / AMD / 라이젠 7000시리즈 / 라이젠7 / 라파엘 / DDR5 / 16GB / M.2 / 1TB / NVIDIA / 그래픽 메모리: 8GB / 1Gbps 유선 / HDMI / DP포트 / 파워서플라이 / 빅타워 / 어항형 / LED쿨러 / 용도: 게임용,"16GB, M.2 1TB",2390000
272,다나와표준PC 게임용 251211,7500F / RTX 5060 / (AMD) B650 / OS미포함 / 850W / AMD / 라이젠 7000시리즈 / 라이젠5 / 라파엘 / DDR5 / 16GB / M.2 / 1TB / NVIDIA / 그래픽 메모리: 8GB / 1Gbps 유선 / HDMI / DP포트 / 파워서플라이 / 미들타워 / LED쿨러 / 용도: 게임용,"16GB, M.2 1TB",2100000
273,다나와표준PC DPG 게임용 250922,9800X3D / RTX 5060 Ti / (AMD) B850 / OS미포함 / 850W / AMD / 라이젠 9000시리즈 / 라이젠7 / 그래니트 릿지 / DDR5 / 16GB / M.2 / 1TB / NVIDIA / 그래픽 메모리: 16GB / 1Gbps 유선 / HDMI / DP포트 / 파워서플라이 / 미들타워 / 어항형 / LED쿨러 / 용도: 게임용,"16GB, M.2 1TB",3478450
274,다나와표준PC 게임용 250913,9600X / RTX 5060 / (AMD) B850 / OS미포함 / 700W / AMD / 라이젠 9000시리즈 / 라이젠5 / 그래니트 릿지 / DDR5 / 16GB / M.2 / 500GB / NVIDIA / 그래픽 메모리: 8GB / 1Gbps 유선 / HDMI / DP포트 / 파워서플라이 / 미들타워 / LED쿨러 / 용도: 게임용,"16GB, M.2 500GB",1979000
275,다나와표준PC DPG 게임용 250823,265KF / RTX 5070 / (인텔) B860 / OS미포함 / 1000W / 인텔 / 코어울트라 시리즈2 / 코어 울트라7 / 애로우레이크 / 인텔 AI Boost / 13TOPS / DDR5 / 16GB / M.2 / 1TB / NVIDIA / 그래픽 메모리: 12GB / 1Gbps 유선 / HDMI / DP포트 / 파워서플라이 / 미들타워 / 어항형 / LED쿨러 / 용도: 게임용,"16GB, M.2 1TB",3498650
276,다나와표준PC 게임용 250820,265KF / RTX 5060 / (인텔) B860 / OS미포함 / 800W / 인텔 / 코어울트라 시리즈2 / 코어 울트라7 / 애로우레이크 / 인텔 AI Boost / 13TOPS / DDR5 / 16GB / M.2 / 1TB / NVIDIA / 그래픽 메모리: 8GB / 1Gbps 유선 / HDMI / DP포트 / 파워서플라이 / 미들타워 / 어항형 / 수랭쿨러 / LED쿨러 / 용도: 게임용,"16GB, M.2 1TB",2530000
277,다나와표준PC DPG 게임용 250724,9800X3D / RTX 5070 / (AMD) X870E / OS미포함 / 1050W / AMD / 라이젠 9000시리즈 / 라이젠7 / 그래니트 릿지 / DDR5 / 16GB / M.2 / 500GB / NVIDIA / 그래픽 메모리: 12GB / 1Gbps 유선 / 파워서플라이 / 빅타워 / 어항형 / 수랭쿨러 / LED쿨러 / 용도: 게임용,"16GB, M.2 500GB",3440000
278,다나와표준PC 게임용 250714,7600X / RX 9060 XT / (AMD) B850 / OS미포함 / 850W / AMD / 라이젠 7000시리즈 / 라이젠5 / 라파엘 / DDR5 / 16GB / M.2 / 500GB / AMD / 그래픽 메모리: 8GB / 1Gbps 유선 / 파워서플라이 / 미들타워 / 어항형 / LED쿨러 / 용도: 게임용,"16GB, M.2 500GB",2050000
279,다나와표준PC 게임용 250711,7500F / RTX 5060 / (AMD) B650 / OS미포함 / 750W / AMD / 라이젠 7000시리즈 / 라이젠5 / 라파엘 / DDR5 / 16GB / M.2 / 500GB / NVIDIA / 그래픽 메모리: 8GB / 1Gbps 유선 / 파워서플라이 / 미들타워 / 어항형 / LED쿨러 / 용도: 게임용,"16GB, M.2 500GB",1750000
280,다나와표준PC 게임용 250617,7800X3D / RTX 5060 Ti / (AMD) B650 / OS미포함 / 850W / AMD / 라이젠 7000시리즈 / 라이젠7 / 라파엘 / DDR5 / 16GB / M.2 / 1TB / NVIDIA / 그래픽 메모리: 8GB / 1Gbps 유선 / 파워서플라이 / 미들타워 / LED쿨러 / 용도: 게임용,"16GB, M.2 1TB",2594000
281,STCOM STAI-V50,i5-12400F / GTX 1660 SUPER / (인텔) B760 / OS미포함 / 600W / 인텔 / 코어 12세대 / 코어i5 / 엘더레이크 / DDR5 / 16GB / M.2 / 512GB / NVIDIA / 1Gbps 유선 / 파워서플라이 / 미들타워 / 용도: 게임용,"16GB, M.2 512GB",1160450
282,피씨스토어 감성 어항 PC 5600 RTX5060,5600 / RTX 5060 / (AMD) A520 / OS미포함 / 700W / AMD / 라이젠 5000시리즈 / 라이젠5 / 버미어 / DDR4 / 16GB / M.2 / 500GB / NVIDIA / 그래픽 메모리: 8GB / 1Gbps 유선 / HDMI / DP포트 / 파워서플라이 / 미들타워 / 어항형 / LED쿨러 / 용도: 게임용,"16GB, M.2 500GB",1464810
283,다나와표준PC 게임용 250713,7500F / RTX 5060 Ti / (AMD) B650 / OS미포함 / 700W / AMD / 라이젠 7000시리즈 / 라이젠5 / 라파엘 / DDR5 / 16GB / M.2 / 500GB / NVIDIA / 그래픽 메모리: 8GB / 1Gbps 유선 / 파워서플라이 / 미들타워 / 어항형 / LED쿨러 / 용도: 게임용,"16GB, M.2 500GB",1925000
284,다나와표준PC 전문가용 251027,285K / RTX 5070 / (인텔) Z890 / OS미포함 / 1000W / 인텔 / 코어울트라 시리즈2 / 코어 울트라9 / 애로우레이크 / 인텔 AI Boost / 13TOPS / DDR5 / 32GB / HDD:4TB / M.2 / 1TB / NVIDIA / 그래픽 메모리: 12GB / 1Gbps 유선 / 802.11ax(Wi-Fi 6) 무선 / 블루투스 / HDMI / DP포트 / 파워서플라이 / 미들타워 / 어항형 / 수랭쿨러 / LED쿨러 / 용도: 게임용,"32GB, M.2 1TB + HDD 4TB",5058500
285,STCOM STAI-V66,i5-12400F / RX 580 / (인텔) H610 / OS미포함 / 600W / 인텔 / 코어 12세대 / 코어i5 / 엘더레이크 / DDR4 / 32GB / M.2 / 1TB / AMD / 1Gbps 유선 / 파워서플라이 / 미들타워 / 용도: 게임용,"32GB, M.2 1TB",1278350
286,다나와표준PC 게임용 260113,9600X / RTX 5060 / (AMD) B850 / OS미포함 / 800W / AMD / 라이젠 9000시리즈 / 라이젠5 / 그래니트 릿지 / DDR5 / 16GB / M.2 / 1TB / NVIDIA / 그래픽 메모리: 8GB / 1Gbps 유선 / HDMI / DP포트 / 파워서플라이 / 미들타워 / 어항형 / 용도: 게임용,"16GB, M.2 1TB",1990990
287,다나와표준PC 게임용 251111,7500F / RTX 5060 / (AMD) B650 / OS미포함 / 1000W / AMD / 라이젠 7000시리즈 / 라이젠5 / 라파엘 / DDR5 / 16GB / M.2 / 500GB / NVIDIA / 그래픽 메모리: 8GB / 1Gbps 유선 / HDMI / DP포트 / 파워서플라이 / 미들타워 / 어항형 / 용도: 게임용,"16GB, M.2 500GB",2050000
288,다나와표준PC 전문가용 251025,9800X3D / RTX 5060 Ti / (AMD) X870E / OS미포함 / 1000W / AMD / 라이젠 9000시리즈 / 라이젠7 / 그래니트 릿지 / DDR5 / 16GB / M.2 / 1TB / NVIDIA / 그래픽 메모리: 16GB / 1Gbps 유선 / 802.11ax(Wi-Fi 6) 무선 / 블루투스 / HDMI / DP포트 / 파워서플라이 / 미들타워 / 어항형 / 수랭쿨러 / LED쿨러 / 용도: 게임용,"16GB, M.2 1TB",4049990
289,다나와표준PC 게임용 250715,7800X3D / RTX 5060 / (AMD) B850 / OS미포함 / 850W / AMD / 라이젠 7000시리즈 / 라이젠7 / 라파엘 / DDR5 / 16GB / M.2 / 512GB / NVIDIA / 그래픽 메모리: 8GB / 1Gbps 유선 / 파워서플라이 / 미들타워 / LED쿨러 / 용도: 게임용,"16GB, M.2 512GB",2350000
290,STCOM STAI-V157 Win11Home,7500F / RX 9060 XT / (AMD) A620 / 윈도우11 / 600W / AMD / 라이젠 7000시리즈 / 라이젠5 / 라파엘 / DDR5 / 16GB / M.2 / 512GB / AMD / 그래픽 메모리: 8GB / 1Gbps 유선 / HDMI / DP포트 / 파워서플라이 / 미들타워 / 용도: 게임용,"16GB, M.2 512GB",1648760
291,STCOM STAI-V60,i5-14400F / RX 580 / (인텔) B760 / OS미포함 / 600W / 인텔 / 코어 14세대 / 코어i5 / 랩터레이크-R / DDR5 / 32GB / M.2 / 1TB / AMD / 1Gbps 유선 / 파워서플라이 / 미들타워 / 용도: 게임용,"32GB, M.2 1TB",1606990
292,다나와표준PC 전문가용 251227,285K / RTX 5060 Ti / (인텔) Z890 / OS미포함 / 850W / 인텔 / 코어울트라 시리즈2 / 코어 울트라9 / 애로우레이크 / 인텔 AI Boost / 13TOPS / DDR5 / 32GB / HDD:2TB / M.2 / 1TB / NVIDIA / 그래픽 메모리: 16GB / 1Gbps 유선 / HDMI / DP포트 / 파워서플라이 / 미들타워 / 어항형 / 수랭쿨러 / LED쿨러 / 용도: 게임용,"32GB, M.2 1TB + HDD 2TB",4796470
293,다나와표준PC 게임용 251114,9600 / RTX 5060 / (AMD) B650 / OS미포함 / 850W / AMD / 라이젠 9000시리즈 / 라이젠5 / 그래니트 릿지 / DDR5 / 16GB / M.2 / 512GB / NVIDIA / 그래픽 메모리: 8GB / 1Gbps 유선 / HDMI / DP포트 / 파워서플라이 / 미들타워 / LED쿨러 / 용도: 게임용,"16GB, M.2 512GB",2050000
294,STCOM STAI-V59,i5-14400F / RX 580 / (인텔) B760 / OS미포함 / 600W / 인텔 / 코어 14세대 / 코어i5 / 랩터레이크-R / DDR5 / 16GB / M.2 / 512GB / AMD / 1Gbps 유선 / 파워서플라이 / 미들타워 / 용도: 게임용,"16GB, M.2 512GB",1147740
295,포유컴퓨터 퍼포먼스PC 56 i5 14400F RTX5070,i5-14400F / RTX 5070 / (인텔) B760 / OS미포함 / 800W / 인텔 / 코어 14세대 / 코어i5 / 랩터레이크-R / DDR5 / 16GB / M.2 / 500GB / NVIDIA / 1Gbps 유선 / HDMI / DP포트 / 파워서플라이 / 미들타워 / 용도: 게임용,"16GB, M.2 500GB",2229120
296,STCOM 데스크프로 PC A75N56 7500F 5060,7500F / RTX 5060 / (AMD) A620 / OS미포함 / 700W / AMD / 라이젠 7000시리즈 / 라이젠5 / 라파엘 / DDR5 / 16GB / M.2 / 512GB / NVIDIA / 그래픽 메모리: 8GB / 1Gbps 유선 / HDMI / DP포트 / 파워서플라이 / 미들타워 / 용도: 게임용,"16GB, M.2 512GB",1453240
297,STCOM STAI-V135,i5-14400F / RTX 5060 Ti / (인텔) H610 / OS미포함 / 700W / 인텔 / 코어 14세대 / 코어i5 / 랩터레이크-R / DDR4 / 16GB / M.2 / 512GB / NVIDIA / 그래픽 메모리: 8GB / 1Gbps 유선 / HDMI / DP포트 / 파워서플라이 / 미들타워 / 용도: 게임용,"16GB, M.2 512GB",1457930
298,다나와표준PC 게임용 250609,5600 / RX 6600 / (AMD) A520 / OS미포함 / 800W / AMD / 라이젠 5000시리즈 / 라이젠5 / 버미어 / DDR4 / 16GB / SSD / 240GB / AMD / 그래픽 메모리: 8GB / 1Gbps 유선 / 파워서플라이 / 미들타워 / 어항형 / LED쿨러 / 용도: 게임용,"16GB, SSD 240GB",1240000
299,STCOM STAI-V104,5600 / RTX 5060 Ti / (AMD) A520 / OS미포함 / 700W / AMD / 라이젠 5000시리즈 / 라이젠5 / 버미어 / DDR4 / 16GB / M.2 / 512GB / NVIDIA / 1Gbps 유선 / HDMI / DP포트 / 파워서플라이 / 미들타워 / 용도: 게임용,"16GB, M.2 512GB",1350770
300,STCOM 데스크프로 PC A96N56 9600X 5060,9600X / RTX 5060 / (AMD) A620 / OS미포함 / 700W / AMD / 라이젠 9000시리즈 / 라이젠5 / 그래니트 릿지 / DDR5 / 16GB / M.2 / 512GB / NVIDIA / 그래픽 메모리: 8GB / 1Gbps 유선 / HDMI / DP포트 / 파워서플라이 / 미들타워 / 용도: 게임용,"16GB, M.2 512GB",1539720
301,영웅컴퓨터 영웅 게이밍울트라 7550 R5 7500F RTX5050,7500F / RTX 5050 / (AMD) A620 / OS미포함 / 600W / AMD / 라이젠 7000시리즈 / 라이젠5 / 라파엘 / DDR5 / 16GB / M.2 / 512GB / NVIDIA / 그래픽 메모리: 8GB / 1Gbps 유선 / HDMI / DP포트 / 파워서플라이 / 미들타워 / LED쿨러 / 용도: 게임용,"16GB, M.2 512GB",1349650
302,STCOM STCP-AA31,9800X3D / RTX 5070 / (AMD) B850 / OS미포함 / 800W / AMD / 라이젠 9000시리즈 / 라이젠7 / 그래니트 릿지 / DDR5 / 32GB / M.2 / 2TB / NVIDIA / 그래픽 메모리: 12GB / 1Gbps 유선 / HDMI / DP포트 / 파워서플라이 / 미들타워 / 어항형 / 용도: 게임용,"32GB, M.2 2TB",3530000
303,STCOM STAI-V82,5600 / GTX 1660 SUPER / (AMD) A520 / OS미포함 / 600W / AMD / 라이젠 5000시리즈 / 라이젠5 / 버미어 / DDR4 / 32GB / M.2 / 1TB / NVIDIA / 1Gbps 유선 / 파워서플라이 / 미들타워 / 용도: 게임용,"32GB, M.2 1TB",1274640
304,다나와표준PC 게임용 250809,7500F / RTX 5050 / (AMD) B650 / OS미포함 / 700W / AMD / 라이젠 7000시리즈 / 라이젠5 / 라파엘 / DDR5 / 16GB / SSD / 240GB / NVIDIA / 그래픽 메모리: 8GB / 1Gbps 유선 / HDMI / DP포트 / 파워서플라이 / 미들타워 / LED쿨러 / 용도: 게임용,"16GB, SSD 240GB",1505000
305,다나와표준PC DPG 게임용 251221,245K / RTX 5060 Ti / (인텔) B860 / OS미포함 / 850W / 인텔 / 코어울트라 시리즈2 / 코어 울트라5 / 애로우레이크 / 인텔 AI Boost / 13TOPS / DDR5 / 16GB / M.2 / 1TB / NVIDIA / 그래픽 메모리: 8GB / 1Gbps 유선 / HDMI / DP포트 / 파워서플라이 / 미들타워 / 어항형 / LED쿨러 / 용도: 게임용,"16GB, M.2 1TB",2344000
306,다나와표준PC 게임용 250911,7500F / RTX 3050 / (AMD) B650 / OS미포함 / 800W / AMD / 라이젠 7000시리즈 / 라이젠5 / 라파엘 / DDR5 / 16GB / M.2 / 500GB / NVIDIA / 그래픽 메모리: 6GB / 1Gbps 유선 / HDMI / DP포트 / 파워서플라이 / 미들타워 / 어항형 / LED쿨러 / 용도: 게임용,"16GB, M.2 500GB",1465000
307,다나와표준PC DPG 게임용 250822,9800X3D / RTX 5060 Ti / (AMD) B850 / OS미포함 / 850W / AMD / 라이젠 9000시리즈 / 라이젠7 / 그래니트 릿지 / DDR5 / 16GB / M.2 / 1TB / NVIDIA / 그래픽 메모리: 16GB / 1Gbps 유선 / HDMI / DP포트 / 파워서플라이 / 미들타워 / 어항형 / 수랭쿨러 / LED쿨러 / 용도: 게임용,"16GB, M.2 1TB",3000000
308,다나와표준PC 온라인강의용 250808,i5-12400F / RTX 3050 / (인텔) H610 / OS미포함 / 800W / 인텔 / 코어 12세대 / 코어i5 / 엘더레이크 / DDR5 / 16GB / M.2 / 500GB / NVIDIA / 그래픽 메모리: 6GB / 1Gbps 유선 / 파워서플라이 / 미들타워 / 어항형 / LED쿨러 / 용도: 게임용,"16GB, M.2 500GB",1440000
309,다나와표준PC 게임용 251209,7500F / RX 9060 / (AMD) B650 / OS미포함 / 750W / AMD / 라이젠 7000시리즈 / 라이젠5 / 라파엘 / DDR5 / 16GB / M.2 / 512GB / AMD / 그래픽 메모리: 8GB / 1Gbps 유선 / HDMI / DP포트 / 파워서플라이 / 미들타워 / 어항형 / LED쿨러 / 용도: 게임용,"16GB, M.2 512GB",1700000
310,다나와표준PC DPG 게임용 250924,9800X3D / RTX 5070 / (AMD) X870E / OS미포함 / 850W / AMD / 라이젠 9000시리즈 / 라이젠7 / 그래니트 릿지 / DDR5 / 16GB / M.2 / 1TB / NVIDIA / 그래픽 메모리: 12GB / 1Gbps 유선 / HDMI / DP포트 / 파워서플라이 / 미들타워 / 어항형 / 수랭쿨러 / LED쿨러 / 용도: 게임용,"16GB, M.2 1TB",3820000
311,다나와표준PC 게임용 250915,9600X / RX 9060 XT / (AMD) B850 / OS미포함 / 850W / AMD / 라이젠 9000시리즈 / 라이젠5 / 그래니트 릿지 / DDR5 / 16GB / M.2 / 500GB / AMD / 그래픽 메모리: 8GB / 1Gbps 유선 / HDMI / DP포트 / 파워서플라이 / 미들타워 / 어항형 / 용도: 게임용,"16GB, M.2 500GB",2250000
312,다나와표준PC 게임용 250914,9600X / RX 9070 XT / (AMD) B650 / OS미포함 / 850W / AMD / 라이젠 9000시리즈 / 라이젠5 / 그래니트 릿지 / DDR5 / 16GB / M.2 / 512GB / AMD / 그래픽 메모리: 16GB / 1Gbps 유선 / HDMI / DP포트 / 파워서플라이 / 미들타워 / LED쿨러 / 용도: 게임용,"16GB, M.2 512GB",2750000
313,다나와표준PC 전문가용 250727,285K / RTX 5080 / (인텔) Z890 / OS미포함 / 1000W / 인텔 / 코어울트라 시리즈2 / 코어 울트라9 / 애로우레이크 / 인텔 AI Boost / 13TOPS / DDR5 / 16GB / HDD:4TB / M.2 / 512GB / NVIDIA / 그래픽 메모리: 16GB / 1Gbps 유선 / 파워서플라이 / 미들타워 / 어항형 / 수랭쿨러 / LED쿨러 / 용도: 게임용,"16GB, M.2 512GB + HDD 4TB",6080840
314,다나와표준PC DPG 게임용 250623,225F / RTX 5070 / (인텔) B860 / OS미포함 / 850W / 인텔 / 코어울트라 시리즈2 / 코어 울트라5 / 애로우레이크 / 인텔 AI Boost / 13TOPS / DDR5 / 16GB / M.2 / 1TB / NVIDIA / 그래픽 메모리: 12GB / 1Gbps 유선 / 파워서플라이 / 미들타워 / 수랭쿨러 / LED쿨러 / 용도: 게임용,"16GB, M.2 1TB",2996000
315,다나와표준PC 게임용 250620,265F / RTX 5070 / (인텔) B860 / OS미포함 / 850W / 인텔 / 코어울트라 시리즈2 / 코어 울트라7 / 애로우레이크 / 인텔 AI Boost / 13TOPS / DDR5 / 16GB / M.2 / 1TB / NVIDIA / 그래픽 메모리: 12GB / 1Gbps 유선 / 파워서플라이 / 미들타워 / 수랭쿨러 / LED쿨러 / 용도: 게임용,"16GB, M.2 1TB",2900000
316,다나와표준PC 게임용 250420,265F / RTX 5070 / (인텔) Z890 / OS미포함 / 850W / 인텔 / 코어울트라 시리즈2 / 코어 울트라7 / 애로우레이크 / 인텔 AI Boost / 13TOPS / DDR5 / 16GB / M.2 / 1TB / NVIDIA / 그래픽 메모리: 12GB / 1Gbps 유선 / 파워서플라이 / 미들타워 / 어항형 / 수랭쿨러 / LED쿨러 / 용도: 게임용,"16GB, M.2 1TB",3650800
317,STCOM STAI-V58,i5-14400F / GTX 1660 SUPER / (인텔) B760 / OS미포함 / 600W / 인텔 / 코어 14세대 / 코어i5 / 랩터레이크-R / DDR5 / 32GB / M.2 / 1TB / NVIDIA / 1Gbps 유선 / 파워서플라이 / 미들타워 / 용도: 게임용,"32GB, M.2 1TB",1699520
318,다나와표준PC DPG 게임용 251222,9800X3D / RTX 5060 / (AMD) B850 / OS미포함 / 750W / AMD / 라이젠 9000시리즈 / 라이젠7 / 그래니트 릿지 / DDR5 / 16GB / M.2 / 1TB / NVIDIA / 그래픽 메모리: 8GB / 1Gbps 유선 / HDMI / DP포트 / 파워서플라이 / 미들타워 / LED쿨러 / 용도: 게임용,"16GB, M.2 1TB",2840000
319,다나와표준PC 게임용 251219,7800X3D / RTX 5060 Ti / (AMD) B850 / OS미포함 / 750W / AMD / 라이젠 7000시리즈 / 라이젠7 / 라파엘 / DDR5 / 16GB / M.2 / 1TB / NVIDIA / 그래픽 메모리: 16GB / 1Gbps 유선 / HDMI / DP포트 / 파워서플라이 / 미들타워 / 용도: 게임용,"16GB, M.2 1TB",3040000
320,다나와표준PC 게임용 251213,9600X / RX 9060 / (AMD) B650 / OS미포함 / 700W / AMD / 라이젠 9000시리즈 / 라이젠5 / 그래니트 릿지 / DDR5 / 16GB / M.2 / 1TB / AMD / 그래픽 메모리: 8GB / 1Gbps 유선 / HDMI / DP포트 / 파워서플라이 / 미들타워 / 어항형 / LED쿨러 / 용도: 게임용,"16GB, M.2 1TB",2070000
321,다나와표준PC 게임용 251212,7600 / RTX 5060 / (AMD) B850 / OS미포함 / 850W / AMD / 라이젠 7000시리즈 / 라이젠5 / 라파엘 / DDR5 / 16GB / M.2 / 1TB / NVIDIA / 그래픽 메모리: 8GB / 1Gbps 유선 / HDMI / DP포트 / 파워서플라이 / 미들타워 / 어항형 / 용도: 게임용,"16GB, M.2 1TB",2140000
322,다나와표준PC 게임용 251117,9700X / RX 9060 XT / (AMD) B650 / OS미포함 / 750W / AMD / 라이젠 9000시리즈 / 라이젠7 / 그래니트 릿지 / DDR5 / 16GB / M.2 / 512GB / AMD / 그래픽 메모리: 8GB / 1Gbps 유선 / HDMI / DP포트 / 파워서플라이 / 미들타워 / LED쿨러 / 용도: 게임용,"16GB, M.2 512GB",2250000
323,다나와표준PC DPG 게임용 251021,245K / RTX 5060 / (인텔) B860 / OS미포함 / 850W / 인텔 / 코어울트라 시리즈2 / 코어 울트라5 / 애로우레이크 / 인텔 AI Boost / 13TOPS / DDR5 / 16GB / M.2 / 1TB / NVIDIA / 그래픽 메모리: 8GB / 1Gbps 유선 / 802.11ax(Wi-Fi 6) 무선 / 블루투스 / HDMI / DP포트 / 파워서플라이 / 미들타워 / LED쿨러 / 용도: 게임용,"16GB, M.2 1TB",2390000
324,다나와표준PC 게임용 251020,i5-14600KF / RX 9070 XT / (인텔) B760 / OS미포함 / 750W / 인텔 / 코어 14세대 / 코어i5 / 랩터레이크-R / DDR5 / 16GB / M.2 / 1TB / AMD / 그래픽 메모리: 16GB / 1Gbps 유선 / HDMI / DP포트 / 파워서플라이 / 미들타워 / 수랭쿨러 / LED쿨러 / 용도: 게임용,"16GB, M.2 1TB",3360000
325,다나와표준PC DPG 게임용 250923,265KF / RTX 5060 / (인텔) B860 / OS미포함 / 850W / 인텔 / 코어울트라 시리즈2 / 코어 울트라7 / 애로우레이크 / 인텔 AI Boost / 13TOPS / DDR5 / 16GB / M.2 / 1TB / NVIDIA / 그래픽 메모리: 8GB / 1Gbps 유선 / HDMI / DP포트 / 파워서플라이 / 미들타워 / 어항형 / 수랭쿨러 / LED쿨러 / 용도: 게임용,"16GB, M.2 1TB",2949000
326,다나와표준PC 게임용 250819,7800X3D / RTX 5070 / (AMD) B850 / OS미포함 / 750W / AMD / 라이젠 7000시리즈 / 라이젠7 / 라파엘 / DDR5 / 16GB / M.2 / 1TB / NVIDIA / 그래픽 메모리: 12GB / 1Gbps 유선 / HDMI / DP포트 / 파워서플라이 / 미들타워 / LED쿨러 / 용도: 게임용,"16GB, M.2 1TB",3600000
327,다나와표준PC 게임용 250817,7800X3D / RTX 5060 / (AMD) B850 / OS미포함 / 850W / AMD / 라이젠 7000시리즈 / 라이젠7 / 라파엘 / DDR5 / 16GB / M.2 / 1TB / NVIDIA / 그래픽 메모리: 8GB / 1Gbps 유선 / HDMI / DP포트 / 파워서플라이 / 미들타워 / 수랭쿨러 / 용도: 게임용,"16GB, M.2 1TB",2400000
328,다나와표준PC 게임용 250814,9600X / RTX 5060 / (AMD) B650 / OS미포함 / 850W / AMD / 라이젠 9000시리즈 / 라이젠5 / 그래니트 릿지 / DDR5 / 16GB / M.2 / 500GB / NVIDIA / 그래픽 메모리: 8GB / 1Gbps 유선 / HDMI / DP포트 / 파워서플라이 / 미들타워 / 어항형 / LED쿨러 / 용도: 게임용,"16GB, M.2 500GB",2020000
329,다나와표준PC 전문가용 250725,265K / RTX 5070 / (인텔) B860 / OS미포함 / 1000W / 인텔 / 코어울트라 시리즈2 / 코어 울트라7 / 애로우레이크 / 인텔 AI Boost / 13TOPS / DDR5 / 16GB / M.2 / 512GB / NVIDIA / 그래픽 메모리: 12GB / 1Gbps 유선 / 파워서플라이 / 미들타워 / 어항형 / 수랭쿨러 / LED쿨러 / 용도: 게임용,"16GB, M.2 512GB",3490000
330,STCOM STAI-V136,i5-14400F / RTX 5060 Ti / (인텔) H610 / OS미포함 / 700W / 인텔 / 코어 14세대 / 코어i5 / 랩터레이크-R / DDR4 / 32GB / M.2 / 1TB / NVIDIA / 그래픽 메모리: 8GB / 1Gbps 유선 / HDMI / DP포트 / 파워서플라이 / 미들타워 / 용도: 게임용,"32GB, M.2 1TB",1788810
331,다나와표준PC 전문가용 250627,265KF / RTX 5070 / (인텔) Z890 / OS미포함 / 1050W / 인텔 / 코어울트라 시리즈2 / 코어 울트라7 / 애로우레이크 / 인텔 AI Boost / 13TOPS / DDR5 / 16GB / HDD:4TB / M.2 / 512GB / NVIDIA / 그래픽 메모리: 12GB / 1Gbps 유선 / 파워서플라이 / 미들타워 / 어항형 / 수랭쿨러 / LED쿨러 / 용도: 게임용,"16GB, M.2 512GB + HDD 4TB",3694000
332,다나와표준PC 게임용 250615,7600 / RTX 5060 / (AMD) B850 / OS미포함 / 700W / AMD / 라이젠 7000시리즈 / 라이젠5 / 라파엘 / DDR5 / 16GB / M.2 / 512GB / NVIDIA / 그래픽 메모리: 8GB / 1Gbps 유선 / 파워서플라이 / 미들타워 / 어항형 / LED쿨러 / 용도: 게임용,"16GB, M.2 512GB",2300000
333,STCOM STAI-V78,7800X3D / RX 9070 / (AMD) B650 / OS미포함 / 800W / AMD / 라이젠 7000시리즈 / 라이젠7 / 라파엘 / DDR5 / 32GB / M.2 / 1TB / AMD / 1Gbps 유선 / 파워서플라이 / 미들타워 / 용도: 게임용,"32GB, M.2 1TB",3006940
334,STCOM STAI-V55,i5-12400F / RX 7600 / (인텔) B760 / OS미포함 / 600W / 인텔 / 코어 12세대 / 코어i5 / 엘더레이크 / DDR5 / 32GB / M.2 / 1TB / AMD / 1Gbps 유선 / 파워서플라이 / 미들타워 / 용도: 게임용,"32GB, M.2 1TB",1765730
335,다나와표준PC 전문가용 250728,9950X3D / RTX 5080 / (AMD) X870E / OS미포함 / 1200W / AMD / 라이젠 9000시리즈 / 라이젠9 / 그래니트 릿지 / DDR5 / 16GB / HDD:4TB / M.2 / 1TB / NVIDIA / 그래픽 메모리: 16GB / 1Gbps 유선 / 파워서플라이 / 미들타워 / 어항형 / 수랭쿨러 / 용도: 게임용,"16GB, M.2 1TB + HDD 4TB",6700000
336,다나와표준PC 게임용 250614,7600 / RTX 5060 Ti / (AMD) B850 / OS미포함 / 800W / AMD / 라이젠 7000시리즈 / 라이젠5 / 라파엘 / DDR5 / 16GB / M.2 / 500GB / NVIDIA / 그래픽 메모리: 8GB / 1Gbps 유선 / 파워서플라이 / 미들타워 / 어항형 / LED쿨러 / 용도: 게임용,"16GB, M.2 500GB",2250000
337,다나와표준PC 전문가용 250427,265KF / RTX 3050 / (인텔) Z890 / OS미포함 / 1000W / 인텔 / 코어울트라 시리즈2 / 코어 울트라7 / 애로우레이크 / 인텔 AI Boost / 13TOPS / DDR5 / 16GB / HDD:4TB / M.2 / 1TB / NVIDIA / 그래픽 메모리: 6GB / 1Gbps 유선 / 파워서플라이 / 미들타워 / 어항형 / 수랭쿨러 / LED쿨러 / 용도: 게임용,"16GB, M.2 1TB + HDD 4TB",2600000
338,영웅컴퓨터 영웅 게이밍SE 001 i5-12400F RTX5050,i5-12400F / RTX 5050 / (인텔) H610 / OS미포함 / 600W / 인텔 / 코어 12세대 / 코어i5 / 엘더레이크 / DDR4 / 16GB / M.2 / 512GB / NVIDIA / 그래픽 메모리: 8GB / 1Gbps 유선 / HDMI / DP포트 / 파워서플라이 / 미들타워 / 어항형 / 용도: 게임용,"16GB, M.2 512GB",1159660
339,다나와표준PC DPG 게임용 250624,7800X3D / RTX 5070 / (AMD) X870E / OS미포함 / 850W / AMD / 라이젠 7000시리즈 / 라이젠7 / 라파엘 / DDR5 / 16GB / M.2 / 500GB / NVIDIA / 그래픽 메모리: 12GB / 1Gbps 유선 / 파워서플라이 / 미들타워 / 어항형 / 수랭쿨러 / LED쿨러 / 용도: 게임용,"16GB, M.2 500GB",3250000
340,STCOM STAI-V69,i5-14400F / RX 580 / (인텔) H610 / OS미포함 / 600W / 인텔 / 코어 14세대 / 코어i5 / 랩터레이크-R / DDR4 / 16GB / M.2 / 512GB / AMD / 1Gbps 유선 / 파워서플라이 / 미들타워 / 용도: 게임용,"16GB, M.2 512GB",969140
341,다나와표준PC 게임용 250213,7500F / RTX 4060 / (AMD) B650 / OS미포함 / 600W / AMD / 라이젠 7000시리즈 / 라이젠5 / 라파엘 / DDR5 / 16GB / M.2 / 500GB / NVIDIA / 그래픽 메모리: 8GB / 1Gbps 유선 / HDMI / DP포트 / 파워서플라이 / 미들타워 / 어항형 / LED쿨러 / 용도: 게임용,"16GB, M.2 500GB",2304350
342,타무즈 게이밍PC TZ320S6GCAA,7500F / RTX 5060 Ti / (AMD) B650 / OS미포함 / 700W / AMD / 라이젠 7000시리즈 / 라이젠5 / 라파엘 / DDR5 / 16GB / M.2 / 512GB / NVIDIA / 그래픽 메모리: 8GB / 1Gbps 유선 / HDMI / DP포트 / USB3.x 5Gbps / 파워서플라이 / 미들타워 / 용도: 게임용,"16GB, M.2 512GB",1650510
343,영웅컴퓨터 영웅 H게이밍 2570F 225F RTX5070,225F / RTX 5070 / (인텔) H810 / OS미포함 / 750W / 인텔 / 코어울트라 시리즈2 / 코어 울트라5 / 애로우레이크 / 인텔 AI Boost / 13TOPS / DDR5 / 32GB / M.2 / 1TB / NVIDIA / 그래픽 메모리: 12GB / 1Gbps 유선 / HDMI / DP포트 / 파워서플라이 / 미들타워 / 어항형 / LED쿨러 / 용도: 게임용,"32GB, M.2 1TB",2689630
344,영웅컴퓨터 영웅 울트라게이밍 U7265 265KF RTX5070Ti,265KF / RTX 5070 Ti / (인텔) B860 / OS미포함 / 800W / 인텔 / 코어울트라 시리즈2 / 코어 울트라7 / 애로우레이크 / 인텔 AI Boost / 13TOPS / DDR5 / 32GB / M.2 / 1TB / NVIDIA / 그래픽 메모리: 16GB / 1Gbps 유선 / HDMI / DP포트 / 파워서플라이 / 미들타워 / 어항형 / 수랭쿨러 / 용도: 게임용,"32GB, M.2 1TB",3709640
345,STCOM STAI-V141,5600 / RTX 5060 / (AMD) A520 / OS미포함 / 600W / AMD / 라이젠 5000시리즈 / 라이젠5 / 버미어 / DDR4 / 32GB / M.2 / 1TB / NVIDIA / 그래픽 메모리: 8GB / 1Gbps 유선 / HDMI / DP포트 / 파워서플라이 / 미들타워 / 용도: 게임용,"32GB, M.2 1TB",1572610
346,STCOM STAI-V71,i5-14400F / RX 7600 / (인텔) H610 / OS미포함 / 600W / 인텔 / 코어 14세대 / 코어i5 / 랩터레이크-R / DDR4 / 16GB / M.2 / 512GB / AMD / 1Gbps 유선 / 파워서플라이 / 미들타워 / 용도: 게임용,"16GB, M.2 512GB",1205080
347,STCOM STAI-V108,9600X / RTX 5060 Ti / (AMD) A620 / OS미포함 / 700W / AMD / 라이젠 9000시리즈 / 라이젠5 / 그래니트 릿지 / DDR5 / 16GB / M.2 / 512GB / NVIDIA / 1Gbps 유선 / HDMI / DP포트 / 파워서플라이 / 미들타워 / 용도: 게임용,"16GB, M.2 512GB",1655330
348,STCOM STAI-V178,7500F / RX 9070 XT / (AMD) A620 / OS미포함 / 850W / AMD / 라이젠 7000시리즈 / 라이젠5 / 라파엘 / DDR5 / 32GB / M.2 / 1TB / AMD / 그래픽 메모리: 16GB / 1Gbps 유선 / HDMI / DP포트 / 파워서플라이 / 미들타워 / 용도: 게임용,"32GB, M.2 1TB",2508860
349,STCOM STAI-V139,i5-12400F / RTX 5060 / (인텔) B760 / OS미포함 / 600W / 인텔 / 코어 12세대 / 코어i5 / 엘더레이크 / DDR5 / 16GB / M.2 / 512GB / NVIDIA / 그래픽 메모리: 8GB / 1Gbps 유선 / HDMI / DP포트 / 파워서플라이 / 미들타워 / 용도: 게임용,"16GB, M.2 512GB",1412810
350,다나와표준PC 전문가용 251225,265K / RTX 5060 / (인텔) B860 / OS미포함 / 700W / 인텔 / 코어울트라 시리즈2 / 코어 울트라7 / 애로우레이크 / 인텔 AI Boost / 13TOPS / DDR5 / 32GB / M.2 / 1TB / NVIDIA / 그래픽 메모리: 8GB / 1Gbps 유선 / HDMI / DP포트 / 파워서플라이 / 미들타워 / 어항형 / 수랭쿨러 / LED쿨러 / 용도: 게임용,"32GB, M.2 1TB",3700000
351,다나와표준PC 게임용 250610,7500F / RTX 3050 / (AMD) B650 / OS미포함 / 700W / AMD / 라이젠 7000시리즈 / 라이젠5 / 라파엘 / DDR5 / 16GB / M.2 / 500GB / NVIDIA / 그래픽 메모리: 6GB / 1Gbps 유선 / 파워서플라이 / 미들타워 / LED쿨러 / 용도: 게임용,"16GB, M.2 500GB",1490000
352,다나와표준PC 게임용 250419,9800X3D / RTX 5070 / (AMD) B850 / OS미포함 / 850W / AMD / 라이젠 9000시리즈 / 라이젠7 / 그래니트 릿지 / DDR5 / 16GB / M.2 / 1TB / NVIDIA / 그래픽 메모리: 12GB / 1Gbps 유선 / 파워서플라이 / 미들타워 / 용도: 게임용,"16GB, M.2 1TB",3600000
353,다나와표준PC 전문가용 250625,265 / RTX 3050 / (인텔) B860 / OS미포함 / 850W / 인텔 / 코어울트라 시리즈2 / 코어 울트라7 / 애로우레이크 / 인텔 AI Boost / 13TOPS / DDR5 / 16GB / M.2 / 512GB / NVIDIA / 그래픽 메모리: 6GB / 1Gbps 유선 / 파워서플라이 / 미들타워 / 어항형 / 수랭쿨러 / LED쿨러 / 용도: 게임용,"16GB, M.2 512GB",2304300
354,STCOM STAI-V7 Win11,5600 / RX 7600 / (AMD) A520 / 윈도우11 / 600W / AMD / 라이젠 5000시리즈 / 라이젠5 / 버미어 / DDR4 / 16GB / M.2 / 512GB / AMD / 1Gbps 유선 / 파워서플라이 / 미들타워 / 용도: 게임용,"16GB, M.2 512GB",1316940
355,다나와표준PC 게임용 220809,5500 / RX 6500 XT / (AMD) A520 / OS미포함 / 500W / AMD / 라이젠 5000시리즈 / 라이젠5 / 세잔 / DDR4 / 16GB / M.2 / 500GB / AMD / 그래픽 메모리: 4GB / 1Gbps 유선 / HDMI / DP포트 / USB3.x 5Gbps / 파워서플라이 / 미들타워 / 용도: 게임용,"16GB, M.2 500GB",1713150
356,다나와표준PC 게임용 251010,7500F / RX 9060 XT / (AMD) B850 / OS미포함 / 1000W / AMD / 라이젠 7000시리즈 / 라이젠5 / 라파엘 / DDR5 / 16GB / M.2 / 1TB / AMD / 그래픽 메모리: 8GB / 1Gbps 유선 / 802.11ax(Wi-Fi 6E) 무선 / 블루투스 / HDMI / DP포트 / 파워서플라이 / 미들타워 / LED쿨러 / 용도: 게임용,"16GB, M.2 1TB",2050000
357,영웅컴퓨터 울트라게이밍 P006 i9-14900KF RTX5080,i9-14900KF / RTX 5080 / (인텔) B760 / OS미포함 / 900W / 인텔 / 코어 14세대 / 코어i9 / 랩터레이크-R / DDR5 / 32GB / M.2 / 1TB / NVIDIA / 그래픽 메모리: 16GB / 1Gbps 유선 / HDMI / DP포트 / 파워서플라이 / 미들타워 / 어항형 / LED쿨러 / 용도: 게임용,"32GB, M.2 1TB",4579600
358,다나와표준PC ULTIMAKE ULT-R500F-4060TI,7500F / RTX 4060 Ti / (AMD) A620 / OS미포함 / 750W / AMD / 라이젠 7000시리즈 / 라이젠5 / 라파엘 / DDR5 / 16GB / M.2 / 500GB / NVIDIA / 그래픽 메모리: 8GB / 1Gbps 유선 / HDMI / DP포트 / 파워서플라이 / 미들타워 / 어항형 / 용도: 게임용,"16GB, M.2 500GB",2713840
359,다나와표준PC 전문가용 251128,9950X3D / RTX 5080 / (AMD) X870E / OS미포함 / 1200W / AMD / 라이젠 9000시리즈 / 라이젠9 / 그래니트 릿지 / DDR5 / 16GB / HDD:4TB / M.2 / 1TB / NVIDIA / 그래픽 메모리: 16GB / 1Gbps 유선 / HDMI / DP포트 / 파워서플라이 / 미들타워 / 어항형 / 수랭쿨러 / LED쿨러 / 용도: 게임용,"16GB, M.2 1TB + HDD 4TB",6232350
360,다나와표준PC DPG 게임용 251124,9800X3D / RX 9070 XT / (AMD) B850 / OS미포함 / 850W / AMD / 라이젠 9000시리즈 / 라이젠7 / 그래니트 릿지 / DDR5 / 16GB / M.2 / 1TB / AMD / 그래픽 메모리: 16GB / 1Gbps 유선 / HDMI / DP포트 / 파워서플라이 / 미들타워 / 어항형 / 수랭쿨러 / 용도: 게임용,"16GB, M.2 1TB",4199990
361,다나와표준PC DPG 게임용 251121,7800X3D / RX 9060 XT / (AMD) B650 / OS미포함 / 750W / AMD / 라이젠 7000시리즈 / 라이젠7 / 라파엘 / DDR5 / 16GB / M.2 / 1TB / AMD / 그래픽 메모리: 16GB / 1Gbps 유선 / HDMI / DP포트 / 파워서플라이 / 빅타워 / 어항형 / LED쿨러 / 용도: 게임용,"16GB, M.2 1TB",3195490
362,다나와표준PC 게임용 251116,245K / RTX 5060 / (인텔) B860 / OS미포함 / 850W / 인텔 / 코어울트라 시리즈2 / 코어 울트라5 / 애로우레이크 / 인텔 AI Boost / 13TOPS / DDR5 / 16GB / M.2 / 1TB / NVIDIA / 그래픽 메모리: 8GB / 1Gbps 유선 / HDMI / DP포트 / 파워서플라이 / 미들타워 / LED쿨러 / 용도: 게임용,"16GB, M.2 1TB",2320000
363,다나와표준PC 게임용 251113,7600 / RX 9060 / (AMD) B650 / OS미포함 / 700W / AMD / 라이젠 7000시리즈 / 라이젠5 / 라파엘 / DDR5 / 16GB / M.2 / 512GB / AMD / 그래픽 메모리: 8GB / 1Gbps 유선 / HDMI / DP포트 / 파워서플라이 / 미들타워 / 어항형 / 용도: 게임용,"16GB, M.2 512GB",1900000
364,다나와표준PC 게임용 251112,i5-14400F / RTX 5050 / (인텔) B760 / OS미포함 / 800W / 인텔 / 코어 14세대 / 코어i5 / 랩터레이크-R / DDR5 / 16GB / M.2 / 1TB / NVIDIA / 그래픽 메모리: 8GB / 1Gbps 유선 / HDMI / DP포트 / 파워서플라이 / 미들타워 / 어항형 / LED쿨러 / 용도: 게임용,"16GB, M.2 1TB",1879990
365,다나와표준PC 전문가용 251026,9800X3D / RTX 5070 / (AMD) X870E / OS미포함 / 1000W / AMD / 라이젠 9000시리즈 / 라이젠7 / 그래니트 릿지 / DDR5 / 16GB / HDD:2TB / M.2 / 1TB / NVIDIA / 그래픽 메모리: 12GB / 1Gbps 유선 / 802.11ax(Wi-Fi 6) 무선 / 블루투스 / HDMI / DP포트 / 파워서플라이 / 미들타워 / 어항형 / 수랭쿨러 / LED쿨러 / 용도: 게임용,"16GB, M.2 1TB + HDD 2TB",4448670
366,다나와표준PC 게임용 251014,7600 / RTX 5060 Ti / (AMD) B650 / OS미포함 / 850W / AMD / 라이젠 7000시리즈 / 라이젠5 / 라파엘 / DDR5 / 16GB / M.2 / 1TB / NVIDIA / 그래픽 메모리: 8GB / 1Gbps 유선 / 802.11ax(Wi-Fi 6) 무선 / 블루투스 / HDMI / DP포트 / 파워서플라이 / 미들타워 / 어항형 / LED쿨러 / 용도: 게임용,"16GB, M.2 1TB",2500000
367,다나와표준PC DPG 게임용 250921,i5-14600KF / RTX 5060 / (인텔) B760 / OS미포함 / 750W / 인텔 / 코어 14세대 / 코어i5 / 랩터레이크-R / DDR5 / 16GB / M.2 / 1TB / NVIDIA / 그래픽 메모리: 8GB / 1Gbps 유선 / HDMI / DP포트 / 파워서플라이 / 미들타워 / 수랭쿨러 / LED쿨러 / 용도: 게임용,"16GB, M.2 1TB",2550000
368,다나와표준PC 게임용 250917,7800X3D / RTX 5060 / (AMD) B650 / OS미포함 / 800W / AMD / 라이젠 7000시리즈 / 라이젠7 / 라파엘 / DDR5 / 16GB / M.2 / 1TB / NVIDIA / 그래픽 메모리: 8GB / 1Gbps 유선 / HDMI / DP포트 / 파워서플라이 / 미들타워 / 어항형 / LED쿨러 / 용도: 게임용,"16GB, M.2 1TB",2450000
369,다나와표준PC 게임용 250813,9600X / RX 9060 XT / (AMD) B850 / OS미포함 / 700W / AMD / 라이젠 9000시리즈 / 라이젠5 / 그래니트 릿지 / DDR5 / 16GB / M.2 / 500GB / AMD / 그래픽 메모리: 8GB / 1Gbps 유선 / HDMI / DP포트 / 파워서플라이 / 미들타워 / 어항형 / LED쿨러 / 용도: 게임용,"16GB, M.2 500GB",1950000
370,다나와표준PC 게임용 250720,245K / RTX 5060 / (인텔) B860 / OS미포함 / 850W / 인텔 / 코어울트라 시리즈2 / 코어 울트라5 / 애로우레이크 / 인텔 AI Boost / 13TOPS / DDR5 / 16GB / M.2 / 1TB / NVIDIA / 그래픽 메모리: 8GB / 1Gbps 유선 / 파워서플라이 / 미들타워 / 수랭쿨러 / LED쿨러 / 용도: 게임용,"16GB, M.2 1TB",2600000
371,다나와표준PC 게임용 250710,7500F / RTX 3050 / (AMD) B650 / OS미포함 / 800W / AMD / 라이젠 7000시리즈 / 라이젠5 / 라파엘 / DDR5 / 16GB / M.2 / 500GB / NVIDIA / 그래픽 메모리: 6GB / 1Gbps 유선 / 파워서플라이 / 미들타워 / 어항형 / LED쿨러 / 용도: 게임용,"16GB, M.2 500GB",1590000
372,다나와표준PC 게임용 250611,7500F / RTX 3050 / (AMD) B650 / OS미포함 / 800W / AMD / 라이젠 7000시리즈 / 라이젠5 / 라파엘 / DDR5 / 16GB / M.2 / 500GB / NVIDIA / 그래픽 메모리: 6GB / 1Gbps 유선 / 파워서플라이 / 미들타워 / 어항형 / LED쿨러 / 용도: 게임용,"16GB, M.2 500GB",1570000
373,다나와표준PC DPG 게임용 250524,7800X3D / RTX 5070 / (AMD) X870E / OS미포함 / 850W / AMD / 라이젠 7000시리즈 / 라이젠7 / 라파엘 / DDR5 / 16GB / M.2 / 1TB / NVIDIA / 그래픽 메모리: 12GB / 1Gbps 유선 / 파워서플라이 / 미들타워 / 어항형 / 수랭쿨러 / LED쿨러 / 용도: 게임용,"16GB, M.2 1TB",3850000
374,다나와표준PC DPG 게임용 250522,7600 / RTX 5070 / (AMD) B850 / OS미포함 / 750W / AMD / 라이젠 7000시리즈 / 라이젠5 / 라파엘 / DDR5 / 16GB / M.2 / 1TB / NVIDIA / 그래픽 메모리: 12GB / 1Gbps 유선 / 파워서플라이 / 미들타워 / 수랭쿨러 / LED쿨러 / 용도: 게임용,"16GB, M.2 1TB",3249990
375,다나와표준PC DPG 게임용 250424,7800X3D / RTX 5070 / (AMD) B650 / OS미포함 / 850W / AMD / 라이젠 7000시리즈 / 라이젠7 / 라파엘 / DDR5 / 16GB / M.2 / 1TB / NVIDIA / 그래픽 메모리: 12GB / 1Gbps 유선 / 파워서플라이 / 미들타워 / 어항형 / 수랭쿨러 / LED쿨러 / 용도: 게임용,"16GB, M.2 1TB",3496970
376,영웅컴퓨터 영웅 울트라게이밍 T7265 265KF RTX5080,265KF / RTX 5080 / (인텔) B860 / OS미포함 / 900W / 인텔 / 코어울트라 시리즈2 / 코어 울트라7 / 애로우레이크 / 인텔 AI Boost / 13TOPS / DDR5 / 32GB / M.2 / 1TB / NVIDIA / 그래픽 메모리: 16GB / 1Gbps 유선 / HDMI / DP포트 / 파워서플라이 / 미들타워 / 어항형 / 수랭쿨러 / LED쿨러 / 용도: 게임용,"32GB, M.2 1TB",4439600
377,STCOM STAI-V57,i5-14400F / GTX 1660 SUPER / (인텔) B760 / OS미포함 / 600W / 인텔 / 코어 14세대 / 코어i5 / 랩터레이크-R / DDR5 / 16GB / M.2 / 512GB / NVIDIA / 1Gbps 유선 / 파워서플라이 / 미들타워 / 용도: 게임용,"16GB, M.2 512GB",1237980
378,STCOM STAI-V45,7800X3D / RX 7800 XT / (AMD) B650 / OS미포함 / 700W / AMD / 라이젠 7000시리즈 / 라이젠7 / 라파엘 / DDR5 / 32GB / M.2 / 1TB / AMD / 1Gbps 유선 / 파워서플라이 / 미들타워 / 용도: 게임용,"32GB, M.2 1TB",2726580
379,제이씨현 제플PC 게이밍 익스프레션 G31,225F / RX 7600 / (인텔) H810 / OS미포함 / 600W / 인텔 / 코어울트라 시리즈2 / 코어 울트라5 / 애로우레이크 / DDR5 / 16GB / M.2 / 1TB / AMD / 1Gbps 유선 / HDMI / DP포트 / 파워서플라이 / 미들타워 / LED쿨러 / 용도: 게임용,"16GB, M.2 1TB",1370000
380,영웅컴퓨터 영웅 울트라게이밍 플러스 003,9600X / RTX 5070 / (AMD) B650 / OS미포함 / 800W / AMD / 라이젠 9000시리즈 / 라이젠5 / 그래니트 릿지 / DDR5 / 32GB / M.2 / 1TB / NVIDIA / 그래픽 메모리: 12GB / 1Gbps 유선 / HDMI / DP포트 / 파워서플라이 / 미들타워 / 어항형 / 수랭쿨러 / LED쿨러 / 용도: 게임용,"32GB, M.2 1TB",2779650
381,피씨스토어 감성 어항 PC 5600 RTX5060Ti 240,5600 / RTX 5060 Ti / (AMD) A520 / OS미포함 / 700W / AMD / 라이젠 5000시리즈 / 라이젠5 / 버미어 / DDR4 / 16GB / M.2 / 500GB / NVIDIA / 그래픽 메모리: 8GB / 1Gbps 유선 / HDMI / DP포트 / 파워서플라이 / 미들타워 / 어항형 / LED쿨러 / 용도: 게임용,"16GB, M.2 500GB",1635990
382,다나와표준PC 게임용 250618,7800X3D / RTX 5060 Ti / (AMD) B850 / OS미포함 / 800W / AMD / 라이젠 7000시리즈 / 라이젠7 / 라파엘 / DDR5 / 16GB / M.2 / 1TB / NVIDIA / 그래픽 메모리: 16GB / 1Gbps 유선 / 파워서플라이 / 미들타워 / 어항형 / LED쿨러 / 용도: 게임용,"16GB, M.2 1TB",2987090
383,다나와표준PC 게임용 250519,9800X3D / RTX 5070 / (AMD) B850 / OS미포함 / 850W / AMD / 라이젠 9000시리즈 / 라이젠7 / 그래니트 릿지 / DDR5 / 16GB / M.2 / 1TB / NVIDIA / 그래픽 메모리: 12GB / 1Gbps 유선 / 파워서플라이 / 미들타워 / 어항형 / 수랭쿨러 / LED쿨러 / 용도: 게임용,"16GB, M.2 1TB",3700000
384,STCOM STAI-V160,9600X / RX 9060 XT / (AMD) A620 / OS미포함 / 700W / AMD / 라이젠 9000시리즈 / 라이젠5 / 그래니트 릿지 / DDR5 / 32GB / M.2 / 1TB / AMD / 그래픽 메모리: 8GB / 1Gbps 유선 / HDMI / DP포트 / 파워서플라이 / 미들타워 / 용도: 게임용,"32GB, M.2 1TB",2014420
385,영웅컴퓨터 영웅 H게이밍 4656T I5-14600KF RTX5060Ti,i5-14600KF / RTX 5060 Ti / (인텔) B760 / OS미포함 / 750W / 인텔 / 코어 14세대 / 코어i5 / 랩터레이크-R / DDR5 / 32GB / M.2 / 1TB / NVIDIA / 그래픽 메모리: 8GB / 1Gbps 유선 / HDMI / DP포트 / 파워서플라이 / 미들타워 / 어항형 / LED쿨러 / 용도: 게임용,"32GB, M.2 1TB",2229650
386,서린씨앤아이 서린컴퓨터 SRCO0056,9800X3D / RTX 5080 / (AMD) B850 / OS미포함 / 1000W / AMD / 라이젠 9000시리즈 / 라이젠7 / 그래니트 릿지 / DDR5 / 32GB / M.2 / 1TB / NVIDIA / 1Gbps 유선 / 802.11be(Wi-Fi 7) 무선 / 블루투스 / DP포트 / USB3.x 5Gbps / 파워서플라이 / 미들타워 / 어항형 / 수랭쿨러 / LED쿨러 / 용도: 게임용,"32GB, M.2 1TB",5829000
387,STCOM STAI-V187,5600 / RX 9060 / (AMD) A520 / OS미포함 / 600W / AMD / 라이젠 5000시리즈 / 라이젠5 / 버미어 / DDR4 / 16GB / M.2 / 512GB / AMD / 그래픽 메모리: 8GB / 1Gbps 유선 / 파워서플라이 / 미들타워 / 용도: 게임용,"16GB, M.2 512GB",1123300
388,STCOM STAI-V234,7500F / RTX 5060 / (AMD) A620 / OS미포함 / 600W / AMD / 라이젠 7000시리즈 / 라이젠5 / 라파엘 / DDR5 / 32GB / M.2 / 2TB / NVIDIA / 그래픽 메모리: 8GB / 1Gbps 유선 / HDMI / DP포트 / 파워서플라이 / 미들타워 / 용도: 게임용,"32GB, M.2 2TB",1976810
389,영웅컴퓨터 영웅 게이밍울트라 7550X 7500X3D RTX5050,7500X3D / RTX 5050 / (AMD) A620 / OS미포함 / 750W / AMD / 라이젠 7000시리즈 / 라이젠5 / 라파엘 / DDR5 / 32GB / M.2 / 1TB / NVIDIA / 그래픽 메모리: 8GB / 1Gbps 유선 / HDMI / DP포트 / USB3.x 5Gbps / 파워서플라이 / 미들타워 / 어항형 / LED쿨러 / 용도: 게임용,"32GB, M.2 1TB",1879680
390,STCOM STAI-V193,i5-14400F / RX 9060 / (인텔) H610 / OS미포함 / 600W / 인텔 / 코어 14세대 / 코어i5 / 랩터레이크-R / DDR4 / 16GB / M.2 / 512GB / AMD / 그래픽 메모리: 8GB / 1Gbps 유선 / 파워서플라이 / 미들타워 / 용도: 게임용,"16GB, M.2 512GB",1203200
391,STCOM STAI-V155,5600 / RX 9060 XT / (AMD) A520 / OS미포함 / 600W / AMD / 라이젠 5000시리즈 / 라이젠5 / 버미어 / DDR4 / 16GB / M.2 / 512GB / AMD / 그래픽 메모리: 8GB / 1Gbps 유선 / HDMI / DP포트 / 파워서플라이 / 미들타워 / 용도: 게임용,"16GB, M.2 512GB",1181580
392,STCOM STAI-V158,7500F / RX 9060 XT / (AMD) A620 / OS미포함 / 600W / AMD / 라이젠 7000시리즈 / 라이젠5 / 라파엘 / DDR5 / 32GB / M.2 / 1TB / AMD / 그래픽 메모리: 8GB / 1Gbps 유선 / HDMI / DP포트 / 파워서플라이 / 미들타워 / 용도: 게임용,"32GB, M.2 1TB",1899740
393,영웅컴퓨터 영웅 H게이밍 4757 i7-14700F RTX5070,i7-14700F / RTX 5070 / (인텔) B760 / OS미포함 / 700W / 인텔 / 코어 14세대 / 코어i7 / 랩터레이크-R / DDR5 / 32GB / M.2 / 1TB / NVIDIA / 그래픽 메모리: 12GB / 1Gbps 유선 / HDMI / DP포트 / 파워서플라이 / 미들타워 / 어항형 / LED쿨러 / 용도: 게임용,"32GB, M.2 1TB",2889650
394,타무즈 게이밍 TZ310N3GCAA,i5-14400F / RTX 5060 Ti / (인텔) B760 / OS미포함 / 700W / 인텔 / 코어 14세대 / 코어i5 / 랩터레이크-R / DDR5 / 16GB / M.2 / 512GB / NVIDIA / 1Gbps 유선 / HDMI / DP포트 / USB3.x 5Gbps / 파워서플라이 / 미들타워 / 용도: 게임용,"16GB, M.2 512GB",1626010
395,타무즈 게이밍PC TZ30ES6FBAA,7500F / RTX 5060 / (AMD) B650 / OS미포함 / 600W / AMD / 라이젠 7000시리즈 / 라이젠5 / 라파엘 / DDR5 / 16GB / M.2 / 1TB / NVIDIA / 그래픽 메모리: 8GB / 1Gbps 유선 / HDMI / DP포트 / USB3.x 5Gbps / 파워서플라이 / 미들타워 / 용도: 게임용,"16GB, M.2 1TB",1513070
396,다나와표준PC DPG 게임용 250222,7600 / RTX 4060 / (AMD) B650 / OS미포함 / 850W / AMD / 라이젠 7000시리즈 / 라이젠5 / 라파엘 / DDR5 / 16GB / M.2 / 1TB / NVIDIA / 그래픽 메모리: 8GB / 1Gbps 유선 / HDMI / DP포트 / 파워서플라이 / 미들타워 / LED쿨러 / 용도: 게임용,"16GB, M.2 1TB",2701260
397,STCOM STAI-V143 Win11Home,7500F / RTX 5060 / (AMD) A620 / 윈도우11 / 600W / AMD / 라이젠 7000시리즈 / 라이젠5 / 라파엘 / DDR5 / 32GB / M.2 / 1TB / NVIDIA / 그래픽 메모리: 8GB / 1Gbps 유선 / HDMI / DP포트 / 파워서플라이 / 미들타워 / 용도: 게임용,"32GB, M.2 1TB",2019120
398,영웅컴퓨터 영웅 울트라게이밍 플러스 004 R7 9700X RTX5070,9700X / RTX 5070 / (AMD) B650 / OS미포함 / 800W / AMD / 라이젠 9000시리즈 / 라이젠7 / 그래니트 릿지 / DDR5 / 32GB / M.2 / 1TB / NVIDIA / 그래픽 메모리: 12GB / 1Gbps 유선 / HDMI / DP포트 / 파워서플라이 / 미들타워 / 어항형 / 수랭쿨러 / LED쿨러 / 용도: 게임용,"32GB, M.2 1TB",2909630
399,STCOM STAI-V2 Win11,5600 / GTX 1660 SUPER / (AMD) A520 / 윈도우11 / 600W / AMD / 라이젠 5000시리즈 / 라이젠5 / 버미어 / DDR4 / 16GB / M.2 / 512GB / NVIDIA / 1Gbps 유선 / 파워서플라이 / 미들타워 / 용도: 게임용,"16GB, M.2 512GB",1174060
400,다나와표준PC 게임용 230819,i5-13600KF / RTX 4060 Ti / (인텔) B760 / OS미포함 / 750W / 인텔 / 코어 13세대 / 코어i5 / 엘더레이크 / DDR5 / 16GB / M.2 / 1TB / NVIDIA / 그래픽 메모리: 8GB / 1Gbps 유선 / HDMI / DP포트 / 파워서플라이 / 미들타워 / 용도: 게임용,"16GB, M.2 1TB",1894000
401,포유컴퓨터 퍼포먼스PC 32 U5 225F RTX5060Ti WIN11,225F / RTX 5060 Ti / (인텔) H810 / 윈도우11 / 700W / 인텔 / 코어울트라 시리즈2 / 코어 울트라5 / 애로우레이크 / 인텔 AI Boost / 13TOPS / DDR5 / 16GB / M.2 / 500GB / NVIDIA / 1Gbps 유선 / HDMI / DP포트 / 파워서플라이 / 미들타워 / 용도: 게임용,"16GB, M.2 500GB",1929600
402,STCOM STAI-V175,5600 / RX 9060 XT / (AMD) A520 / OS미포함 / 600W / AMD / 라이젠 5000시리즈 / 라이젠5 / 버미어 / DDR4 / 32GB / M.2 / 1TB / AMD / 그래픽 메모리: 16GB / 1Gbps 유선 / HDMI / DP포트 / 파워서플라이 / 미들타워 / 용도: 게임용,"32GB, M.2 1TB",1607400
403,포유컴퓨터 퍼포먼스PC 48 R5 7400F RX9070,7400F / RX 9070 / (AMD) B650 / OS미포함 / 800W / AMD / 라이젠 7000시리즈 / 라이젠5 / 라파엘 / DDR5 / 16GB / M.2 / 500GB / AMD / 1Gbps 유선 / HDMI / DP포트 / 파워서플라이 / 미들타워 / LED쿨러 / 용도: 게임용,"16GB, M.2 500GB",1877760
404,다나와표준PC 게임용 230818,7800X3D / RTX 4060 Ti / (AMD) A620 / OS미포함 / 800W / AMD / 라이젠 7000시리즈 / 라이젠7 / 라파엘 / DDR5 / 16GB / M.2 / 1TB / NVIDIA / 그래픽 메모리: 8GB / 1Gbps 유선 / HDMI / DP포트 / 파워서플라이 / 미들타워 / 용도: 게임용,"16GB, M.2 1TB",1956000
405,다나와표준PC 전문가용 250628,9800X3D / RX 7900 XTX / (AMD) X870E / OS미포함 / 1000W / AMD / 라이젠 9000시리즈 / 라이젠7 / 그래니트 릿지 / DDR5 / 16GB / HDD:4TB / M.2 / 1TB / AMD / 그래픽 메모리: 24GB / 1Gbps 유선 / 파워서플라이 / 빅타워 / 어항형 / 수랭쿨러 / LED쿨러 / 용도: 게임용,"16GB, M.2 1TB + HDD 4TB",4600000
406,다나와표준PC DPG 게임용 250622,7500F / RTX 5060 / (AMD) B650 / OS미포함 / 750W / AMD / 라이젠 7000시리즈 / 라이젠5 / 라파엘 / DDR5 / 16GB / M.2 / 1TB / NVIDIA / 그래픽 메모리: 8GB / 1Gbps 유선 / 파워서플라이 / 미들타워 / 수랭쿨러 / LED쿨러 / 용도: 게임용,"16GB, M.2 1TB",2052000
407,영웅컴퓨터 영웅 게이밍울트라 7556T R5 7500F RTX5060Ti,7500F / RTX 5060 Ti / (AMD) A620 / OS미포함 / 750W / AMD / 라이젠 7000시리즈 / 라이젠5 / 라파엘 / DDR5 / 32GB / M.2 / 1TB / NVIDIA / 그래픽 메모리: 8GB / 1Gbps 유선 / HDMI / DP포트 / 파워서플라이 / 미들타워 / 어항형 / LED쿨러 / 용도: 게임용,"32GB, M.2 1TB",1949640
408,다나와표준PC 게임용 250520,265F / RTX 5070 / (인텔) B860 / OS미포함 / 850W / 인텔 / 코어울트라 시리즈2 / 코어 울트라7 / 애로우레이크 / 인텔 AI Boost / 13TOPS / DDR5 / 16GB / M.2 / 1TB / NVIDIA / 그래픽 메모리: 12GB / 1Gbps 유선 / 파워서플라이 / 미들타워 / 수랭쿨러 / LED쿨러 / 용도: 게임용,"16GB, M.2 1TB",2740000
409,영웅컴퓨터 영웅 게이밍울트라 7557X 7500X3D RTX5070,7500X3D / RTX 5070 / (AMD) A620 / OS미포함 / 750W / AMD / 라이젠 7000시리즈 / 라이젠5 / 라파엘 / DDR5 / 32GB / M.2 / 1TB / NVIDIA / 그래픽 메모리: 12GB / 1Gbps 유선 / HDMI / DP포트 / USB3.x 5Gbps / 파워서플라이 / 미들타워 / 어항형 / LED쿨러 / 용도: 게임용,"32GB, M.2 1TB",2729670
410,다나와표준PC DPG 게임용 251223,9800X3D / RTX 5060 Ti / (AMD) B850 / OS미포함 / 850W / AMD / 라이젠 9000시리즈 / 라이젠7 / 그래니트 릿지 / DDR5 / 16GB / M.2 / 1TB / NVIDIA / 그래픽 메모리: 16GB / 1Gbps 유선 / HDMI / DP포트 / 파워서플라이 / 미들타워 / 수랭쿨러 / LED쿨러 / 용도: 게임용,"16GB, M.2 1TB",3600000
411,다나와표준PC 전문가용 251126,9950X / RTX 5070 Ti / (AMD) X870E / OS미포함 / 1000W / AMD / 라이젠 9000시리즈 / 라이젠9 / 그래니트 릿지 / DDR5 / 16GB / HDD:2TB / M.2 / 1TB / NVIDIA / 그래픽 메모리: 16GB / 1Gbps 유선 / HDMI / DP포트 / 파워서플라이 / 미들타워 / 어항형 / 수랭쿨러 / LED쿨러 / 용도: 게임용,"16GB, M.2 1TB + HDD 2TB",5399990
412,다나와표준PC 전문가용 251125,9800X3D / RTX 5070 Ti / (AMD) X870E / OS미포함 / 850W / AMD / 라이젠 9000시리즈 / 라이젠7 / 그래니트 릿지 / DDR5 / 16GB / M.2 / 1TB / NVIDIA / 그래픽 메모리: 16GB / 1Gbps 유선 / HDMI / DP포트 / 파워서플라이 / 미들타워 / 어항형 / 수랭쿨러 / LED쿨러 / 용도: 게임용,"16GB, M.2 1TB",5345990
413,다나와표준PC 게임용 250920,265KF / RTX 5060 / (인텔) B860 / OS미포함 / 850W / 인텔 / 코어울트라 시리즈2 / 코어 울트라7 / 애로우레이크 / 인텔 AI Boost / 13TOPS / DDR5 / 16GB / M.2 / 1TB / NVIDIA / 그래픽 메모리: 8GB / 1Gbps 유선 / HDMI / DP포트 / 파워서플라이 / 미들타워 / 수랭쿨러 / LED쿨러 / 용도: 게임용,"16GB, M.2 1TB",2700000
414,다나와표준PC 게임용 250918,7800X3D / RX 9060 XT / (AMD) B850 / OS미포함 / 750W / AMD / 라이젠 7000시리즈 / 라이젠7 / 라파엘 / DDR5 / 16GB / M.2 / 1TB / AMD / 그래픽 메모리: 16GB / 1Gbps 유선 / HDMI / DP포트 / 파워서플라이 / 빅타워 / 어항형 / LED쿨러 / 용도: 게임용,"16GB, M.2 1TB",2800000
415,STCOM STAI-V176,7500F / RX 9060 XT / (AMD) A620 / OS미포함 / 600W / AMD / 라이젠 7000시리즈 / 라이젠5 / 라파엘 / DDR5 / 32GB / M.2 / 1TB / AMD / 그래픽 메모리: 16GB / 1Gbps 유선 / HDMI / DP포트 / 파워서플라이 / 미들타워 / 용도: 게임용,"32GB, M.2 1TB",1969300
416,다나와표준PC 게임용 250815,9600X / RX 9060 XT / (AMD) B850 / OS미포함 / 850W / AMD / 라이젠 9000시리즈 / 라이젠5 / 그래니트 릿지 / DDR5 / 16GB / M.2 / 512GB / AMD / 그래픽 메모리: 16GB / 1Gbps 유선 / HDMI / DP포트 / 파워서플라이 / 미들타워 / 어항형 / LED쿨러 / 용도: 게임용,"16GB, M.2 512GB",2250000
417,다나와표준PC DPG 게임용 250722,9800X3D / RTX 5070 / (AMD) X870E / OS미포함 / 850W / AMD / 라이젠 9000시리즈 / 라이젠7 / 그래니트 릿지 / DDR5 / 16GB / M.2 / 1TB / NVIDIA / 그래픽 메모리: 12GB / 1Gbps 유선 / 파워서플라이 / 미들타워 / 어항형 / 수랭쿨러 / LED쿨러 / 용도: 게임용,"16GB, M.2 1TB",3550000
418,다나와표준PC 게임용 250709,7500F / RX 6600 / (AMD) B650 / OS미포함 / 700W / AMD / 라이젠 7000시리즈 / 라이젠5 / 라파엘 / DDR5 / 16GB / SSD / 240GB / AMD / 그래픽 메모리: 8GB / 1Gbps 유선 / 파워서플라이 / 미들타워 / LED쿨러 / 용도: 게임용,"16GB, SSD 240GB",1939000
419,STCOM STAI-V153,i5-14400F / RX 9060 XT / (인텔) H610 / OS미포함 / 600W / 인텔 / 코어 14세대 / 코어i5 / 랩터레이크-R / DDR4 / 16GB / M.2 / 512GB / AMD / 그래픽 메모리: 8GB / 1Gbps 유선 / HDMI / DP포트 / 파워서플라이 / 미들타워 / 용도: 게임용,"16GB, M.2 512GB",1284040
420,다나와표준PC 게임용 250612,i3-14100F / RTX 3050 / (인텔) H610 / OS미포함 / 750W / 인텔 / 코어 14세대 / 코어i3 / 랩터레이크-R / DDR5 / 16GB / M.2 / 500GB / NVIDIA / 그래픽 메모리: 6GB / 1Gbps 유선 / 파워서플라이 / 미들타워 / 어항형 / LED쿨러 / 용도: 게임용,"16GB, M.2 500GB",1390000
421,다나와표준PC 게임용 250511,7500F / RTX 3050 / (AMD) B650 / OS미포함 / 800W / AMD / 라이젠 7000시리즈 / 라이젠5 / 라파엘 / DDR5 / 16GB / M.2 / 500GB / NVIDIA / 그래픽 메모리: 6GB / 1Gbps 유선 / 파워서플라이 / 미들타워 / 어항형 / LED쿨러 / 용도: 게임용,"16GB, M.2 500GB",1510000
422,다나와표준PC DPG 게임용 250422,7600 / RTX 5070 / (AMD) A620 / OS미포함 / 850W / AMD / 라이젠 7000시리즈 / 라이젠5 / 라파엘 / DDR5 / 16GB / M.2 / 1TB / NVIDIA / 그래픽 메모리: 12GB / 1Gbps 유선 / 파워서플라이 / 미들타워 / LED쿨러 / 용도: 게임용,"16GB, M.2 1TB",2949990
423,다나와표준PC DPG 게임용 250421,i5-14600KF / RX 7600 / (인텔) B760 / OS미포함 / 850W / 인텔 / 코어 14세대 / 코어i5 / 랩터레이크-R / DDR5 / 16GB / M.2 / 1TB / AMD / 그래픽 메모리: 8GB / 1Gbps 유선 / 파워서플라이 / 미들타워 / LED쿨러 / 용도: 게임용,"16GB, M.2 1TB",1800000
424,다나와표준PC 게임용 250411,7500F / RTX 3050 / (AMD) B650 / OS미포함 / 800W / AMD / 라이젠 7000시리즈 / 라이젠5 / 라파엘 / DDR5 / 16GB / M.2 / 500GB / NVIDIA / 그래픽 메모리: 6GB / 1Gbps 유선 / 파워서플라이 / 미들타워 / 어항형 / LED쿨러 / 용도: 게임용,"16GB, M.2 500GB",1522800
425,영웅컴퓨터 영웅 울트라게이밍 006 i9-14900KF RTX5070Ti,i9-14900KF / RTX 5070 Ti / (인텔) B760 / OS미포함 / 800W / 인텔 / 코어 14세대 / 코어i9 / 랩터레이크-R / DDR5 / 32GB / M.2 / 1TB / NVIDIA / 그래픽 메모리: 16GB / 1Gbps 유선 / HDMI / DP포트 / 파워서플라이 / 미들타워 / 어항형 / 수랭쿨러 / LED쿨러 / 용도: 게임용,"32GB, M.2 1TB",3809600
426,영웅컴퓨터 게이밍울트라 7757 7700X3D RTX5070,7700X3D / RTX 5070 / (AMD) B650 / OS미포함 / 800W / AMD / 라이젠 7000시리즈 / 라이젠7 / 라파엘 / DDR5 / 32GB / M.2 / 1TB / NVIDIA / 그래픽 메모리: 12GB / 1Gbps 유선 / HDMI / DP포트 / 파워서플라이 / 미들타워 / 어항형 / LED쿨러 / 용도: 게임용,"32GB, M.2 1TB",2809660
427,영웅컴퓨터 영웅 H게이밍 U7266,265KF / RTX 5060 Ti / (인텔) B860 / OS미포함 / 750W / 인텔 / 코어울트라 시리즈2 / 코어 울트라7 / 애로우레이크 / 인텔 AI Boost / 13TOPS / DDR5 / 32GB / M.2 / 1TB / NVIDIA / 그래픽 메모리: 8GB / 1Gbps 유선 / HDMI / DP포트 / 파워서플라이 / 미들타워 / 어항형 / 용도: 게임용,"32GB, M.2 1TB",2309640
428,STCOM STAI-V143,7500F / RTX 5060 / (AMD) A620 / OS미포함 / 600W / AMD / 라이젠 7000시리즈 / 라이젠5 / 라파엘 / DDR5 / 32GB / M.2 / 1TB / NVIDIA / 그래픽 메모리: 8GB / 1Gbps 유선 / HDMI / DP포트 / 파워서플라이 / 미들타워 / 용도: 게임용,"32GB, M.2 1TB",1835810
429,STCOM STAI-V151,i5-12400F / RX 9060 XT / (인텔) H610 / OS미포함 / 600W / 인텔 / 코어 12세대 / 코어i5 / 엘더레이크 / DDR4 / 16GB / M.2 / 512GB / AMD / 그래픽 메모리: 8GB / 1Gbps 유선 / HDMI / DP포트 / 파워서플라이 / 미들타워 / 용도: 게임용,"16GB, M.2 512GB",1190980
430,STCOM STAI-V96,i5-12400F / RTX 5060 Ti / (인텔) H610 / OS미포함 / 700W / 인텔 / 코어 12세대 / 코어i5 / 엘더레이크 / DDR4 / 16GB / M.2 / 512GB / NVIDIA / 1Gbps 유선 / HDMI / DP포트 / 파워서플라이 / 미들타워 / 용도: 게임용,"16GB, M.2 512GB",1382730
431,마이피씨샵 명품 DIY 5600 GTX1650,5600 / GTX 1650 / (AMD) A520 / OS미포함 / 500W / AMD / 라이젠 5000시리즈 / 라이젠5 / 버미어 / DDR4 / 16GB / M.2 / 500GB / NVIDIA / 그래픽 메모리: 4GB / 1Gbps 유선 / HDMI / DP포트 / 파워서플라이 / 미들타워 / 용도: 게임용,"16GB, M.2 500GB",1250000
432,STCOM STAI-V235,9600X / RTX 5060 / (AMD) A620 / OS미포함 / 600W / AMD / 라이젠 9000시리즈 / 라이젠5 / 그래니트 릿지 / DDR5 / 32GB / M.2 / 2TB / NVIDIA / 그래픽 메모리: 8GB / 1Gbps 유선 / HDMI / DP포트 / 파워서플라이 / 미들타워 / 용도: 게임용,"32GB, M.2 2TB",2072690
433,STCOM STAI-V190,9600X / RX 9060 / (AMD) A620 / OS미포함 / 600W / AMD / 라이젠 9000시리즈 / 라이젠5 / 그래니트 릿지 / DDR5 / 32GB / M.2 / 1TB / AMD / 그래픽 메모리: 8GB / 1Gbps 유선 / 파워서플라이 / 미들타워 / 용도: 게임용,"32GB, M.2 1TB",1917600
434,다나와표준PC 게임용 250811,7500F / RTX 5060 Ti / (AMD) B850 / OS미포함 / 800W / AMD / 라이젠 7000시리즈 / 라이젠5 / 라파엘 / DDR5 / 16GB / M.2 / 500GB / NVIDIA / 그래픽 메모리: 16GB / 1Gbps 유선 / HDMI / DP포트 / 파워서플라이 / 미들타워 / LED쿨러 / 용도: 게임용,"16GB, M.2 500GB",2360000
435,다나와표준PC ULTIMAKE ULT-IU285K-5070,285K / RTX 5070 / (인텔) Z890 / OS미포함 / 1000W / 인텔 / 코어울트라 시리즈2 / 코어 울트라9 / 애로우레이크 / 인텔 AI Boost / 13TOPS / DDR5 / 64GB / M.2 / 1TB / NVIDIA / 그래픽 메모리: 12GB / 1Gbps 유선 / HDMI / DP포트 / 파워서플라이 / 미들타워 / 수랭쿨러 / LED쿨러 / 용도: 게임용,"64GB, M.2 1TB",6948050
436,영웅컴퓨터 영웅 울트라게이밍 플러스 P001,i7-14700KF / RTX 5070 / (인텔) B760 / OS미포함 / 800W / 인텔 / 코어 14세대 / 코어i7 / 랩터레이크-R / DDR5 / 32GB / M.2 / 1TB / NVIDIA / 그래픽 메모리: 12GB / 1Gbps 유선 / HDMI / DP포트 / 파워서플라이 / 미들타워 / 어항형 / LED쿨러 / 용도: 게임용,"32GB, M.2 1TB",2979680
437,STCOM STAI-V201,7500F / RTX 5050 / (AMD) A620 / OS미포함 / 600W / AMD / 라이젠 7000시리즈 / 라이젠5 / 라파엘 / DDR5 / 16GB / M.2 / 512GB / NVIDIA / 그래픽 메모리: 8GB / 파워서플라이 / 용도: 게임용,"16GB, M.2 512GB",1402480
438,STCOM STAI-V195,i5-12400F / RTX 5050 / (인텔) H610 / OS미포함 / 600W / 인텔 / 코어 12세대 / 코어i5 / 엘더레이크 / DDR4 / 16GB / M.2 / 512GB / NVIDIA / 그래픽 메모리: 8GB / 파워서플라이 / 용도: 게임용,"16GB, M.2 512GB",1220120
439,영웅컴퓨터 영웅 H게이밍 U5246,245KF / RTX 5060 Ti / (인텔) B860 / OS미포함 / 750W / 인텔 / 코어울트라 시리즈2 / 코어 울트라5 / 애로우레이크 / 인텔 AI Boost / 13TOPS / DDR5 / 32GB / M.2 / 1TB / NVIDIA / 그래픽 메모리: 8GB / 1Gbps 유선 / HDMI / DP포트 / 파워서플라이 / 미들타워 / 어항형 / LED쿨러 / 용도: 게임용,"32GB, M.2 1TB",2169640
440,영웅컴퓨터 영웅 H게이밍 U5247,245KF / RTX 5070 / (인텔) B860 / OS미포함 / 750W / 인텔 / 코어울트라 시리즈2 / 코어 울트라5 / 애로우레이크 / 인텔 AI Boost / 13TOPS / DDR5 / 32GB / M.2 / 1TB / NVIDIA / 그래픽 메모리: 12GB / 1Gbps 유선 / HDMI / DP포트 / 파워서플라이 / 미들타워 / 어항형 / LED쿨러 / 용도: 게임용,"32GB, M.2 1TB",2719640
441,STCOM STAI-V194,i5-14400F / RX 9060 / (인텔) H610 / OS미포함 / 600W / 인텔 / 코어 14세대 / 코어i5 / 랩터레이크-R / DDR4 / 32GB / M.2 / 1TB / AMD / 그래픽 메모리: 8GB / 1Gbps 유선 / 파워서플라이 / 미들타워 / 용도: 게임용,"32GB, M.2 1TB",1558520
442,STCOM STAI-V189,9600X / RX 9060 / (AMD) A620 / OS미포함 / 600W / AMD / 라이젠 9000시리즈 / 라이젠5 / 그래니트 릿지 / DDR5 / 16GB / M.2 / 512GB / AMD / 그래픽 메모리: 8GB / 1Gbps 유선 / 파워서플라이 / 미들타워 / 용도: 게임용,"16GB, M.2 512GB",1465460
443,STCOM STAI-V149,i5-14400F / RTX 5060 / (인텔) H610 / OS미포함 / 600W / 인텔 / 코어 14세대 / 코어i5 / 랩터레이크-R / DDR4 / 16GB / M.2 / 512GB / NVIDIA / 그래픽 메모리: 8GB / 1Gbps 유선 / HDMI / DP포트 / 파워서플라이 / 미들타워 / 용도: 게임용,"16GB, M.2 512GB",1340430
444,STCOM STAI-V146,i5-12400F / RTX 5060 / (인텔) H610 / OS미포함 / 600W / 인텔 / 코어 12세대 / 코어i5 / 엘더레이크 / DDR4 / 32GB / M.2 / 1TB / NVIDIA / 그래픽 메모리: 8GB / 1Gbps 유선 / HDMI / DP포트 / 파워서플라이 / 미들타워 / 용도: 게임용,"32GB, M.2 1TB",1603630
445,STCOM STAI-V159,9600X / RX 9060 XT / (AMD) A620 / OS미포함 / 700W / AMD / 라이젠 9000시리즈 / 라이젠5 / 그래니트 릿지 / DDR5 / 16GB / M.2 / 512GB / AMD / 그래픽 메모리: 8GB / 1Gbps 유선 / HDMI / DP포트 / 파워서플라이 / 미들타워 / 용도: 게임용,"16GB, M.2 512GB",1561340
446,STCOM STAI-V152,i5-12400F / RX 9060 XT / (인텔) H610 / OS미포함 / 600W / 인텔 / 코어 12세대 / 코어i5 / 엘더레이크 / DDR4 / 32GB / M.2 / 1TB / AMD / 그래픽 메모리: 8GB / 1Gbps 유선 / HDMI / DP포트 / 파워서플라이 / 미들타워 / 용도: 게임용,"32GB, M.2 1TB",1547240
447,STCOM STAI-V61,i5-14400F / RX 7600 / (인텔) B760 / OS미포함 / 600W / 인텔 / 코어 14세대 / 코어i5 / 랩터레이크-R / DDR5 / 16GB / M.2 / 512GB / AMD / 1Gbps 유선 / 파워서플라이 / 미들타워 / 용도: 게임용,"16GB, M.2 512GB",1382740
448,영웅컴퓨터 울트라게이밍 P004,i7-14700KF / RTX 5080 / (인텔) B760 / OS미포함 / 900W / 인텔 / 코어 14세대 / 코어i7 / 랩터레이크-R / DDR5 / 32GB / M.2 / 1TB / NVIDIA / 그래픽 메모리: 16GB / 1Gbps 유선 / HDMI / DP포트 / 파워서플라이 / 미들타워 / 어항형 / LED쿨러 / 용도: 게임용,"32GB, M.2 1TB",4459660
449,영웅컴퓨터 영웅 H게이밍 4460F I5-14400F RTX5060,i5-14400F / RTX 5060 / (인텔) H610 / OS미포함 / 600W / 인텔 / 코어 14세대 / 코어i5 / 랩터레이크-R / DDR5 / 16GB / M.2 / 500GB / NVIDIA / 그래픽 메모리: 8GB / 1Gbps 유선 / HDMI / DP포트 / 파워서플라이 / 미들타워 / 용도: 게임용,"16GB, M.2 500GB",1459650
450,타무즈 게이밍 TZ310N1FBAA,i5-14400F / RTX 5060 / (인텔) H610 / OS미포함 / 600W / 인텔 / 코어 14세대 / 코어i5 / 랩터레이크-R / DDR4 / 16GB / M.2 / 512GB / NVIDIA / 1Gbps 유선 / HDMI / DP포트 / USB3.x 5Gbps / 파워서플라이 / 미들타워 / 용도: 게임용,"16GB, M.2 512GB",1343930
451,다나와표준PC DPG 게임용 251123,i7-14700KF / RTX 5060 Ti / (인텔) Z790 / OS미포함 / 850W / 인텔 / 코어 14세대 / 코어i7 / 랩터레이크-R / DDR5 / 16GB / M.2 / 1TB / NVIDIA / 그래픽 메모리: 16GB / 1Gbps 유선 / HDMI / DP포트 / 파워서플라이 / 미들타워 / 수랭쿨러 / 용도: 게임용,"16GB, M.2 1TB",3590720
452,타무즈 게이밍PC TZ300S6FAA,7500F / RTX 5060 / (AMD) B650 / OS미포함 / 600W / AMD / 라이젠 7000시리즈 / 라이젠5 / 라파엘 / DDR5 / 16GB / M.2 / 512GB / NVIDIA / 그래픽 메모리: 8GB / 1Gbps 유선 / HDMI / DP포트 / USB3.x 5Gbps / USB C타입 5Gbps / 파워서플라이 / 미들타워 / 용도: 게임용,"16GB, M.2 512GB",1508730
453,다나와표준PC 게임용 250415,7600 / RTX 4060 / (AMD) B650 / OS미포함 / 850W / AMD / 라이젠 7000시리즈 / 라이젠5 / 라파엘 / DDR5 / 16GB / M.2 / 512GB / NVIDIA / 그래픽 메모리: 8GB / 1Gbps 유선 / 파워서플라이 / 미들타워 / 어항형 / LED쿨러 / 용도: 게임용,"16GB, M.2 512GB",2362680
454,STCOM STAI-V227 Win11Home,7500F / RTX 5060 Ti / (AMD) A620 / 윈도우11 / 700W / AMD / 라이젠 7000시리즈 / 라이젠5 / 라파엘 / DDR5 / 32GB / M.2 / 2TB / NVIDIA / 그래픽 메모리: 8GB / 1Gbps 유선 / HDMI / DP포트 / 파워서플라이 / 미들타워 / 용도: 게임용,"32GB, M.2 2TB",2271980
455,STCOM STAI-V186 Win11Home,7500F / RX 9060 / (AMD) A620 / 윈도우11 / 600W / AMD / 라이젠 7000시리즈 / 라이젠5 / 라파엘 / DDR5 / 16GB / M.2 / 512GB / AMD / 그래픽 메모리: 8GB / 1Gbps 유선 / 파워서플라이 / 미들타워 / 용도: 게임용,"16GB, M.2 512GB",1553820
456,STCOM STAI-V218,250K Plus / RTX 5060 Ti / (인텔) B860 / OS미포함 / 700W / 인텔 / 코어울트라 시리즈2 / 코어 울트라5 / 애로우레이크 / 인텔 AI Boost / 13TOPS / DDR5 / 32GB / M.2 / 1TB / NVIDIA / 그래픽 메모리: 8GB / 1Gbps 유선 / 파워서플라이 / 용도: 게임용,"32GB, M.2 1TB",2259750
457,다나와 게임용PC AMD R7-9800X3D RTX5070Ti S6106,9800X3D / RTX 5070 Ti / (AMD) B650 / OS미포함 / 800W / AMD / 라이젠 9000시리즈 / 라이젠7 / 그래니트 릿지 / DDR5 / 16GB / M.2 / 1TB / NVIDIA / 그래픽 메모리: 16GB / 2.5Gbps 유선 / HDMI / DP포트 / USB3.x 10Gbps / USB3.x 5Gbps / USB C타입 10Gbps / 파워서플라이 / 미들타워 / LED쿨러 / 용도: 게임용,"16GB, M.2 1TB",4200000
458,영웅컴퓨터 영웅 울트라게이밍 U5245,245KF / RTX 5070 Ti / (인텔) B860 / OS미포함 / 800W / 인텔 / 코어울트라 시리즈2 / 코어 울트라5 / 애로우레이크 / 인텔 AI Boost / 13TOPS / DDR5 / 32GB / M.2 / 1TB / NVIDIA / 그래픽 메모리: 16GB / 1Gbps 유선 / HDMI / DP포트 / 파워서플라이 / 미들타워 / 어항형 / 수랭쿨러 / LED쿨러 / 용도: 게임용,"32GB, M.2 1TB",3529680
459,STCOM STAI-V221,225F / RTX 5060 / (인텔) H810 / OS미포함 / 700W / 인텔 / 코어울트라 시리즈2 / 코어 울트라5 / 애로우레이크 / 인텔 AI Boost / 13TOPS / DDR5 / 16GB / M.2 / 512GB / NVIDIA / 그래픽 메모리: 8GB / 1Gbps 유선 / 파워서플라이 / 용도: 게임용,"16GB, M.2 512GB",1453230
460,영웅컴퓨터 영웅컴퓨터 H게이밍 U5257 250KF RTX5070,250KF Plus / RTX 5070 / (인텔) B860 / OS미포함 / 750W / 인텔 / 코어울트라 시리즈2 / 코어 울트라5 / 애로우레이크 / 인텔 AI Boost / 13TOPS / DDR5 / 32GB / M.2 / 1TB / NVIDIA / 그래픽 메모리: 12GB / 1Gbps 유선 / HDMI / DP포트 / 파워서플라이 / 미들타워 / 어항형 / LED쿨러 / 용도: 게임용,"32GB, M.2 1TB",2779650
461,STCOM STAI-V107,7500F / RTX 5060 Ti / (AMD) A620 / OS미포함 / 700W / AMD / 라이젠 7000시리즈 / 라이젠5 / 라파엘 / DDR5 / 32GB / M.2 / 1TB / NVIDIA / 1Gbps 유선 / HDMI / DP포트 / 파워서플라이 / 미들타워 / 용도: 게임용,"32GB, M.2 1TB",1971170
462,영웅컴퓨터 울트라게이밍 P002,i5-14600KF / RTX 5080 / (인텔) B760 / OS미포함 / 900W / 인텔 / 코어 14세대 / 코어i5 / 랩터레이크-R / DDR5 / 32GB / M.2 / 1TB / NVIDIA / 그래픽 메모리: 16GB / 1Gbps 유선 / HDMI / DP포트 / 파워서플라이 / 미들타워 / 어항형 / LED쿨러 / 용도: 게임용,"32GB, M.2 1TB",4269670
463,STCOM STAI-V223,225F / RTX 5060 Ti / (인텔) H810 / OS미포함 / 700W / 인텔 / 코어울트라 시리즈2 / 코어 울트라5 / 애로우레이크 / 인텔 AI Boost / 13TOPS / DDR5 / 16GB / M.2 / 512GB / NVIDIA / 그래픽 메모리: 8GB / 1Gbps 유선 / 파워서플라이 / 용도: 게임용,"16GB, M.2 512GB",1560390
464,STCOM STAI-V216,250KF Plus / RTX 5060 / (인텔) B860 / OS미포함 / 700W / 인텔 / 코어울트라 시리즈2 / 코어 울트라5 / 애로우레이크 / 인텔 AI Boost / 13TOPS / DDR5 / 32GB / M.2 / 1TB / NVIDIA / 그래픽 메모리: 8GB / 1Gbps 유선 / HDMI / DP포트 / 파워서플라이 / 용도: 게임용,"32GB, M.2 1TB",2151650
465,STCOM STAI-V206,245KF / RTX 5060 Ti / (인텔) H810 / OS미포함 / 700W / 인텔 / 코어울트라 시리즈2 / 코어 울트라5 / 애로우레이크 / DDR5 / 32GB / M.2 / 1TB / NVIDIA / 그래픽 메모리: 8GB / 파워서플라이 / 용도: 게임용,"32GB, M.2 1TB",2067990
466,STCOM STAI-V145,i5-12400F / RTX 5060 / (인텔) H610 / OS미포함 / 600W / 인텔 / 코어 12세대 / 코어i5 / 엘더레이크 / DDR4 / 16GB / M.2 / 512GB / NVIDIA / 그래픽 메모리: 8GB / 1Gbps 유선 / HDMI / DP포트 / 파워서플라이 / 미들타워 / 용도: 게임용,"16GB, M.2 512GB",1269930
467,STCOM STAI-V156,5600 / RX 9060 XT / (AMD) A520 / OS미포함 / 600W / AMD / 라이젠 5000시리즈 / 라이젠5 / 버미어 / DDR4 / 32GB / M.2 / 1TB / AMD / 그래픽 메모리: 8GB / 1Gbps 유선 / HDMI / DP포트 / 파워서플라이 / 미들타워 / 용도: 게임용,"32GB, M.2 1TB",1536900
468,STCOM STAI-V154,i5-14400F / RX 9060 XT / (인텔) H610 / OS미포함 / 600W / 인텔 / 코어 14세대 / 코어i5 / 랩터레이크-R / DDR4 / 32GB / M.2 / 1TB / AMD / 그래픽 메모리: 8GB / 1Gbps 유선 / HDMI / DP포트 / 파워서플라이 / 미들타워 / 용도: 게임용,"32GB, M.2 1TB",1639360
469,다나와표준PC DPG 게임용 250621,i5-14600KF / RTX 5060 Ti / (인텔) B760 / OS미포함 / 850W / 인텔 / 코어 14세대 / 코어i5 / 랩터레이크-R / DDR5 / 16GB / M.2 / 1TB / NVIDIA / 그래픽 메모리: 16GB / 1Gbps 유선 / 파워서플라이 / 빅타워 / 어항형 / LED쿨러 / 용도: 게임용,"16GB, M.2 1TB",2768520
470,영웅컴퓨터 영웅 H게이밍 4561F I5 14400F RTX5060Ti,i5-14400F / RTX 5060 Ti / (인텔) H610 / OS미포함 / 600W / 인텔 / 코어 14세대 / 코어i5 / 랩터레이크-R / DDR5 / 16GB / M.2 / 500GB / NVIDIA / 그래픽 메모리: 8GB / 1Gbps 유선 / HDMI / DP포트 / 파워서플라이 / 미들타워 / 어항형 / LED쿨러 / 용도: 게임용,"16GB, M.2 500GB",1549680
471,영웅컴퓨터 영웅 H게이밍 4657 i5-14600KF RTX5070,i5-14600KF / RTX 5070 / (인텔) B760 / OS미포함 / 750W / 인텔 / 코어 14세대 / 코어i5 / 랩터레이크-R / DDR5 / 32GB / M.2 / 1TB / NVIDIA / 그래픽 메모리: 12GB / 1Gbps 유선 / HDMI / DP포트 / 파워서플라이 / 미들타워 / 어항형 / LED쿨러 / 용도: 게임용,"32GB, M.2 1TB",2739610
472,영웅컴퓨터 영웅 H게이밍 4457 i5-14400F RTX5070,i5-14400F / RTX 5070 / (인텔) B760 / OS미포함 / 700W / 인텔 / 코어 14세대 / 코어i5 / 랩터레이크-R / DDR5 / 32GB / M.2 / 1TB / NVIDIA / 그래픽 메모리: 12GB / 1Gbps 유선 / HDMI / DP포트 / 파워서플라이 / 미들타워 / 어항형 / LED쿨러 / 용도: 게임용,"32GB, M.2 1TB",2629610
473,영웅컴퓨터 영웅 울트라게이밍 T5245,245KF / RTX 5080 / (인텔) B860 / OS미포함 / 900W / 인텔 / 코어울트라 시리즈2 / 코어 울트라5 / 애로우레이크 / 인텔 AI Boost / 13TOPS / DDR5 / 32GB / M.2 / 1TB / NVIDIA / 그래픽 메모리: 16GB / 1Gbps 유선 / HDMI / DP포트 / 파워서플라이 / 미들타워 / 어항형 / 수랭쿨러 / LED쿨러 / 용도: 게임용,"32GB, M.2 1TB",4289640
474,영웅컴퓨터 영웅 H게이밍 4646K,i5-14600KF / RTX 5060 / (인텔) B760 / OS미포함 / 700W / 인텔 / 코어 14세대 / 코어i5 / 랩터레이크-R / DDR5 / 16GB / M.2 / 500GB / NVIDIA / 그래픽 메모리: 8GB / 1Gbps 유선 / HDMI / DP포트 / 파워서플라이 / 미들타워 / LED쿨러 / 용도: 게임용,"16GB, M.2 500GB",1639610
475,영웅컴퓨터 영웅 울트라게이밍 004 I7-14700KF RTX5070Ti,i7-14700KF / RTX 5070 Ti / (인텔) B760 / OS미포함 / 800W / 인텔 / 코어 14세대 / 코어i7 / 랩터레이크-R / DDR5 / 32GB / M.2 / 1TB / NVIDIA / 그래픽 메모리: 16GB / 1Gbps 유선 / HDMI / DP포트 / 파워서플라이 / 미들타워 / 어항형 / LED쿨러 / 용도: 게임용,"32GB, M.2 1TB",3719670
476,STCOM STAI-V227,7500F / RTX 5060 Ti / (AMD) A620 / OS미포함 / 700W / AMD / 라이젠 7000시리즈 / 라이젠5 / 라파엘 / DDR5 / 32GB / M.2 / 2TB / NVIDIA / 그래픽 메모리: 8GB / 1Gbps 유선 / HDMI / DP포트 / 파워서플라이 / 미들타워 / 용도: 게임용,"32GB, M.2 2TB",2089610
477,STCOM STAI-V226,5600 / RTX 5060 Ti / (AMD) A520 / OS미포함 / 700W / AMD / 라이젠 5000시리즈 / 라이젠5 / 버미어 / 인텔 AI Boost / 13TOPS / DDR4 / 32GB / M.2 / 2TB / NVIDIA / 그래픽 메모리: 8GB / 1Gbps 유선 / HDMI / DP포트 / 파워서플라이 / 미들타워 / 용도: 게임용,"32GB, M.2 2TB",1829230
478,STCOM STAI-V224,225F / RTX 5060 Ti / (인텔) H810 / OS미포함 / 700W / 인텔 / 코어울트라 시리즈2 / 코어 울트라5 / 애로우레이크 / 인텔 AI Boost / 13TOPS / DDR5 / 32GB / M.2 / 1TB / NVIDIA / 그래픽 메모리: 8GB / 1Gbps 유선 / 파워서플라이 / 용도: 게임용,"32GB, M.2 1TB",1980570
479,STCOM STAI-V217,250KF Plus / RTX 5060 Ti / (인텔) B860 / OS미포함 / 700W / 인텔 / 코어울트라 시리즈2 / 코어 울트라5 / 애로우레이크 / 인텔 AI Boost / 13TOPS / DDR5 / 16GB / M.2 / 512GB / NVIDIA / 그래픽 메모리: 8GB / 1Gbps 유선 / HDMI / DP포트 / 파워서플라이 / 용도: 게임용,"16GB, M.2 512GB",1839570
480,STCOM STAI-V215,250KF Plus / RTX 5060 / (인텔) B860 / OS미포함 / 700W / 인텔 / 코어울트라 시리즈2 / 코어 울트라5 / 애로우레이크 / 인텔 AI Boost / 13TOPS / DDR5 / 16GB / M.2 / 512GB / NVIDIA / 그래픽 메모리: 8GB / 1Gbps 유선 / HDMI / DP포트 / 파워서플라이 / 용도: 게임용,"16GB, M.2 512GB",1731470
481,STCOM STAI-V209,250KF Plus / RTX 5060 / (인텔) B860 / OS미포함 / 700W / 인텔 / 코어울트라 시리즈2 / 코어 울트라5 / 애로우레이크 / DDR5 / 16GB / M.2 / 512GB / NVIDIA / 그래픽 메모리: 8GB / 파워서플라이 / 용도: 게임용,"16GB, M.2 512GB",1721130
482,STCOM STAI-V205,245KF / RTX 5060 Ti / (인텔) H810 / OS미포함 / 700W / 인텔 / 코어울트라 시리즈2 / 코어 울트라5 / 애로우레이크 / DDR5 / 16GB / M.2 / 512GB / NVIDIA / 그래픽 메모리: 8GB / 파워서플라이 / 용도: 게임용,"16GB, M.2 512GB",1643110
483,STCOM STAI-V198,i5-14400F / RTX 5050 / (인텔) H610 / OS미포함 / 600W / 인텔 / 코어 14세대 / 코어i5 / 랩터레이크-R / DDR4 / 32GB / M.2 / 1TB / NVIDIA / 그래픽 메모리: 8GB / 파워서플라이 / 용도: 게임용,"32GB, M.2 1TB",1637480
484,STCOM STAI-V197,i5-14400F / RTX 5050 / (인텔) H610 / OS미포함 / 600W / 인텔 / 코어 14세대 / 코어i5 / 랩터레이크-R / DDR4 / 16GB / M.2 / 512GB / NVIDIA / 그래픽 메모리: 8GB / 파워서플라이 / 용도: 게임용,"16GB, M.2 512GB",1283100
485,STCOM STAI-V196,i5-12400F / RTX 5050 / (인텔) H610 / OS미포함 / 600W / 인텔 / 코어 12세대 / 코어i5 / 엘더레이크 / DDR4 / 32GB / M.2 / 1TB / NVIDIA / 그래픽 메모리: 8GB / 파워서플라이 / 용도: 게임용,"32GB, M.2 1TB",1575440
486,다나와표준PC 게임용 251210,7500F / RX 6600 / (AMD) B650 / OS미포함 / 800W / AMD / 라이젠 7000시리즈 / 라이젠5 / 라파엘 / DDR5 / 16GB / M.2 / 1TB / AMD / 그래픽 메모리: 8GB / 1Gbps 유선 / HDMI / DP포트 / 파워서플라이 / 미들타워 / 어항형 / LED쿨러 / 용도: 게임용,"16GB, M.2 1TB",1550000
487,다나와표준PC 게임용 251009,7500F / RX 6600 / (AMD) B650 / OS미포함 / 700W / AMD / 라이젠 7000시리즈 / 라이젠5 / 라파엘 / DDR5 / 16GB / M.2 / 512GB / AMD / 그래픽 메모리: 8GB / 1Gbps 유선 / 802.11ax(Wi-Fi 6) 무선 / 블루투스 / HDMI / DP포트 / 파워서플라이 / 미들타워 / 어항형 / LED쿨러 / 용도: 게임용,"16GB, M.2 512GB",1699000
488,STCOM STAI-V192,i5-12400F / RX 9060 / (인텔) H610 / OS미포함 / 600W / 인텔 / 코어 12세대 / 코어i5 / 엘더레이크 / DDR4 / 32GB / M.2 / 1TB / AMD / 그래픽 메모리: 8GB / 1Gbps 유선 / 파워서플라이 / 미들타워 / 용도: 게임용,"32GB, M.2 1TB",1483320
489,STCOM STAI-V191,i5-12400F / RX 9060 / (인텔) H610 / OS미포함 / 600W / 인텔 / 코어 12세대 / 코어i5 / 엘더레이크 / DDR4 / 16GB / M.2 / 512GB / AMD / 그래픽 메모리: 8GB / 1Gbps 유선 / 파워서플라이 / 미들타워 / 용도: 게임용,"16GB, M.2 512GB",1128000
490,다나와표준PC DPG 게임용 250821,i5-14600KF / RTX 5060 Ti / (인텔) B760 / OS미포함 / 850W / 인텔 / 코어 14세대 / 코어i5 / 랩터레이크-R / DDR5 / 16GB / M.2 / 1TB / NVIDIA / 그래픽 메모리: 16GB / 1Gbps 유선 / HDMI / DP포트 / 파워서플라이 / 미들타워 / LED쿨러 / 용도: 게임용,"16GB, M.2 1TB",2900000
491,다나와표준PC 게임용 250718,9600X / RX 9060 XT / (AMD) B850 / OS미포함 / 850W / AMD / 라이젠 9000시리즈 / 라이젠5 / 그래니트 릿지 / DDR5 / 16GB / M.2 / 1TB / AMD / 그래픽 메모리: 16GB / 1Gbps 유선 / 파워서플라이 / 빅타워 / 어항형 / LED쿨러 / 용도: 게임용,"16GB, M.2 1TB",2169000
492,STCOM STAI-V150,i5-14400F / RTX 5060 / (인텔) H610 / OS미포함 / 600W / 인텔 / 코어 14세대 / 코어i5 / 랩터레이크-R / DDR4 / 32GB / M.2 / 1TB / NVIDIA / 그래픽 메모리: 8GB / 1Gbps 유선 / HDMI / DP포트 / 파워서플라이 / 미들타워 / 용도: 게임용,"32GB, M.2 1TB",1676020
493,STCOM STAI-V148,i5-14400F / RTX 5060 / (인텔) B760 / OS미포함 / 600W / 인텔 / 코어 14세대 / 코어i5 / 랩터레이크-R / DDR5 / 32GB / M.2 / 1TB / NVIDIA / 그래픽 메모리: 8GB / 1Gbps 유선 / HDMI / DP포트 / 파워서플라이 / 미들타워 / 용도: 게임용,"32GB, M.2 1TB",1906310
494,STCOM STAI-V157,7500F / RX 9060 XT / (AMD) A620 / OS미포함 / 600W / AMD / 라이젠 7000시리즈 / 라이젠5 / 라파엘 / DDR5 / 16GB / M.2 / 512GB / AMD / 그래픽 메모리: 8GB / 1Gbps 유선 / HDMI / DP포트 / 파워서플라이 / 미들타워 / 용도: 게임용,"16GB, M.2 512GB",1446660
495,다나와표준PC 게임용 250613,7600 / RX 7600 / (AMD) B650 / OS미포함 / 800W / AMD / 라이젠 7000시리즈 / 라이젠5 / 라파엘 / DDR5 / 16GB / M.2 / 500GB / AMD / 그래픽 메모리: 8GB / 1Gbps 유선 / 파워서플라이 / 미들타워 / 어항형 / LED쿨러 / 용도: 게임용,"16GB, M.2 500GB",2133440
496,다나와표준PC 게임용 250215,7600 / RTX 4060 / (AMD) B650 / OS미포함 / 800W / AMD / 라이젠 7000시리즈 / 라이젠5 / 라파엘 / DDR5 / 16GB / M.2 / 500GB / NVIDIA / 그래픽 메모리: 8GB / 1Gbps 유선 / HDMI / DP포트 / 파워서플라이 / 미들타워 / LED쿨러 / 용도: 게임용,"16GB, M.2 500GB",2409940
497,영웅컴퓨터 영웅 H게이밍 4746,i7-14700F / RTX 5060 / (인텔) B760 / OS미포함 / 700W / 인텔 / 코어 14세대 / 코어i7 / 랩터레이크-R / DDR5 / 16GB / M.2 / 500GB / NVIDIA / 그래픽 메모리: 8GB / 1Gbps 유선 / HDMI / DP포트 / 파워서플라이 / 미들타워 / LED쿨러 / 용도: 게임용,"16GB, M.2 500GB",1869640
498,STCOM STAI-V222,225F / RTX 5060 / (인텔) H810 / OS미포함 / 700W / 인텔 / 코어울트라 시리즈2 / 코어 울트라5 / 애로우레이크 / 인텔 AI Boost / 13TOPS / DDR5 / 32GB / M.2 / 1TB / NVIDIA / 그래픽 메모리: 8GB / 1Gbps 유선 / 파워서플라이 / 용도: 게임용,"32GB, M.2 1TB",1873410
499,STCOM STAI-V212,250KF Plus / RTX 5060 Ti / (인텔) B860 / OS미포함 / 700W / 인텔 / 코어울트라 시리즈2 / 코어 울트라5 / 애로우레이크 / 인텔 AI Boost / 13TOPS / DDR5 / 32GB / M.2 / 1TB / NVIDIA / 그래픽 메모리: 8GB / 파워서플라이 / 용도: 게임용,"32GB, M.2 1TB",2249410
500,STCOM STAI-V211,250KF Plus / RTX 5060 Ti / (인텔) B860 / OS미포함 / 700W / 인텔 / 코어울트라 시리즈2 / 코어 울트라5 / 애로우레이크 / DDR5 / 16GB / M.2 / 512GB / NVIDIA / 그래픽 메모리: 8GB / 파워서플라이 / 용도: 게임용,"16GB, M.2 512GB",1829230
501,STCOM STAI-V210,250KF Plus / RTX 5060 / (인텔) B860 / OS미포함 / 700W / 인텔 / 코어울트라 시리즈2 / 코어 울트라5 / 애로우레이크 / DDR5 / 32GB / M.2 / 1TB / NVIDIA / 그래픽 메모리: 8GB / 파워서플라이 / 용도: 게임용,"32GB, M.2 1TB",2141310
502,STCOM STAI-V204,245KF / RTX 5060 / (인텔) H810 / OS미포함 / 600W / 인텔 / 코어울트라 시리즈2 / 코어 울트라5 / 애로우레이크 / DDR5 / 32GB / M.2 / 1TB / NVIDIA / 그래픽 메모리: 8GB / 파워서플라이 / 용도: 게임용,"32GB, M.2 1TB",1965530
503,STCOM STAI-V203,245KF / RTX 5060 / (인텔) H810 / OS미포함 / 600W / 인텔 / 코어울트라 시리즈2 / 코어 울트라5 / 애로우레이크 / DDR5 / 16GB / M.2 / 512GB / NVIDIA / 그래픽 메모리: 8GB / 파워서플라이 / 용도: 게임용,"16GB, M.2 512GB",1540650
504,STCOM STAI-V202,7500F / RTX 5050 / (AMD) A620 / OS미포함 / 600W / AMD / 라이젠 7000시리즈 / 라이젠5 / 라파엘 / DDR5 / 32GB / M.2 / 1TB / NVIDIA / 그래픽 메모리: 8GB / 파워서플라이 / 용도: 게임용,"32GB, M.2 1TB",1822660
505,STCOM STAI-V200,5600 / RTX 5050 / (AMD) A520 / OS미포함 / 600W / AMD / 라이젠 5000시리즈 / 라이젠5 / 버미어 / DDR4 / 32GB / M.2 / 1TB / NVIDIA / 그래픽 메모리: 8GB / 파워서플라이 / 용도: 게임용,"32GB, M.2 1TB",1550060
506,영웅컴퓨터 게이밍울트라 7456T R5 7400F RTX5060Ti,7400F / RTX 5060 Ti / (AMD) A620 / OS미포함 / 600W / AMD / 라이젠 7000시리즈 / 라이젠5 / 라파엘 / DDR5 / 32GB / M.2 / 1TB / NVIDIA / 그래픽 메모리: 8GB / 1Gbps 유선 / HDMI / DP포트 / 파워서플라이 / 미들타워 / LED쿨러 / 용도: 게임용,"32GB, M.2 1TB",1909600
507,영웅컴퓨터 영웅 게이밍울트라 7557TX 7500X3D RTX5070Ti,7500X3D / RTX 5070 Ti / (AMD) A620 / OS미포함 / 750W / AMD / 라이젠 7000시리즈 / 라이젠5 / 라파엘 / DDR5 / 32GB / M.2 / 1TB / NVIDIA / 그래픽 메모리: 12GB / 1Gbps 유선 / HDMI / DP포트 / USB3.x 5Gbps / 파워서플라이 / 미들타워 / 어항형 / LED쿨러 / 용도: 게임용,"32GB, M.2 1TB",3469730
508,다나와표준PC 게임용 260117,7800X3D / RTX 5060 / (AMD) B850 / OS미포함 / 800W / AMD / 라이젠 7000시리즈 / 라이젠7 / 라파엘 / DDR5 / 16GB / M.2 / 1TB / NVIDIA / 그래픽 메모리: 8GB / 1Gbps 유선 / HDMI / DP포트 / 파워서플라이 / 미들타워 / 어항형 / LED쿨러 / 용도: 게임용,"16GB, M.2 1TB",3099450
509,다나와표준PC 게임용 251220,245K / RTX 5060 / (인텔) B860 / OS미포함 / 850W / 인텔 / 코어울트라 시리즈2 / 코어 울트라5 / 애로우레이크 / 인텔 AI Boost / 13TOPS / DDR5 / 16GB / M.2 / 1TB / NVIDIA / 그래픽 메모리: 8GB / 1Gbps 유선 / HDMI / DP포트 / 파워서플라이 / 미들타워 / 수랭쿨러 / LED쿨러 / 용도: 게임용,"16GB, M.2 1TB",2590000
510,다나와표준PC 게임용 251216,245K / RTX 5050 / (인텔) B860 / OS미포함 / 850W / 인텔 / 코어울트라 시리즈2 / 코어 울트라5 / 애로우레이크 / 인텔 AI Boost / 13TOPS / DDR5 / 16GB / M.2 / 1TB / NVIDIA / 그래픽 메모리: 8GB / 1Gbps 유선 / HDMI / DP포트 / 파워서플라이 / 미들타워 / LED쿨러 / 용도: 게임용,"16GB, M.2 1TB",1980000
511,다나와표준PC 게임용 251110,7500F / RX 6600 / (AMD) B650 / OS미포함 / 850W / AMD / 라이젠 7000시리즈 / 라이젠5 / 라파엘 / DDR5 / 16GB / M.2 / 512GB / AMD / 그래픽 메모리: 8GB / 1Gbps 유선 / HDMI / DP포트 / 파워서플라이 / 미들타워 / 어항형 / LED쿨러 / 용도: 게임용,"16GB, M.2 512GB",2078110
512,다나와표준PC 게임용 250912,i5-14400F / RTX 5060 Ti / (인텔) B760 / OS미포함 / 850W / 인텔 / 코어 14세대 / 코어i5 / 랩터레이크-R / DDR5 / 16GB / M.2 / 500GB / NVIDIA / 그래픽 메모리: 16GB / 1Gbps 유선 / HDMI / DP포트 / 파워서플라이 / 미들타워 / 어항형 / LED쿨러 / 용도: 게임용,"16GB, M.2 500GB",2320000
513,다나와표준PC 온라인강의용 250907,i5-14400 / RTX 5050 / (인텔) B760 / OS미포함 / 700W / 인텔 / 코어 14세대 / 코어i5 / 랩터레이크-R / DDR5 / 16GB / M.2 / 500GB / NVIDIA / 그래픽 메모리: 8GB / 1Gbps 유선 / HDMI / DP포트 / 파워서플라이 / 미들타워 / LED쿨러 / 용도: 게임용,"16GB, M.2 500GB",1950000
514,다나와표준PC 온라인강의용 250906,7500F / RX 6600 / (AMD) B650 / OS미포함 / 650W / AMD / 라이젠 7000시리즈 / 라이젠5 / 라파엘 / DDR5 / 16GB / M.2 / 256GB / AMD / 그래픽 메모리: 8GB / 1Gbps 유선 / 파워서플라이 / 미들타워 / 어항형 / LED쿨러 / 용도: 게임용,"16GB, M.2 256GB",1410000
515,다나와표준PC 온라인강의용 250905,8600G / 760M / (AMD) B650 / OS미포함 / 700W / AMD / 라이젠 8000시리즈 / 라이젠5 / 피닉스 / DDR5 / 16GB / SSD / 240GB / AMD / 1Gbps 유선 / 파워서플라이 / 미들타워 / LED쿨러 / 용도: 게임용,"16GB, SSD 240GB",1775650
516,STCOM STAI-V186,7500F / RX 9060 / (AMD) A620 / OS미포함 / 600W / AMD / 라이젠 7000시리즈 / 라이젠5 / 라파엘 / DDR5 / 16GB / M.2 / 512GB / AMD / 그래픽 메모리: 8GB / 1Gbps 유선 / 파워서플라이 / 미들타워 / 용도: 게임용,"16GB, M.2 512GB",1352660
517,STCOM STAI-V185,7500F / RX 9060 / (AMD) A620 / OS미포함 / 600W / AMD / 라이젠 7000시리즈 / 라이젠5 / 라파엘 / DDR5 / 32GB / M.2 / 1TB / AMD / 그래픽 메모리: 8GB / 1Gbps 유선 / 파워서플라이 / 미들타워 / 용도: 게임용,"32GB, M.2 1TB",1804800
518,STCOM STAI-V173,i5-12400F / RX 9060 XT / (인텔) H610 / OS미포함 / 600W / 인텔 / 코어 12세대 / 코어i5 / 엘더레이크 / DDR4 / 32GB / M.2 / 1TB / AMD / 그래픽 메모리: 16GB / 1Gbps 유선 / HDMI / DP포트 / 파워서플라이 / 미들타워 / 용도: 게임용,"32GB, M.2 1TB",1616800
519,다나와표준PC 온라인강의용 250806,7500F / RX 6600 / (AMD) B650 / OS미포함 / 700W / AMD / 라이젠 7000시리즈 / 라이젠5 / 라파엘 / DDR5 / 16GB / M.2 / 256GB / AMD / 그래픽 메모리: 8GB / 1Gbps 유선 / 파워서플라이 / 미들타워 / LED쿨러 / 용도: 게임용,"16GB, M.2 256GB",1669990
520,STCOM STAI-V142,i5-12400F / RTX 5060 / (인텔) B760 / OS미포함 / 600W / 인텔 / 코어 12세대 / 코어i5 / 엘더레이크 / DDR5 / 32GB / M.2 / 1TB / NVIDIA / 그래픽 메모리: 8GB / 1Gbps 유선 / HDMI / DP포트 / 파워서플라이 / 미들타워 / 용도: 게임용,"32GB, M.2 1TB",1832990
521,STCOM STAI-V99,i5-14400F / RTX 5060 Ti / (인텔) B760 / OS미포함 / 700W / 인텔 / 코어 14세대 / 코어i5 / 랩터레이크-R / DDR5 / 32GB / M.2 / 1TB / NVIDIA / 1Gbps 유선 / HDMI / DP포트 / 파워서플라이 / 미들타워 / 용도: 게임용,"32GB, M.2 1TB",2018170
522,다나와표준PC 전문가용 250526,9800X3D / RX 7600 / (AMD) X870E / OS미포함 / 1050W / AMD / 라이젠 9000시리즈 / 라이젠7 / 그래니트 릿지 / DDR5 / 16GB / HDD:2TB / M.2 / 1TB / AMD / 그래픽 메모리: 8GB / 1Gbps 유선 / 파워서플라이 / 미들타워 / 어항형 / 수랭쿨러 / LED쿨러 / 용도: 게임용,"16GB, M.2 1TB + HDD 2TB",3590000
523,다나와표준PC DPG 게임용 250521,i5-14600KF / RTX 5060 Ti / (인텔) B760 / OS미포함 / 850W / 인텔 / 코어 14세대 / 코어i5 / 랩터레이크-R / DDR5 / 16GB / M.2 / 1TB / NVIDIA / 그래픽 메모리: 16GB / 1Gbps 유선 / 파워서플라이 / 미들타워 / LED쿨러 / 용도: 게임용,"16GB, M.2 1TB",2638810
524,다나와표준PC 게임용 250517,7800X3D / RTX 5060 Ti / (AMD) B850 / OS미포함 / 750W / AMD / 라이젠 7000시리즈 / 라이젠7 / 라파엘 / DDR5 / 16GB / M.2 / 1TB / NVIDIA / 그래픽 메모리: 16GB / 1Gbps 유선 / 파워서플라이 / 미들타워 / 어항형 / LED쿨러 / 용도: 게임용,"16GB, M.2 1TB",3378010
525,다나와표준PC 게임용 250514,7600 / RX 7600 / (AMD) B850 / OS미포함 / 750W / AMD / 라이젠 7000시리즈 / 라이젠5 / 라파엘 / DDR5 / 16GB / M.2 / 512GB / AMD / 그래픽 메모리: 8GB / 1Gbps 유선 / 파워서플라이 / 미들타워 / 어항형 / LED쿨러 / 용도: 게임용,"16GB, M.2 512GB",1800000
526,STCOM STAI-V72,i5-14400F / RX 7600 / (인텔) H610 / OS미포함 / 600W / 인텔 / 코어 14세대 / 코어i5 / 랩터레이크-R / DDR4 / 32GB / M.2 / 1TB / AMD / 1Gbps 유선 / 파워서플라이 / 미들타워 / 용도: 게임용,"32GB, M.2 1TB",1567920
527,STCOM STAI-V62,i5-14400F / RX 7600 / (인텔) B760 / OS미포함 / 600W / 인텔 / 코어 14세대 / 코어i5 / 랩터레이크-R / DDR5 / 32GB / M.2 / 1TB / AMD / 1Gbps 유선 / 파워서플라이 / 미들타워 / 용도: 게임용,"32GB, M.2 1TB",1844280
528,다나와표준PC 전문가용 250426,9800X3D / RX 7600 / (AMD) B850 / OS미포함 / 1050W / AMD / 라이젠 9000시리즈 / 라이젠7 / 그래니트 릿지 / DDR5 / 16GB / HDD:2TB / M.2 / 1TB / AMD / 그래픽 메모리: 8GB / 1Gbps 유선 / 파워서플라이 / 미들타워 / 수랭쿨러 / 용도: 게임용,"16GB, M.2 1TB + HDD 2TB",3090000
529,다나와표준PC 게임용 250418,7800X3D / RTX 4060 / (AMD) B650 / OS미포함 / 750W / AMD / 라이젠 7000시리즈 / 라이젠7 / 라파엘 / DDR5 / 16GB / M.2 / 1TB / NVIDIA / 그래픽 메모리: 8GB / 1Gbps 유선 / 파워서플라이 / 미들타워 / 어항형 / LED쿨러 / 용도: 게임용,"16GB, M.2 1TB",2853040
530,다나와표준PC 게임용 250214,7600 / RTX 4060 / (AMD) B650 / OS미포함 / 800W / AMD / 라이젠 7000시리즈 / 라이젠5 / 라파엘 / DDR5 / 16GB / M.2 / 500GB / NVIDIA / 그래픽 메모리: 8GB / 1Gbps 유선 / HDMI / DP포트 / 파워서플라이 / 미들타워 / LED쿨러 / 용도: 게임용,"16GB, M.2 500GB",2484180
531,다나와표준PC 게임용 250212,i3-14100F / RTX 3050 / (인텔) B760 / OS미포함 / 650W / 인텔 / 코어 14세대 / 코어i3 / 랩터레이크-R / DDR5 / 16GB / M.2 / 500GB / NVIDIA / 그래픽 메모리: 6GB / 1Gbps 유선 / HDMI / DP포트 / 파워서플라이 / 미들타워 / LED쿨러 / 용도: 게임용,"16GB, M.2 500GB",1914260
532,다나와표준PC 게임용 250211,7500F / RX 6600 / (AMD) A620 / OS미포함 / 600W / AMD / 라이젠 7000시리즈 / 라이젠5 / 라파엘 / DDR5 / 16GB / M.2 / 500GB / AMD / 그래픽 메모리: 8GB / 1Gbps 유선 / HDMI / DP포트 / 파워서플라이 / 미들타워 / LED쿨러 / 용도: 게임용,"16GB, M.2 500GB",2119980
533,다나와표준PC 게임용 250210,7500F / RTX 3050 / (AMD) A620 / OS미포함 / 700W / AMD / 라이젠 7000시리즈 / 라이젠5 / 라파엘 / DDR5 / 16GB / M.2 / 256GB / NVIDIA / 그래픽 메모리: 6GB / 1Gbps 유선 / HDMI / DP포트 / 파워서플라이 / 미들타워 / 어항형 / LED쿨러 / 용도: 게임용,"16GB, M.2 256GB",2010830
534,마이피씨샵 명품 DIY 게이밍 14400F RTX5060,i5-14400F / RTX 5060 / (인텔) H610 / OS미포함 / 600W / 인텔 / 코어 14세대 / 코어i5 / 랩터레이크-R / DDR5 / 16GB / M.2 / 500GB / NVIDIA / 그래픽 메모리: 8GB / 1Gbps 유선 / HDMI / DP포트 / 파워서플라이 / 미들타워 / 용도: 게임용,"16GB, M.2 500GB",1634410
535,타무즈 게이밍PC TZ300S6GCAA,7500F / RTX 5060 Ti / (AMD) B650 / OS미포함 / 700W / AMD / 라이젠 7000시리즈 / 라이젠5 / 라파엘 / DDR5 / 16GB / M.2 / 512GB / NVIDIA / 그래픽 메모리: 8GB / 1Gbps 유선 / HDMI / DP포트 / USB3.x 5Gbps / 파워서플라이 / 미들타워 / 용도: 게임용,"16GB, M.2 512GB",1614490
536,STCOM STAI-V140 Win11Home,7500F / RTX 5060 / (AMD) A620 / 윈도우11 / 600W / AMD / 라이젠 7000시리즈 / 라이젠5 / 라파엘 / DDR5 / 16GB / M.2 / 512GB / NVIDIA / 그래픽 메모리: 8GB / 1Gbps 유선 / HDMI / DP포트 / 파워서플라이 / 미들타워 / 용도: 게임용,"16GB, M.2 512GB",1617740
537,다나와표준PC 전문가용 250726,9900X3D / RTX 5070 Ti / (AMD) X870E / OS미포함 / 1050W / AMD / 라이젠 9000시리즈 / 라이젠9 / 그래니트 릿지 / DDR5 / 16GB / HDD:2TB / M.2 / 1TB / NVIDIA / 그래픽 메모리: 16GB / 1Gbps 유선 / 파워서플라이 / 빅타워 / 어항형 / 수랭쿨러 / LED쿨러 / 용도: 게임용,"16GB, M.2 1TB + HDD 2TB",4899000
538,다나와표준PC DPG 게임용 250523,225F / RTX 5070 / (인텔) Z890 / OS미포함 / 850W / 인텔 / 코어울트라 시리즈2 / 코어 울트라5 / 애로우레이크 / 인텔 AI Boost / 13TOPS / DDR5 / 16GB / M.2 / 1TB / NVIDIA / 그래픽 메모리: 12GB / 1Gbps 유선 / 파워서플라이 / 미들타워 / 어항형 / LED쿨러 / 용도: 게임용,"16GB, M.2 1TB",3550000
539,다나와표준PC 게임용 250515,7600 / RTX 5060 Ti / (AMD) B850 / OS미포함 / 850W / AMD / 라이젠 7000시리즈 / 라이젠5 / 라파엘 / DDR5 / 16GB / M.2 / 512GB / NVIDIA / 그래픽 메모리: 16GB / 1Gbps 유선 / 파워서플라이 / 미들타워 / 어항형 / LED쿨러 / 용도: 게임용,"16GB, M.2 512GB",2150000
540,STCOM STCP-SA02,7800X3D / RTX 5070 / (AMD) B650E / OS미포함 / 850W / AMD / 라이젠 7000시리즈 / 라이젠7 / 라파엘 / DDR5 / 32GB / M.2 / 2TB / NVIDIA / 그래픽 메모리: 12GB / 1Gbps 유선 / HDMI / DP포트 / 파워서플라이 / 미들타워 / 어항형 / 수랭쿨러 / LED쿨러 / 용도: 게임용,"32GB, M.2 2TB",3423000
541,STCOM STAI-V108 Win11Home,9600X / RTX 5060 Ti / (AMD) A620 / 윈도우11 / 700W / AMD / 라이젠 9000시리즈 / 라이젠5 / 그래니트 릿지 / DDR5 / 16GB / M.2 / 512GB / NVIDIA / 1Gbps 유선 / HDMI / DP포트 / 파워서플라이 / 미들타워 / 용도: 게임용,"16GB, M.2 512GB",1829240
542,STCOM STAI-V117,7800X3D / RTX 5070 / (AMD) B650 / OS미포함 / 850W / AMD / 라이젠 7000시리즈 / 라이젠7 / 라파엘 / DDR5 / 32GB / M.2 / 1TB / NVIDIA / 1Gbps 유선 / HDMI / DP포트 / 파워서플라이 / 미들타워 / 용도: 게임용,"32GB, M.2 1TB",3021160
543,STCOM STAI-V45 Win11Home,7800X3D / RX 7800 XT / (AMD) B650 / 윈도우11 / 700W / AMD / 라이젠 7000시리즈 / 라이젠7 / 라파엘 / DDR5 / 32GB / M.2 / 1TB / AMD / 1Gbps 유선 / 파워서플라이 / 미들타워 / 용도: 게임용,"32GB, M.2 1TB",2996990
544,마이피씨샵 25Y 게이밍 마스터 7500F RTX5060Ti,7500F / RTX 5060 Ti / (AMD) A620 / OS미포함 / 650W / AMD / 라이젠 7000시리즈 / 라이젠5 / 라파엘 / DDR5 / 16GB / M.2 / 500GB / NVIDIA / 그래픽 메모리: 8GB / 1Gbps 유선 / HDMI / DP포트 / 파워서플라이 / 미들타워 / 어항형 / LED쿨러 / 용도: 게임용,"16GB, M.2 500GB",1766060
545,STCOM STAI-V23,9600X / RTX 4070 SUPER / (AMD) B650 / OS미포함 / 800W / AMD / 라이젠 9000시리즈 / 라이젠5 / 그래니트 릿지 / DDR5 / 32GB / M.2 / 1TB / NVIDIA / 1Gbps 유선 / 파워서플라이 / 미들타워 / 용도: 게임용,"32GB, M.2 1TB",2753280
546,STCOM STAI-V145 Win11Home,i5-12400F / RTX 5060 / (인텔) H610 / 윈도우11 / 600W / 인텔 / 코어 12세대 / 코어i5 / 엘더레이크 / DDR4 / 16GB / M.2 / 512GB / NVIDIA / 그래픽 메모리: 8GB / 1Gbps 유선 / HDMI / DP포트 / 파워서플라이 / 미들타워 / 용도: 게임용,"16GB, M.2 512GB",1453240
547,마이피씨샵 게이밍 마스터 7500F RTX5050,7500F / RTX 5050 / (AMD) A620 / OS미포함 / 600W / AMD / 라이젠 7000시리즈 / 라이젠5 / 라파엘 / DDR5 / 16GB / M.2 / 512GB / NVIDIA / 그래픽 메모리: 8GB / 1Gbps 유선 / HDMI / DP포트 / 파워서플라이 / 미들타워 / LED쿨러 / 용도: 게임용,"16GB, M.2 512GB",1534490
548,마이피씨샵 게이밍 마스터 7500X3D RTX5060 Ti,7500X3D / RTX 5060 Ti / (AMD) B650 / OS미포함 / 600W / AMD / 라이젠 7000시리즈 / 라이젠5 / 라파엘 / DDR5 / 16GB / M.2 / 512GB / NVIDIA / 그래픽 메모리: 8GB / 1Gbps 유선 / HDMI / DP포트 / 파워서플라이 / 미들타워 / LED쿨러 / 용도: 게임용,"16GB, M.2 512GB",2088000
549,다나와표준PC 전문가용 250925,265K / RTX 5060 Ti / (인텔) B860 / OS미포함 / 1050W / 인텔 / 코어울트라 시리즈2 / 코어 울트라7 / 애로우레이크 / 인텔 AI Boost / 13TOPS / DDR5 / 16GB / M.2 / 1TB / NVIDIA / 그래픽 메모리: 16GB / 1Gbps 유선 / HDMI / DP포트 / 파워서플라이 / 미들타워 / 어항형 / 수랭쿨러 / LED쿨러 / 용도: 게임용,"16GB, M.2 1TB",3620010
550,다나와표준PC DPG 게임용 250721,i5-14600KF / RTX 5060 Ti / (인텔) B760 / OS미포함 / 1000W / 인텔 / 코어 14세대 / 코어i5 / 랩터레이크-R / DDR5 / 16GB / M.2 / 1TB / NVIDIA / 그래픽 메모리: 16GB / 1Gbps 유선 / 파워서플라이 / 미들타워 / 어항형 / LED쿨러 / 용도: 게임용,"16GB, M.2 1TB",2989990
551,STCOM STAI-V155 Win11Home,5600 / RX 9060 XT / (AMD) A520 / 윈도우11 / 600W / AMD / 라이젠 5000시리즈 / 라이젠5 / 버미어 / DDR4 / 16GB / M.2 / 512GB / AMD / 그래픽 메모리: 8GB / 1Gbps 유선 / HDMI / DP포트 / 파워서플라이 / 미들타워 / 용도: 게임용,"16GB, M.2 512GB",1393080
552,STCOM STAI-V81,i5-14400F / RX 9070 XT / (인텔) B760 / OS미포함 / 800W / 인텔 / 코어 14세대 / 코어i5 / 랩터레이크-R / DDR5 / 32GB / M.2 / 1TB / AMD / 1Gbps 유선 / 파워서플라이 / 미들타워 / 용도: 게임용,"32GB, M.2 1TB",2568080
553,다나와표준PC 전문가용 250425,265 / RTX 3050 / (인텔) B860 / OS미포함 / 850W / 인텔 / 코어울트라 시리즈2 / 코어 울트라7 / 애로우레이크 / 인텔 AI Boost / 13TOPS / DDR5 / 16GB / M.2 / 1TB / NVIDIA / 그래픽 메모리: 6GB / 1Gbps 유선 / 파워서플라이 / 미들타워 / 어항형 / 수랭쿨러 / LED쿨러 / 용도: 게임용,"16GB, M.2 1TB",2700000
554,다나와표준PC 게임용 250220,i7-14700KF / RX 7700 XT / (인텔) B760 / OS미포함 / 750W / 인텔 / 코어 14세대 / 코어i7 / 랩터레이크-R / DDR5 / 16GB / M.2 / 1TB / AMD / 그래픽 메모리: 12GB / 1Gbps 유선 / HDMI / DP포트 / 파워서플라이 / 미들타워 / 어항형 / 수랭쿨러 / LED쿨러 / 용도: 게임용,"16GB, M.2 1TB",3088100
555,다나와표준PC 게임용 260120,245K / RTX 5060 / (인텔) H810 / OS미포함 / 750W / 인텔 / 코어울트라 시리즈2 / 코어 울트라5 / 애로우레이크 / 인텔 AI Boost / 13TOPS / DDR5 / 16GB / M.2 / 1TB / NVIDIA / 그래픽 메모리: 8GB / 1Gbps 유선 / HDMI / DP포트 / 파워서플라이 / 미들타워 / 수랭쿨러 / LED쿨러 / 용도: 게임용,"16GB, M.2 1TB",3156690
556,다나와표준PC 전문가용 251226,9900X3D / RX 9070 / (AMD) X870E / OS미포함 / 1000W / AMD / 라이젠 9000시리즈 / 라이젠9 / 그래니트 릿지 / DDR5 / 16GB / HDD:2TB / M.2 / 1TB / AMD / 그래픽 메모리: 16GB / 1Gbps 유선 / HDMI / DP포트 / 파워서플라이 / 미들타워 / 어항형 / 수랭쿨러 / 용도: 게임용,"16GB, M.2 1TB + HDD 2TB",4300000
557,다나와표준PC 게임용 251018,7800X3D / RTX 5060 / (AMD) B650 / OS미포함 / 850W / AMD / 라이젠 7000시리즈 / 라이젠7 / 라파엘 / DDR5 / 16GB / M.2 / 1TB / NVIDIA / 그래픽 메모리: 8GB / 1Gbps 유선 / HDMI / DP포트 / 파워서플라이 / 빅타워 / 어항형 / LED쿨러 / 용도: 게임용,"16GB, M.2 1TB",2440000
558,다나와표준PC 게임용 251015,9600 / RX 9060 XT / (AMD) B850 / OS미포함 / 850W / AMD / 라이젠 9000시리즈 / 라이젠5 / 그래니트 릿지 / DDR5 / 16GB / M.2 / 500GB / AMD / 그래픽 메모리: 16GB / 1Gbps 유선 / 802.11ax(Wi-Fi 6) 무선 / 블루투스 / HDMI / DP포트 / 파워서플라이 / 미들타워 / 어항형 / LED쿨러 / 용도: 게임용,"16GB, M.2 500GB",2090000
559,다나와표준PC 게임용 251013,7600 / RTX 5060 / (AMD) B850 / OS미포함 / 850W / AMD / 라이젠 7000시리즈 / 라이젠5 / 라파엘 / DDR5 / 16GB / M.2 / 500GB / NVIDIA / 그래픽 메모리: 8GB / 1Gbps 유선 / 802.11ax(Wi-Fi 6) 무선 / 블루투스 / HDMI / DP포트 / 파워서플라이 / 미들타워 / LED쿨러 / 용도: 게임용,"16GB, M.2 500GB",1990000
560,다나와표준PC 게임용 250919,7800X3D / RTX 5060 Ti / (AMD) B850 / OS미포함 / 850W / AMD / 라이젠 7000시리즈 / 라이젠7 / 라파엘 / DDR5 / 16GB / M.2 / 1TB / NVIDIA / 그래픽 메모리: 16GB / 1Gbps 유선 / HDMI / DP포트 / 파워서플라이 / 미들타워 / 용도: 게임용,"16GB, M.2 1TB",3514270
561,다나와표준PC 게임용 250712,i5-12400F / RTX 3050 / (인텔) H610 / OS미포함 / 800W / 인텔 / 코어 12세대 / 코어i5 / 엘더레이크 / DDR5 / 16GB / M.2 / 500GB / NVIDIA / 그래픽 메모리: 6GB / 1Gbps 유선 / 파워서플라이 / 미들타워 / 어항형 / LED쿨러 / 용도: 게임용,"16GB, M.2 500GB",1580000
562,다나와표준PC 전문가용 250626,9800X3D / RX 7600 / (AMD) B850 / OS미포함 / 1050W / AMD / 라이젠 9000시리즈 / 라이젠7 / 그래니트 릿지 / DDR5 / 16GB / HDD:2TB / M.2 / 1TB / AMD / 그래픽 메모리: 8GB / 1Gbps 유선 / 파워서플라이 / 미들타워 / 어항형 / 수랭쿨러 / LED쿨러 / 용도: 게임용,"16GB, M.2 1TB + HDD 2TB",3040000
563,다나와표준PC 전문가용 250527,265KF / RTX 5070 / (인텔) Z890 / OS미포함 / 1050W / 인텔 / 코어울트라 시리즈2 / 코어 울트라7 / 애로우레이크 / 인텔 AI Boost / 13TOPS / DDR5 / 16GB / HDD:4TB / M.2 / 1TB / NVIDIA / 그래픽 메모리: 12GB / 1Gbps 유선 / 파워서플라이 / 빅타워 / 어항형 / 수랭쿨러 / LED쿨러 / 용도: 게임용,"16GB, M.2 1TB + HDD 4TB",3942000
564,다나와표준PC 게임용 250513,7600 / RTX 5060 Ti / (AMD) B650 / OS미포함 / 700W / AMD / 라이젠 7000시리즈 / 라이젠5 / 라파엘 / DDR5 / 16GB / M.2 / 512GB / NVIDIA / 그래픽 메모리: 16GB / 1Gbps 유선 / 파워서플라이 / 미들타워 / LED쿨러 / 용도: 게임용,"16GB, M.2 512GB",2690960
565,STCOM STAI-V44,9800X3D / RX 7700 XT / (AMD) B650 / OS미포함 / 700W / AMD / 라이젠 9000시리즈 / 라이젠7 / 그래니트 릿지 / DDR5 / 32GB / M.2 / 1TB / AMD / 1Gbps 유선 / 파워서플라이 / 미들타워 / 용도: 게임용,"32GB, M.2 1TB",2810130
566,다나와표준PC 전문가용 250428,9800X3D / RTX 5070 / (AMD) X870E / OS미포함 / 1000W / AMD / 라이젠 9000시리즈 / 라이젠7 / 그래니트 릿지 / DDR5 / 16GB / HDD:4TB / M.2 / 1TB / NVIDIA / 그래픽 메모리: 12GB / 1Gbps 유선 / 파워서플라이 / 빅타워 / 어항형 / 수랭쿨러 / LED쿨러 / 용도: 게임용,"16GB, M.2 1TB + HDD 4TB",4484800
567,다나와표준PC 게임용 250416,i5-14400F / RTX 4060 / (인텔) B760 / OS미포함 / 750W / 인텔 / 코어 14세대 / 코어i5 / 랩터레이크-R / DDR5 / 16GB / M.2 / 500GB / NVIDIA / 그래픽 메모리: 8GB / 1Gbps 유선 / 파워서플라이 / 미들타워 / LED쿨러 / 용도: 게임용,"16GB, M.2 500GB",2260260
568,다나와표준PC 게임용 250413,7600 / RTX 4060 / (AMD) B650 / OS미포함 / 700W / AMD / 라이젠 7000시리즈 / 라이젠5 / 라파엘 / DDR5 / 16GB / M.2 / 512GB / NVIDIA / 그래픽 메모리: 8GB / 1Gbps 유선 / 파워서플라이 / 미들타워 / LED쿨러 / 용도: 게임용,"16GB, M.2 512GB",2340680
569,다나와표준PC 게임용 250409,5600 / RX 6600 / (AMD) B450 / OS미포함 / 650W / AMD / 라이젠 5000시리즈 / 라이젠5 / 버미어 / DDR4 / 16GB / SSD / 240GB / AMD / 그래픽 메모리: 8GB / 1Gbps 유선 / 파워서플라이 / 미들타워 / LED쿨러 / 용도: 게임용,"16GB, SSD 240GB",1350000
570,다나와표준PC DPG 게임용 250224,7800X3D / RX 7800 XT / (AMD) B850 / OS미포함 / 850W / AMD / 라이젠 7000시리즈 / 라이젠7 / 라파엘 / DDR5 / 16GB / M.2 / 2TB / AMD / 그래픽 메모리: 16GB / 5Gbps 유선 / 1Gbps 유선 / 802.11be(Wi-Fi 7) 무선 / HDMI / DP포트 / 파워서플라이 / 미들타워 / 어항형 / 수랭쿨러 / LED쿨러 / 용도: 게임용,"16GB, M.2 2TB",3789060
571,다나와표준PC DPG 게임용 250221,i5-14600KF / RTX 4060 / (인텔) B760 / OS미포함 / 800W / 인텔 / 코어 14세대 / 코어i5 / 랩터레이크-R / DDR5 / 16GB / M.2 / 500GB / NVIDIA / 그래픽 메모리: 8GB / 1Gbps 유선 / HDMI / DP포트 / 파워서플라이 / 미들타워 / 어항형 / LED쿨러 / 용도: 게임용,"16GB, M.2 500GB",2506700
572,다나와표준PC 게임용 250219,9700X / RTX 4060 / (AMD) B650 / OS미포함 / 850W / AMD / 라이젠 9000시리즈 / 라이젠7 / 그래니트 릿지 / DDR5 / 16GB / M.2 / 1TB / NVIDIA / 그래픽 메모리: 8GB / 1Gbps 유선 / HDMI / DP포트 / 파워서플라이 / 미들타워 / LED쿨러 / 용도: 게임용,"16GB, M.2 1TB",2794690
573,다나와표준PC 게임용 250209,5600 / RTX 3050 / (AMD) B450 / OS미포함 / 700W / AMD / 라이젠 5000시리즈 / 라이젠5 / 버미어 / DDR4 / 16GB / SSD / 240GB / NVIDIA / 그래픽 메모리: 6GB / 1Gbps 유선 / HDMI / DP포트 / 파워서플라이 / 미들타워 / 어항형 / LED쿨러 / 용도: 게임용,"16GB, SSD 240GB",1893440
574,타무즈 게이밍PC TZ310S6GCAA,7500F / RTX 5060 Ti / (AMD) B650 / OS미포함 / 700W / AMD / 라이젠 7000시리즈 / 라이젠5 / 라파엘 / DDR5 / 16GB / M.2 / 512GB / NVIDIA / 그래픽 메모리: 8GB / 1Gbps 유선 / HDMI / DP포트 / USB3.x 5Gbps / USB C타입 5Gbps / 파워서플라이 / 미들타워 / 용도: 게임용,"16GB, M.2 512GB",1635270
575,다나와표준PC 전문가용 250228,9800X3D / RX 7800 XT / (AMD) X870 / OS미포함 / 1050W / AMD / 라이젠 9000시리즈 / 라이젠7 / 그래니트 릿지 / DDR5 / 32GB / HDD:4TB / M.2 / 1TB / AMD / 그래픽 메모리: 16GB / 5Gbps 유선 / 802.11be(Wi-Fi 7) 무선 / 블루투스 / HDMI / DP포트 / 파워서플라이 / 미들타워 / 어항형 / 수랭쿨러 / LED쿨러 / 용도: 게임용,"32GB, M.2 1TB + HDD 4TB",4659380
576,STCOM STAI-V207,245KF / RTX 5070 / (인텔) B860 / OS미포함 / 850W / 인텔 / 코어울트라 시리즈2 / 코어 울트라5 / 애로우레이크 / DDR5 / 16GB / M.2 / 512GB / NVIDIA / 그래픽 메모리: 12GB / 파워서플라이 / 용도: 게임용,"16GB, M.2 512GB",2428960
577,STCOM STAI-V139 Win11Home,i5-12400F / RTX 5060 / (인텔) B760 / 윈도우11 / 600W / 인텔 / 코어 12세대 / 코어i5 / 엘더레이크 / DDR5 / 16GB / M.2 / 512GB / NVIDIA / 그래픽 메모리: 8GB / 1Gbps 유선 / HDMI / DP포트 / 파워서플라이 / 미들타워 / 용도: 게임용,"16GB, M.2 512GB",1595180
578,STCOM STAI-V118,9800X3D / RTX 5070 / (AMD) B650 / OS미포함 / 850W / AMD / 라이젠 9000시리즈 / 라이젠7 / 그래니트 릿지 / DDR5 / 16GB / M.2 / 512GB / NVIDIA / 1Gbps 유선 / HDMI / DP포트 / 파워서플라이 / 미들타워 / 용도: 게임용,"16GB, M.2 512GB",2795560
579,STCOM STAI-V219,250K Plus / RTX 5070 / (인텔) B860 / OS미포함 / 850W / 인텔 / 코어울트라 시리즈2 / 코어 울트라5 / 애로우레이크 / 인텔 AI Boost / 13TOPS / DDR5 / 16GB / M.2 / 512GB / NVIDIA / 그래픽 메모리: 12GB / 1Gbps 유선 / 파워서플라이 / 용도: 게임용,"16GB, M.2 512GB",2506040
580,STCOM STAI-V135 Win11Home,i5-14400F / RTX 5060 Ti / (인텔) H610 / 윈도우11 / 700W / 인텔 / 코어 14세대 / 코어i5 / 랩터레이크-R / DDR4 / 16GB / M.2 / 512GB / NVIDIA / 그래픽 메모리: 8GB / 1Gbps 유선 / HDMI / DP포트 / 파워서플라이 / 미들타워 / 용도: 게임용,"16GB, M.2 512GB",1641240
581,STCOM STAI-V25 Win11Home,7500F / RX 7600 / (AMD) B650 / 윈도우11 / 600W / AMD / 라이젠 7000시리즈 / 라이젠5 / 라파엘 / DDR5 / 16GB / M.2 / 512GB / AMD / 1Gbps 유선 / 파워서플라이 / 미들타워 / 용도: 게임용,"16GB, M.2 512GB",1676960
582,STCOM STAI-V3 Win11,i5-12400F / GTX 1660 SUPER / (인텔) H610 / 윈도우11 / 600W / 인텔 / 코어 12세대 / 코어i5 / 엘더레이크 / DDR4 / 16GB / M.2 / 512GB / NVIDIA / 1Gbps 유선 / 파워서플라이 / 미들타워 / 용도: 게임용,"16GB, M.2 512GB",1182520
583,STCOM STAI-V187 Win11Home,5600 / RX 9060 / (AMD) A520 / 윈도우11 / 600W / AMD / 라이젠 5000시리즈 / 라이젠5 / 버미어 / DDR4 / 16GB / M.2 / 512GB / AMD / 그래픽 메모리: 8GB / 1Gbps 유선 / 파워서플라이 / 미들타워 / 용도: 게임용,"16GB, M.2 512GB",1334800
584,다나와표준PC 게임용 231120,i7-13700KF / RTX 4060 Ti / (인텔) B760 / OS미포함 / 700W / 인텔 / 코어 13세대 / 코어i7 / 랩터레이크 / DDR5 / 32GB / M.2 / 500GB / NVIDIA / 그래픽 메모리: 8GB / 1Gbps 유선 / 802.11ax(Wi-Fi 6) 무선 / 블루투스 / HDMI / DP포트 / 파워서플라이 / 미들타워 / 용도: 게임용,"32GB, M.2 500GB",2812190
585,STCOM STAI-V106 Win11Home,7500F / RTX 5060 Ti / (AMD) A620 / 윈도우11 / 700W / AMD / 라이젠 7000시리즈 / 라이젠5 / 라파엘 / DDR5 / 16GB / M.2 / 512GB / NVIDIA / 1Gbps 유선 / HDMI / DP포트 / 파워서플라이 / 미들타워 / 용도: 게임용,"16GB, M.2 512GB",1733360
586,STCOM STAI-V144 Win11Home,9600X / RTX 5060 / (AMD) A620 / 윈도우11 / 600W / AMD / 라이젠 9000시리즈 / 라이젠5 / 그래니트 릿지 / DDR5 / 32GB / M.2 / 1TB / NVIDIA / 그래픽 메모리: 8GB / 1Gbps 유선 / HDMI / DP포트 / 파워서플라이 / 미들타워 / 용도: 게임용,"32GB, M.2 1TB",2115000
587,타무즈 게이밍PC TZ330S6FBAA,7500F / RTX 5060 / (AMD) B650 / OS미포함 / 600W / AMD / 라이젠 7000시리즈 / 라이젠5 / 라파엘 / DDR5 / 16GB / M.2 / 1TB / NVIDIA / 그래픽 메모리: 8GB / 1Gbps 유선 / HDMI / DP포트 / USB3.x 5Gbps / 파워서플라이 / 미들타워 / 어항형 / 용도: 게임용,"16GB, M.2 1TB",1579030
588,타무즈 게이밍PC TZ320S6FBAA,7500F / RTX 5060 / (AMD) B650 / OS미포함 / 600W / AMD / 라이젠 7000시리즈 / 라이젠5 / 라파엘 / DDR5 / 16GB / M.2 / 512GB / NVIDIA / 그래픽 메모리: 8GB / 1Gbps 유선 / HDMI / DP포트 / USB3.x 5Gbps / USB C타입 5Gbps / 파워서플라이 / 미들타워 / 용도: 게임용,"16GB, M.2 512GB",1554300
589,STCOM STAI-V148 Win11Home,i5-14400F / RTX 5060 / (인텔) B760 / 윈도우11 / 600W / 인텔 / 코어 14세대 / 코어i5 / 랩터레이크-R / DDR5 / 32GB / M.2 / 1TB / NVIDIA / 그래픽 메모리: 8GB / 1Gbps 유선 / HDMI / DP포트 / 파워서플라이 / 미들타워 / 용도: 게임용,"32GB, M.2 1TB",2088680
590,마이피씨샵 25Y 게이밍 마스터 7800X3D RTX5060,7800X3D / RTX 5060 / (AMD) A620 / OS미포함 / 600W / AMD / 라이젠 7000시리즈 / 라이젠7 / 라파엘 / DDR5 / 16GB / M.2 / 500GB / NVIDIA / 그래픽 메모리: 8GB / 1Gbps 유선 / HDMI / DP포트 / 파워서플라이 / 미들타워 / 어항형 / 수랭쿨러 / LED쿨러 / 용도: 게임용,"16GB, M.2 500GB",2449990
591,서린씨앤아이 서린컴퓨터 SRC0049,9850X3D / RX 9070 XT / (AMD) B850 / OS미포함 / 850W / AMD / 라이젠 9000시리즈 / 라이젠7 / 그래니트 릿지 / DDR5 / 32GB / M.2 / 1TB / AMD / 그래픽 메모리: 16GB / 1Gbps 유선 / HDMI / DP포트 / 파워서플라이 / 미들타워 / 어항형 / LED쿨러 / 용도: 게임용,"32GB, M.2 1TB",3853060
592,STCOM STAI-V220,250K Plus / RTX 5070 / (인텔) B860 / OS미포함 / 850W / 인텔 / 코어울트라 시리즈2 / 코어 울트라5 / 애로우레이크 / 인텔 AI Boost / 13TOPS / DDR5 / 32GB / M.2 / 1TB / NVIDIA / 그래픽 메모리: 12GB / 1Gbps 유선 / 파워서플라이 / 용도: 게임용,"32GB, M.2 1TB",2914940
593,타무즈 게이밍PC TZ310S6FBAA,7500F / RTX 5060 / (AMD) B650 / OS미포함 / 600W / AMD / 라이젠 7000시리즈 / 라이젠5 / 라파엘 / DDR5 / 16GB / M.2 / 1TB / NVIDIA / 그래픽 메모리: 8GB / 1Gbps 유선 / HDMI / DP포트 / USB3.x 5Gbps / USB C타입 5Gbps / 파워서플라이 / 미들타워 / 용도: 게임용,"16GB, M.2 1TB",1608470
594,타무즈 게이밍 TZ310N3FBAA,i5-14400F / RTX 5060 / (인텔) B760 / OS미포함 / 600W / 인텔 / 코어 14세대 / 코어i5 / 랩터레이크-R / DDR5 / 16GB / M.2 / 512GB / NVIDIA / 1Gbps 유선 / HDMI / DP포트 / USB3.x 5Gbps / 파워서플라이 / 미들타워 / 용도: 게임용,"16GB, M.2 512GB",1543360
595,MSI MAG Codex R2 A14NVN i5 14400F RTX 5060 Ti 게이밍,i5-14400F / RTX 5060 Ti / (인텔) B760 / OS미포함 / 600W / 인텔 / 코어 14세대 / 코어i5 / 랩터레이크-R / DDR5 / 32GB / M.2 / 1TB / NVIDIA / 그래픽 메모리: 16GB / 1Gbps 유선 / HDMI / DP포트 / USB3.x 5Gbps / USB C타입 10Gbps / 파워서플라이 / 미들타워 / LED쿨러 / 용도: 게임용,"32GB, M.2 1TB",2898990
596,STCOM STAI-V141 Win11Home,5600 / RTX 5060 / (AMD) A520 / 윈도우11 / 600W / AMD / 라이젠 5000시리즈 / 라이젠5 / 버미어 / DDR4 / 32GB / M.2 / 1TB / NVIDIA / 그래픽 메모리: 8GB / 1Gbps 유선 / HDMI / DP포트 / 파워서플라이 / 미들타워 / 용도: 게임용,"32GB, M.2 1TB",1754980
597,마이피씨샵 25Y 게이밍 마스터 9600 RTX5060,9600 / RTX 5060 / (AMD) A620 / OS미포함 / 600W / AMD / 라이젠 9000시리즈 / 라이젠5 / 그래니트 릿지 / DDR5 / 16GB / M.2 / 500GB / NVIDIA / 그래픽 메모리: 8GB / 1Gbps 유선 / HDMI / DP포트 / 파워서플라이 / 미들타워 / 어항형 / LED쿨러 / 용도: 게임용,"16GB, M.2 500GB",2006400
598,마이피씨샵 25Y 게이밍 마스터 225F RTX5060,225F / RTX 5060 / (인텔) H810 / OS미포함 / 700W / 인텔 / 코어울트라 시리즈2 / 코어 울트라5 / 애로우레이크 / 인텔 AI Boost / 13TOPS / DDR5 / 16GB / M.2 / 500GB / NVIDIA / 그래픽 메모리: 8GB / 1Gbps 유선 / HDMI / DP포트 / 파워서플라이 / 미들타워 / 어항형 / LED쿨러 / 용도: 게임용,"16GB, M.2 500GB",1766060
599,마이피씨샵 25Y 게이밍 마스터 7500F RTX5060,7500F / RTX 5060 / (AMD) A620 / OS미포함 / 600W / AMD / 라이젠 7000시리즈 / 라이젠5 / 라파엘 / DDR5 / 16GB / M.2 / 500GB / NVIDIA / 그래픽 메모리: 8GB / 1Gbps 유선 / HDMI / DP포트 / 파워서플라이 / 미들타워 / 어항형 / LED쿨러 / 용도: 게임용,"16GB, M.2 500GB",1898990
600,STCOM STAI-V98,i5-14400F / RTX 5060 Ti / (인텔) B760 / OS미포함 / 700W / 인텔 / 코어 14세대 / 코어i5 / 랩터레이크-R / DDR5 / 16GB / M.2 / 512GB / NVIDIA / 1Gbps 유선 / HDMI / DP포트 / 파워서플라이 / 미들타워 / 용도: 게임용,"16GB, M.2 512GB",1627990
601,STCOM STAI-V235 Win11Home,9600X / RTX 5060 / (AMD) A620 / 윈도우11 / 600W / AMD / 라이젠 9000시리즈 / 라이젠5 / 그래니트 릿지 / DDR5 / 32GB / M.2 / 2TB / NVIDIA / 그래픽 메모리: 8GB / 1Gbps 유선 / HDMI / DP포트 / 파워서플라이 / 미들타워 / 용도: 게임용,"32GB, M.2 2TB",2256940
602,STCOM STAI-V234 Win11Home,7500F / RTX 5060 / (AMD) A620 / 윈도우11 / 600W / AMD / 라이젠 7000시리즈 / 라이젠5 / 라파엘 / DDR5 / 32GB / M.2 / 2TB / NVIDIA / 그래픽 메모리: 8GB / 1Gbps 유선 / HDMI / DP포트 / 파워서플라이 / 미들타워 / 용도: 게임용,"32GB, M.2 2TB",2159180
603,STCOM STAI-V194 Win11Home,i5-14400F / RX 9060 / (인텔) H610 / 윈도우11 / 600W / 인텔 / 코어 14세대 / 코어i5 / 랩터레이크-R / DDR4 / 32GB / M.2 / 1TB / AMD / 그래픽 메모리: 8GB / 1Gbps 유선 / 파워서플라이 / 미들타워 / 용도: 게임용,"32GB, M.2 1TB",1770020
604,STCOM STAI-V192 Win11Home,i5-12400F / RX 9060 / (인텔) H610 / 윈도우11 / 600W / 인텔 / 코어 12세대 / 코어i5 / 엘더레이크 / DDR4 / 32GB / M.2 / 1TB / AMD / 그래픽 메모리: 8GB / 1Gbps 유선 / 파워서플라이 / 미들타워 / 용도: 게임용,"32GB, M.2 1TB",1694820
605,STCOM STAI-V188 Win11Home,5600 / RX 9060 / (AMD) A520 / 윈도우11 / 600W / AMD / 라이젠 5000시리즈 / 라이젠5 / 버미어 / DDR4 / 32GB / M.2 / 1TB / AMD / 그래픽 메모리: 8GB / 1Gbps 유선 / 파워서플라이 / 미들타워 / 용도: 게임용,"32GB, M.2 1TB",1690120
606,STCOM STAI-V146 Win11Home,i5-12400F / RTX 5060 / (인텔) H610 / 윈도우11 / 600W / 인텔 / 코어 12세대 / 코어i5 / 엘더레이크 / DDR4 / 32GB / M.2 / 1TB / NVIDIA / 그래픽 메모리: 8GB / 1Gbps 유선 / HDMI / DP포트 / 파워서플라이 / 미들타워 / 용도: 게임용,"32GB, M.2 1TB",1786940
607,STCOM STAI-V151 Win11Home,i5-12400F / RX 9060 XT / (인텔) H610 / 윈도우11 / 600W / 인텔 / 코어 12세대 / 코어i5 / 엘더레이크 / DDR4 / 16GB / M.2 / 512GB / AMD / 그래픽 메모리: 8GB / 1Gbps 유선 / HDMI / DP포트 / 파워서플라이 / 미들타워 / 용도: 게임용,"16GB, M.2 512GB",1402480
608,STCOM STAI-V153 Win11Home,i5-14400F / RX 9060 XT / (인텔) H610 / 윈도우11 / 600W / 인텔 / 코어 14세대 / 코어i5 / 랩터레이크-R / DDR4 / 16GB / M.2 / 512GB / AMD / 그래픽 메모리: 8GB / 1Gbps 유선 / HDMI / DP포트 / 파워서플라이 / 미들타워 / 용도: 게임용,"16GB, M.2 512GB",1495540
609,STCOM STAI-V119,9800X3D / RTX 5070 / (AMD) B650 / OS미포함 / 850W / AMD / 라이젠 9000시리즈 / 라이젠7 / 그래니트 릿지 / DDR5 / 32GB / M.2 / 1TB / NVIDIA / 1Gbps 유선 / HDMI / DP포트 / 파워서플라이 / 미들타워 / 용도: 게임용,"32GB, M.2 1TB",3205400
610,다나와표준PC 게임용 250412,i3-14100F / RTX 3050 / (인텔) H610 / OS미포함 / 700W / 인텔 / 코어 14세대 / 코어i3 / 랩터레이크-R / DDR5 / 16GB / M.2 / 500GB / NVIDIA / 그래픽 메모리: 6GB / 1Gbps 유선 / 파워서플라이 / 미들타워 / 어항형 / LED쿨러 / 용도: 게임용,"16GB, M.2 500GB",1360000
611,STCOM STAI-V46 Win11Home,9800X3D / RX 7800 XT / (AMD) B650 / 윈도우11 / 700W / AMD / 라이젠 9000시리즈 / 라이젠7 / 그래니트 릿지 / DDR5 / 32GB / M.2 / 1TB / AMD / 1Gbps 유선 / 파워서플라이 / 미들타워 / 용도: 게임용,"32GB, M.2 1TB",3142990
612,다나와표준PC 게임용 250216,i5-14400F / RTX 4060 / (인텔) B760 / OS미포함 / 750W / 인텔 / 코어 14세대 / 코어i5 / 랩터레이크-R / DDR5 / 16GB / M.2 / 500GB / NVIDIA / 그래픽 메모리: 8GB / 1Gbps 유선 / HDMI / DP포트 / 파워서플라이 / 미들타워 / 어항형 / LED쿨러 / 용도: 게임용,"16GB, M.2 500GB",2309880
613,마이피씨샵 명품 DIY 게이밍 14400F RTX4060Ti,i5-14400F / RTX 4060 Ti / (인텔) H610 / OS미포함 / 600W / 인텔 / 코어 14세대 / 코어i5 / 랩터레이크-R / DDR5 / 16GB / M.2 / 500GB / NVIDIA / 그래픽 메모리: 8GB / 1Gbps 유선 / HDMI / DP포트 / 파워서플라이 / 미들타워 / 용도: 게임용,"16GB, M.2 500GB",1919040
614,STCOM STAI-V226 Win11Home,5600 / RTX 5060 Ti / (AMD) A520 / 윈도우11 / 700W / AMD / 라이젠 5000시리즈 / 라이젠5 / 버미어 / 인텔 AI Boost / 13TOPS / DDR4 / 32GB / M.2 / 2TB / NVIDIA / 그래픽 메모리: 8GB / 1Gbps 유선 / HDMI / DP포트 / 파워서플라이 / 미들타워 / 용도: 게임용,"32GB, M.2 2TB",2011600
615,STCOM STAI-V211 Win11Home,250KF Plus / RTX 5060 Ti / (인텔) B860 / 윈도우11 / 700W / 인텔 / 코어울트라 시리즈2 / 코어 울트라5 / 애로우레이크 / 인텔 AI Boost / 13TOPS / DDR5 / 16GB / M.2 / 512GB / NVIDIA / 그래픽 메모리: 8GB / 1Gbps 유선 / HDMI / DP포트 / 파워서플라이 / 미들타워 / 용도: 게임용,"16GB, M.2 512GB",2011600
616,STCOM STAI-V214,250KF Plus / RTX 5070 / (인텔) B860 / OS미포함 / 850W / 인텔 / 코어울트라 시리즈2 / 코어 울트라5 / 애로우레이크 / 인텔 AI Boost / 13TOPS / DDR5 / 32GB / M.2 / 1TB / NVIDIA / 그래픽 메모리: 12GB / 1Gbps 유선 / HDMI / DP포트 / 파워서플라이 / 용도: 게임용,"32GB, M.2 1TB",2903660
617,STCOM STAI-V213,250KF Plus / RTX 5070 / (인텔) B860 / OS미포함 / 850W / 인텔 / 코어울트라 시리즈2 / 코어 울트라5 / 애로우레이크 / 인텔 AI Boost / 13TOPS / DDR5 / 16GB / M.2 / 512GB / NVIDIA / 그래픽 메모리: 12GB / 1Gbps 유선 / HDMI / DP포트 / 파워서플라이 / 미들타워 / 용도: 게임용,"16GB, M.2 512GB",2493820
618,STCOM STAI-V208,245KF / RTX 5070 / (인텔) B860 / OS미포함 / 850W / 인텔 / 코어울트라 시리즈2 / 코어 울트라5 / 애로우레이크 / DDR5 / 32GB / M.2 / 1TB / NVIDIA / 그래픽 메모리: 12GB / 파워서플라이 / 용도: 게임용,"32GB, M.2 1TB",2841620
619,다나와표준PC 게임용 251115,9600 / RTX 5060 Ti / (AMD) B850 / OS미포함 / 800W / AMD / 라이젠 9000시리즈 / 라이젠5 / 그래니트 릿지 / DDR5 / 16GB / M.2 / 500GB / NVIDIA / 그래픽 메모리: 16GB / 1Gbps 유선 / HDMI / DP포트 / 파워서플라이 / 미들타워 / LED쿨러 / 용도: 게임용,"16GB, M.2 500GB",3035990
620,STCOM STAI-V193 Win11Home,i5-14400F / RX 9060 / (인텔) H610 / 윈도우11 / 600W / 인텔 / 코어 14세대 / 코어i5 / 랩터레이크-R / DDR4 / 16GB / M.2 / 512GB / AMD / 그래픽 메모리: 8GB / 1Gbps 유선 / 파워서플라이 / 미들타워 / 용도: 게임용,"16GB, M.2 512GB",1414700
621,STCOM STAI-V191 Win11Home,i5-12400F / RX 9060 / (인텔) H610 / 윈도우11 / 600W / 인텔 / 코어 12세대 / 코어i5 / 엘더레이크 / DDR4 / 16GB / M.2 / 512GB / AMD / 그래픽 메모리: 8GB / 1Gbps 유선 / 파워서플라이 / 미들타워 / 용도: 게임용,"16GB, M.2 512GB",1338560
622,STCOM STAI-V190 Win11Home,9600X / RX 9060 / (AMD) A620 / 윈도우11 / 600W / AMD / 라이젠 9000시리즈 / 라이젠5 / 그래니트 릿지 / DDR5 / 32GB / M.2 / 1TB / AMD / 그래픽 메모리: 8GB / 1Gbps 유선 / 파워서플라이 / 미들타워 / 용도: 게임용,"32GB, M.2 1TB",2118760
623,STCOM STAI-V189 Win11Home,9600X / RX 9060 / (AMD) A620 / 윈도우11 / 600W / AMD / 라이젠 9000시리즈 / 라이젠5 / 그래니트 릿지 / DDR5 / 16GB / M.2 / 512GB / AMD / 그래픽 메모리: 8GB / 1Gbps 유선 / 파워서플라이 / 미들타워 / 용도: 게임용,"16GB, M.2 512GB",1666620
624,STCOM STAI-V185 Win11Home,7500F / RX 9060 / (AMD) A620 / 윈도우11 / 600W / AMD / 라이젠 7000시리즈 / 라이젠5 / 라파엘 / DDR5 / 32GB / M.2 / 1TB / AMD / 그래픽 메모리: 8GB / 1Gbps 유선 / HDMI / DP포트 / 파워서플라이 / 미들타워 / 용도: 게임용,"32GB, M.2 1TB",2005960
625,STCOM STAI-V174 Win11Home,i5-14400F / RX 9060 XT / (인텔) H610 / 윈도우11 / 600W / 인텔 / 코어 14세대 / 코어i5 / 랩터레이크-R / DDR4 / 32GB / M.2 / 1TB / AMD / 그래픽 메모리: 16GB / 1Gbps 유선 / HDMI / DP포트 / 파워서플라이 / 미들타워 / 용도: 게임용,"32GB, M.2 1TB",1920420
626,STCOM STAI-V173 Win11Home,i5-12400F / RX 9060 XT / (인텔) H610 / 윈도우11 / 600W / 인텔 / 코어 12세대 / 코어i5 / 엘더레이크 / DDR4 / 32GB / M.2 / 1TB / AMD / 그래픽 메모리: 16GB / 1Gbps 유선 / HDMI / DP포트 / 파워서플라이 / 미들타워 / 용도: 게임용,"32GB, M.2 1TB",1827360
627,STCOM STAI-V177 Win11Home,9600X / RX 9060 XT / (AMD) A620 / 윈도우11 / 700W / AMD / 라이젠 9000시리즈 / 라이젠5 / 그래니트 릿지 / DDR5 / 32GB / M.2 / 1TB / AMD / 그래픽 메모리: 16GB / 1Gbps 유선 / HDMI / DP포트 / 파워서플라이 / 미들타워 / 용도: 게임용,"32GB, M.2 1TB",2286080
628,STCOM STAI-V175 Win11Home,5600 / RX 9060 XT / (AMD) A520 / 윈도우11 / 600W / AMD / 라이젠 5000시리즈 / 라이젠5 / 버미어 / DDR4 / 32GB / M.2 / 1TB / AMD / 그래픽 메모리: 16GB / 1Gbps 유선 / HDMI / DP포트 / 파워서플라이 / 미들타워 / 용도: 게임용,"32GB, M.2 1TB",1817960
629,STCOM STAI-V176 Win11Home,7500F / RX 9060 XT / (AMD) A620 / 윈도우11 / 600W / AMD / 라이젠 7000시리즈 / 라이젠5 / 라파엘 / DDR5 / 32GB / M.2 / 1TB / AMD / 그래픽 메모리: 16GB / 1Gbps 유선 / HDMI / DP포트 / 파워서플라이 / 미들타워 / 용도: 게임용,"32GB, M.2 1TB",2170460
630,STCOM STAI-V147 Win11Home,i5-14400F / RTX 5060 / (인텔) B760 / 윈도우11 / 600W / 인텔 / 코어 14세대 / 코어i5 / 랩터레이크-R / DDR5 / 16GB / M.2 / 512GB / NVIDIA / 그래픽 메모리: 8GB / 1Gbps 유선 / HDMI / DP포트 / 파워서플라이 / 미들타워 / 용도: 게임용,"16GB, M.2 512GB",1668500
631,STCOM STAI-V142 Win11Home,i5-12400F / RTX 5060 / (인텔) B760 / 윈도우11 / 600W / 인텔 / 코어 12세대 / 코어i5 / 엘더레이크 / DDR5 / 32GB / M.2 / 1TB / NVIDIA / 그래픽 메모리: 8GB / 1Gbps 유선 / HDMI / DP포트 / 파워서플라이 / 미들타워 / 용도: 게임용,"32GB, M.2 1TB",2015360
632,STCOM STAI-V137 Win11Home,9600X / RTX 5060 / (AMD) A620 / 윈도우11 / 600W / AMD / 라이젠 9000시리즈 / 라이젠5 / 그래니트 릿지 / DDR5 / 16GB / M.2 / 512GB / NVIDIA / 그래픽 메모리: 8GB / 1Gbps 유선 / HDMI / DP포트 / 파워서플라이 / 미들타워 / 용도: 게임용,"16GB, M.2 512GB",1694820
633,STCOM STAI-V156 Win11Home,5600 / RX 9060 XT / (AMD) A520 / 윈도우11 / 600W / AMD / 라이젠 5000시리즈 / 라이젠5 / 버미어 / DDR4 / 32GB / M.2 / 1TB / AMD / 그래픽 메모리: 8GB / 1Gbps 유선 / HDMI / DP포트 / 파워서플라이 / 미들타워 / 용도: 게임용,"32GB, M.2 1TB",1748400
634,STCOM STAI-V160 Win11Home,9600X / RX 9060 XT / (AMD) A620 / 윈도우11 / 700W / AMD / 라이젠 9000시리즈 / 라이젠5 / 그래니트 릿지 / DDR5 / 32GB / M.2 / 1TB / AMD / 그래픽 메모리: 8GB / 1Gbps 유선 / HDMI / DP포트 / 파워서플라이 / 미들타워 / 용도: 게임용,"32GB, M.2 1TB",2216520
635,STCOM STAI-V159 Win11Home,9600X / RX 9060 XT / (AMD) A620 / 윈도우11 / 700W / AMD / 라이젠 9000시리즈 / 라이젠5 / 그래니트 릿지 / DDR5 / 16GB / M.2 / 512GB / AMD / 그래픽 메모리: 8GB / 1Gbps 유선 / HDMI / DP포트 / 파워서플라이 / 미들타워 / 용도: 게임용,"16GB, M.2 512GB",1764380
636,STCOM STAI-V152 Win11Home,i5-12400F / RX 9060 XT / (인텔) H610 / 윈도우11 / 600W / 인텔 / 코어 12세대 / 코어i5 / 엘더레이크 / DDR4 / 32GB / M.2 / 1TB / AMD / 그래픽 메모리: 8GB / 1Gbps 유선 / HDMI / DP포트 / 파워서플라이 / 미들타워 / 용도: 게임용,"32GB, M.2 1TB",1757800
637,STCOM STAI-V158 Win11Home,7500F / RX 9060 XT / (AMD) A620 / 윈도우11 / 600W / AMD / 라이젠 7000시리즈 / 라이젠5 / 라파엘 / DDR5 / 32GB / M.2 / 1TB / AMD / 그래픽 메모리: 8GB / 1Gbps 유선 / HDMI / DP포트 / 파워서플라이 / 미들타워 / 용도: 게임용,"32GB, M.2 1TB",2100900
638,STCOM STAI-V154 Win11Home,i5-14400F / RX 9060 XT / (인텔) H610 / 윈도우11 / 600W / 인텔 / 코어 14세대 / 코어i5 / 랩터레이크-R / DDR4 / 32GB / M.2 / 1TB / AMD / 그래픽 메모리: 8GB / 1Gbps 유선 / HDMI / DP포트 / 파워서플라이 / 미들타워 / 용도: 게임용,"32GB, M.2 1TB",1850860
639,마이피씨샵 25Y 게이밍 마스터 14700F RTX5060,i7-14700F / RTX 5060 / (인텔) B760 / OS미포함 / 600W / 인텔 / 코어 14세대 / 코어i7 / 랩터레이크-R / DDR5 / 16GB / M.2 / 1TB / NVIDIA / 그래픽 메모리: 8GB / 1Gbps 유선 / HDMI / DP포트 / 파워서플라이 / 미들타워 / 어항형 / 수랭쿨러 / LED쿨러 / 용도: 게임용,"16GB, M.2 1TB",3286640
640,마이피씨샵 25Y 게이밍 마스터 14400F RTX5060,i5-14400F / RTX 5060 / (인텔) H610 / OS미포함 / 600W / 인텔 / 코어 14세대 / 코어i5 / 랩터레이크-R / DDR4 / 16GB / M.2 / 500GB / NVIDIA / 그래픽 메모리: 8GB / 1Gbps 유선 / HDMI / DP포트 / 파워서플라이 / 미들타워 / LED쿨러 / 용도: 게임용,"16GB, M.2 500GB",1558970
641,다나와표준PC 게임용 250616,i5-14400F / RX 7600 / (인텔) B760 / OS미포함 / 750W / 인텔 / 코어 14세대 / 코어i5 / 랩터레이크-R / DDR5 / 16GB / M.2 / 500GB / AMD / 그래픽 메모리: 8GB / 1Gbps 유선 / 파워서플라이 / 미들타워 / 어항형 / LED쿨러 / 용도: 게임용,"16GB, M.2 500GB",1740000
642,STCOM STAI-V98 Win11Home,i5-14400F / RTX 5060 Ti / (인텔) B760 / 윈도우11 / 700W / 인텔 / 코어 14세대 / 코어i5 / 랩터레이크-R / DDR5 / 16GB / M.2 / 512GB / NVIDIA / 1Gbps 유선 / HDMI / DP포트 / 파워서플라이 / 미들타워 / 용도: 게임용,"16GB, M.2 512GB",1781300
643,STCOM STAI-V104 Win11Home,5600 / RTX 5060 Ti / (AMD) A520 / 윈도우11 / 700W / AMD / 라이젠 5000시리즈 / 라이젠5 / 버미어 / DDR4 / 16GB / M.2 / 512GB / NVIDIA / 1Gbps 유선 / HDMI / DP포트 / 파워서플라이 / 미들타워 / 용도: 게임용,"16GB, M.2 512GB",1533140
644,다나와표준PC 게임용 250518,7800X3D / RTX 5060 Ti / (AMD) B850 / OS미포함 / 850W / AMD / 라이젠 7000시리즈 / 라이젠7 / 라파엘 / DDR5 / 16GB / M.2 / 1TB / NVIDIA / 그래픽 메모리: 16GB / 1Gbps 유선 / 파워서플라이 / 미들타워 / 용도: 게임용,"16GB, M.2 1TB",3418240
645,마이피씨샵 25Y 게이밍 마스터 i7-14700F RTX5070,i7-14700F / RTX 5070 / (인텔) B760 / OS미포함 / 750W / 인텔 / 코어 14세대 / 코어i7 / 랩터레이크-R / DDR5 / 32GB / M.2 / 500GB / NVIDIA / 그래픽 메모리: 12GB / 1Gbps 유선 / HDMI / DP포트 / 파워서플라이 / 미들타워 / 어항형 / 수랭쿨러 / LED쿨러 / 용도: 게임용,"32GB, M.2 500GB",3549990
646,마이피씨샵 25Y 게이밍 마스터 7800X3D RTX5070Ti,7800X3D / RTX 5070 Ti / (AMD) B650 / OS미포함 / 800W / AMD / 라이젠 7000시리즈 / 라이젠7 / 라파엘 / DDR5 / 16GB / M.2 / 500GB / NVIDIA / 그래픽 메모리: 16GB / 1Gbps 유선 / HDMI / DP포트 / 파워서플라이 / 미들타워 / 어항형 / 수랭쿨러 / LED쿨러 / 용도: 게임용,"16GB, M.2 500GB",4329990
647,다나와표준PC 게임용 250417,7800X3D / RX 7600 / (AMD) B650 / OS미포함 / 800W / AMD / 라이젠 7000시리즈 / 라이젠7 / 라파엘 / DDR5 / 16GB / M.2 / 1TB / AMD / 그래픽 메모리: 8GB / 1Gbps 유선 / 파워서플라이 / 미들타워 / LED쿨러 / 용도: 게임용,"16GB, M.2 1TB",3023780
648,다나와표준PC 게임용 250414,7600 / RX 7600 / (AMD) B650 / OS미포함 / 750W / AMD / 라이젠 7000시리즈 / 라이젠5 / 라파엘 / DDR5 / 16GB / M.2 / 500GB / AMD / 그래픽 메모리: 8GB / 1Gbps 유선 / 파워서플라이 / 미들타워 / 어항형 / LED쿨러 / 용도: 게임용,"16GB, M.2 500GB",2286780
649,STCOM STAI-V27 Win11Home,7500F / RX 7800 XT / (AMD) B650 / 윈도우11 / 700W / AMD / 라이젠 7000시리즈 / 라이젠5 / 라파엘 / DDR5 / 32GB / M.2 / 1TB / AMD / 1Gbps 유선 / 파워서플라이 / 미들타워 / 용도: 게임용,"32GB, M.2 1TB",2556990
650,다나와표준PC 게임용 250217,7800X3D / RTX 4060 / (AMD) B650 / OS미포함 / 800W / AMD / 라이젠 7000시리즈 / 라이젠7 / 라파엘 / DDR5 / 16GB / M.2 / 500GB / NVIDIA / 그래픽 메모리: 8GB / 1Gbps 유선 / 802.11ax(Wi-Fi 6) 무선 / 블루투스 / HDMI / DP포트 / 파워서플라이 / 미들타워 / LED쿨러 / 용도: 게임용,"16GB, M.2 500GB",2956250
651,영웅컴퓨터 영웅 H게이밍 4450F I5 14400F RTX5050,i5-14400F / RTX 5050 / (인텔) H610 / OS미포함 / 600W / 인텔 / 코어 14세대 / 코어i5 / 랩터레이크-R / DDR4 / 16GB / M.2 / 512GB / NVIDIA / 그래픽 메모리: 8GB / 1Gbps 유선 / HDMI / DP포트 / 파워서플라이 / 미들타워 / LED쿨러 / 용도: 게임용,"16GB, M.2 512GB",1249900
652,다나와표준PC DPG 게임용 230821,i5-13600KF / RTX 4070 / (인텔) B760 / OS미포함 / 850W / 인텔 / 코어 13세대 / 코어i5 / 엘더레이크 / DDR5 / 32GB / M.2 / 500GB / NVIDIA / 그래픽 메모리: 12GB / 1Gbps 유선 / HDMI / DP포트 / 파워서플라이 / 미들타워 / 용도: 게임용,"32GB, M.2 500GB",1913900
653,다나와표준PC ULTIMAKE ULT-R950X3D-4070TI SUPER,7950X3D / RTX 4070 Ti SUPER / (AMD) X670E / OS미포함 / 1050W / AMD / 라이젠 7000시리즈 / 라이젠9 / 라파엘 / DDR5 / 64GB / M.2 / 1TB / NVIDIA / 그래픽 메모리: 16GB / 1Gbps 유선 / HDMI / DP포트 / 파워서플라이 / 미들타워 / 어항형 / 수랭쿨러 / 용도: 게임용,"32GB, M.2 1TB",7432950
654,다나와표준PC 게임용 241009,5600 / GTX 1650 / (AMD) B550 / OS미포함 / 600W / AMD / 라이젠 5000시리즈 / 라이젠5 / 버미어 / DDR4 / 16GB / M.2 / 256GB / NVIDIA / 그래픽 메모리: 4GB / 1Gbps 유선 / HDMI / DP포트 / DVI / 파워서플라이 / 미들타워 / LED쿨러 / 용도: 게임용,"16GB, M.2 256GB",1507320
655,다나와표준PC ULTIMAKE ULT-R800X3D-4070 SUPER,7800X3D / RTX 4070 SUPER / (AMD) B650 / OS미포함 / 850W / AMD / 라이젠 7000시리즈 / 라이젠7 / 라파엘 / DDR5 / 64GB / M.2 / 500GB / NVIDIA / 그래픽 메모리: 12GB / 1Gbps 유선 / HDMI / DP포트 / 파워서플라이 / 미들타워 / 어항형 / 수랭쿨러 / 용도: 게임용,"64GB, M.2 500GB",4637590
656,STCOM STCP-AA22,9600X / RTX 5060 Ti / (AMD) A620 / OS미포함 / 700W / AMD / 라이젠 9000시리즈 / 라이젠5 / 그래니트 릿지 / DDR5 / 32GB / M.2 / 512GB / NVIDIA / 그래픽 메모리: 8GB / 1Gbps 유선 / HDMI / DP포트 / 파워서플라이 / 미들타워 / LED쿨러 / 용도: 게임용,"32GB, M.2 512GB",2041000
657,다나와표준PC DPG 게임용 240724,7800X3D / RTX 4080 SUPER / (AMD) B650 / OS미포함 / 850W / AMD / 라이젠 7000시리즈 / 라이젠7 / 라파엘 / DDR5 / 16GB / SSD / 240GB / NVIDIA / 그래픽 메모리: 16GB / 1Gbps 유선 / HDMI / DP포트 / 파워서플라이 / 미들타워 / 어항형 / 수랭쿨러 / 용도: 게임용,"16GB, SSD 240GB",5510070
659,마이피씨샵 25Y 게이밍 마스터 White edition 7500F RTX4060,7500F / RTX 4060 / (AMD) A620 / OS미포함 / 600W / AMD / 라이젠 7000시리즈 / 라이젠5 / 라파엘 / DDR5 / 32GB / M.2 / 500GB / NVIDIA / 그래픽 메모리: 8GB / 1Gbps 유선 / HDMI / DP포트 / 파워서플라이 / 미들타워 / 어항형 / 수랭쿨러 / LED쿨러 / 용도: 게임용,"32GB, M.2 500GB",2371200
660,마이피씨샵 명품 DIY 게이밍 12400F RTX4060,i5-12400F / RTX 4060 / (인텔) H610 / OS미포함 / 600W / 인텔 / 코어 12세대 / 코어i5 / 엘더레이크 / DDR4 / 16GB / M.2 / 500GB / NVIDIA / 그래픽 메모리: 8GB / 1Gbps 유선 / HDMI / DP포트 / 파워서플라이 / 미들타워 / 용도: 게임용,"16GB, M.2 500GB",1736640
661,마이피씨샵 DIY 게이밍 미니PC 5600 RTX3050,5600 / RTX 3050 / (AMD) A520 / OS미포함 / 500W / AMD / 라이젠 5000시리즈 / 라이젠5 / 버미어 / DDR4 / 16GB / M.2 / 500GB / NVIDIA / 그래픽 메모리: 6GB / 1Gbps 유선 / HDMI / DP포트 / 파워서플라이 / 미들타워 / 어항형 / 용도: 게임용,"16GB, M.2 500GB",1526400
662,제이씨현 제플PC 게이밍 익스프레션 G33,7800X3D / RX 9070 XT / (AMD) B650 / OS미포함 / 850W / AMD / 라이젠 7000시리즈 / 라이젠7 / 라파엘 / DDR5 / 32GB / M.2 / 1TB / AMD / 그래픽 메모리: 16GB / 1Gbps 유선 / HDMI / DP포트 / 파워서플라이 / 미들타워 / LED쿨러 / 용도: 게임용,"32GB, M.2 1TB",2890000
663,마이피씨샵 25Y 게이밍 마스터 7800X3D RTX4060,7800X3D / RTX 4060 / (AMD) A620 / OS미포함 / 600W / AMD / 라이젠 7000시리즈 / 라이젠7 / 라파엘 / DDR5 / 16GB / M.2 / 500GB / NVIDIA / 그래픽 메모리: 8GB / 1Gbps 유선 / HDMI / DP포트 / 파워서플라이 / 미들타워 / 어항형 / LED쿨러 / 용도: 게임용,"16GB, M.2 500GB",3504000
664,마이피씨샵 게이밍 마스터 5600 RTX4060,5600 / RTX 4060 / (AMD) A520 / OS미포함 / 600W / AMD / 라이젠 5000시리즈 / 라이젠5 / 버미어 / DDR4 / 16GB / M.2 / 500GB / NVIDIA / 그래픽 메모리: 8GB / 1Gbps 유선 / HDMI / DP포트 / 파워서플라이 / 미들타워 / LED쿨러 / 용도: 게임용,"16GB, M.2 500GB",1741740
665,다나와표준PC 게임용 260210,7400F / RTX 5060 / (AMD) B650 / OS미포함 / 850W / AMD / 라이젠 7000시리즈 / 라이젠5 / 라파엘 / DDR5 / 16GB / M.2 / 1TB / NVIDIA / 그래픽 메모리: 8GB / 1Gbps 유선 / HDMI / DP포트 / 파워서플라이 / 미들타워 / 어항형 / LED쿨러 / 용도: 게임용,"16GB, M.2 1TB",2040000
666,다나와표준PC 게임용 251120,265K / RTX 5060 Ti / (인텔) B860 / OS미포함 / 850W / 인텔 / 코어울트라 시리즈2 / 코어 울트라7 / 애로우레이크 / 인텔 AI Boost / 13TOPS / DDR5 / 16GB / M.2 / 1TB / NVIDIA / 그래픽 메모리: 16GB / 1Gbps 유선 / HDMI / DP포트 / 파워서플라이 / 미들타워 / 어항형 / 수랭쿨러 / LED쿨러 / 용도: 게임용,"16GB, M.2 1TB",3432000
667,STCOM STAI-V178 Win11Home,7500F / RX 9070 XT / (AMD) A620 / 윈도우11 / 850W / AMD / 라이젠 7000시리즈 / 라이젠5 / 라파엘 / DDR5 / 32GB / M.2 / 1TB / AMD / 그래픽 메모리: 16GB / 1Gbps 유선 / HDMI / DP포트 / 파워서플라이 / 미들타워 / 용도: 게임용,"32GB, M.2 1TB",2710020
668,마이피씨샵 25Y 게이밍 마스터 5600 RTX5060,5600 / RTX 5060 / (AMD) A520 / OS미포함 / 600W / AMD / 라이젠 5000시리즈 / 라이젠5 / 버미어 / DDR4 / 16GB / M.2 / 500GB / NVIDIA / 그래픽 메모리: 8GB / 1Gbps 유선 / HDMI / DP포트 / 파워서플라이 / 미들타워 / 어항형 / LED쿨러 / 용도: 게임용,"16GB, M.2 500GB",1682880
669,STCOM STAI-V116 Win11Home,7800X3D / RTX 5070 / (AMD) B650 / 윈도우11 / 850W / AMD / 라이젠 7000시리즈 / 라이젠7 / 라파엘 / DDR5 / 16GB / M.2 / 512GB / NVIDIA / 1Gbps 유선 / HDMI / DP포트 / 파워서플라이 / 미들타워 / 용도: 게임용,"16GB, M.2 512GB",2823760
670,STCOM STAI-V118 Win11Home,9800X3D / RTX 5070 / (AMD) B650 / 윈도우11 / 850W / AMD / 라이젠 9000시리즈 / 라이젠7 / 그래니트 릿지 / DDR5 / 16GB / M.2 / 512GB / NVIDIA / 1Gbps 유선 / HDMI / DP포트 / 파워서플라이 / 미들타워 / 용도: 게임용,"16GB, M.2 512GB",3006120
671,마이피씨샵 25Y 게이밍 마스터 225F RTX5070,225F / RTX 5070 / (인텔) B860 / OS미포함 / 750W / 인텔 / 코어울트라 시리즈2 / 코어 울트라5 / 애로우레이크 / 인텔 AI Boost / 13TOPS / DDR5 / 16GB / M.2 / 500GB / NVIDIA / 그래픽 메모리: 12GB / 1Gbps 유선 / HDMI / DP포트 / 파워서플라이 / 미들타워 / 어항형 / LED쿨러 / 용도: 게임용,"16GB, M.2 500GB",2639040
672,마이피씨샵 25Y 게이밍 마스터 7500F RTX5070,7500F / RTX 5070 / (AMD) A620 / OS미포함 / 750W / AMD / 라이젠 7000시리즈 / 라이젠5 / 라파엘 / DDR5 / 16GB / M.2 / 500GB / NVIDIA / 그래픽 메모리: 12GB / 1Gbps 유선 / HDMI / DP포트 / 파워서플라이 / 미들타워 / 어항형 / LED쿨러 / 용도: 게임용,"16GB, M.2 500GB",3124800
673,마이피씨샵 DIY 게이밍 마스터 7600 RTX4060,7600 / RTX 4060 / (AMD) A620 / OS미포함 / 600W / AMD / 라이젠 7000시리즈 / 라이젠5 / 라파엘 / DDR5 / 16GB / M.2 / 500GB / NVIDIA / 그래픽 메모리: 8GB / 1Gbps 유선 / HDMI / DP포트 / 파워서플라이 / 미들타워 / 어항형 / 용도: 게임용,"16GB, M.2 500GB",2112000
674,다나와표준PC ULTIMAKE ULT-I400F-4060,i5-14400F / RTX 4060 / (인텔) B760 / OS미포함 / 700W / 인텔 / 코어 14세대 / 코어i5 / 랩터레이크-R / DDR4 / 16GB / M.2 / 500GB / NVIDIA / 그래픽 메모리: 8GB / 1Gbps 유선 / HDMI / DP포트 / 파워서플라이 / 미들타워 / 용도: 게임용,"16GB, M.2 500GB",2496840
675,STCOM STCP-i8,7800X3D / RX 9070 XT / (AMD) B650E / OS미포함 / 850W / AMD / 라이젠 7000시리즈 / 라이젠7 / 라파엘 / DDR5 / 32GB / M.2 / 1TB / AMD / 그래픽 메모리: 16GB / 1Gbps 유선 / HDMI / DP포트 / 파워서플라이 / 미들타워 / 어항형 / LED쿨러 / 용도: 게임용,"32GB, M.2 1TB",2974000
676,다나와표준PC DPG 게임용 230823,i7-13700K / RTX 4070 Ti / (인텔) B760 / OS미포함 / 850W / 인텔 / 코어 13세대 / 코어i7 / 엘더레이크 / DDR5 / 32GB / M.2 / 1TB / NVIDIA / 그래픽 메모리: 12GB / 1Gbps 유선 / 802.11ax(Wi-Fi 6) 무선 / 블루투스 / HDMI / DP포트 / 파워서플라이 / 미들타워 / 용도: 게임용,"32GB, M.2 1TB",2833600
677,STCOM STCP-AA30,5600 / RTX 5060 / (AMD) A520 / OS미포함 / 700W / AMD / 라이젠 5000시리즈 / 라이젠5 / 버미어 / DDR4 / 32GB / M.2 / 512GB / NVIDIA / 그래픽 메모리: 8GB / 1Gbps 유선 / HDMI / DP포트 / 파워서플라이 / 미들타워 / 용도: 게임용,"32GB, M.2 512GB",1547000
678,STCOM STCP-SA01,270K Plus / RTX 5070 / (인텔) B860 / OS미포함 / 850W / 인텔 / 코어울트라 시리즈2 / 코어 울트라7 / 애로우레이크 / 인텔 AI Boost / 13TOPS / DDR5 / 32GB / M.2 / 2TB / NVIDIA / 그래픽 메모리: 12GB / 1Gbps 유선 / HDMI / DP포트 / 파워서플라이 / 미들타워 / 어항형 / 수랭쿨러 / LED쿨러 / 용도: 게임용,"32GB, M.2 2TB",3563000
679,다나와표준PC DPG 게임용 241125,i5-14600KF / RTX 4060 / (인텔) B760 / OS미포함 / 850W / 인텔 / 코어 14세대 / 코어i5 / 랩터레이크-R / DDR5 / 32GB / M.2 / 1TB / NVIDIA / 그래픽 메모리: 8GB / 1Gbps 유선 / HDMI / DP포트 / 파워서플라이 / 미들타워 / 어항형 / 수랭쿨러 / LED쿨러 / 용도: 게임용,"32GB, M.2 1TB",3492940
680,STCOM STCP-AA32,7800X3D / RTX 5070 / (AMD) B850 / OS미포함 / 800W / AMD / 라이젠 7000시리즈 / 라이젠7 / 라파엘 / DDR5 / 32GB / M.2 / 2TB / NVIDIA / 그래픽 메모리: 12GB / 1Gbps 유선 / HDMI / DP포트 / 파워서플라이 / 미들타워 / 어항형 / 용도: 게임용,"32GB, M.2 2TB",3336000
681,STCOM STCP-i63,250K Plus / RTX 5070 / (인텔) B860 / OS미포함 / 800W / 인텔 / 코어울트라 시리즈2 / 코어 울트라5 / 애로우레이크 / 인텔 AI Boost / 13TOPS / DDR5 / 32GB / M.2 / 512GB / NVIDIA / 그래픽 메모리: 12GB / 1Gbps 유선 / HDMI / DP포트 / 파워서플라이 / 미들타워 / 어항형 / LED쿨러 / 용도: 게임용,"32GB, M.2 512GB",2951000
682,STCOM STCP-i61,250K Plus / RTX 5060 Ti / (인텔) B860 / OS미포함 / 700W / 인텔 / 코어울트라 시리즈2 / 코어 울트라5 / 애로우레이크 / 인텔 AI Boost / 13TOPS / DDR5 / 32GB / M.2 / 512GB / NVIDIA / 그래픽 메모리: 8GB / 1Gbps 유선 / HDMI / DP포트 / 파워서플라이 / 미들타워 / LED쿨러 / 용도: 게임용,"32GB, M.2 512GB",2265000
683,다나와 게임용PC 인텔 U5-225F RTX5060 S6104,225F / RTX 5060 / (인텔) H810 / OS미포함 / 600W / 인텔 / 코어울트라 시리즈2 / 코어 울트라5 / 애로우레이크 / 인텔 AI Boost / 13TOPS / DDR5 / 16GB / M.2 / 1TB / NVIDIA / 그래픽 메모리: 8GB / 1Gbps 유선 / HDMI / DP포트 / USB3.x 5Gbps / 파워서플라이 / 미들타워 / 어항형 / LED쿨러 / 용도: 게임용,"16GB, M.2 1TB",2250000
684,STCOM STCP-i7,9600X / RX 9070 XT / (AMD) A620 / OS미포함 / 850W / AMD / 라이젠 9000시리즈 / 라이젠5 / 그래니트 릿지 / DDR5 / 32GB / M.2 / 1TB / AMD / 그래픽 메모리: 16GB / 1Gbps 유선 / HDMI / DP포트 / 파워서플라이 / 미들타워 / 어항형 / LED쿨러 / 용도: 게임용,"32GB, M.2 1TB",2720000
685,제이씨현 제플PC 게이밍 익스프레션 G25,7500F / RX 9060 XT / (AMD) B650 / OS미포함 / 650W / AMD / 라이젠 7000시리즈 / 라이젠5 / 라파엘 / DDR5 / 32GB / M.2 / 1TB / AMD / 그래픽 메모리: 16GB / 1Gbps 유선 / HDMI / DP포트 / 파워서플라이 / 미들타워 / 어항형 / LED쿨러 / 용도: 게임용,"32GB, M.2 1TB",2270000
686,다나와표준PC ULTIMAKE ULT-IU285K-70,265K / RTX 5070 / (인텔) Z890 / OS미포함 / 1000W / 인텔 / 코어울트라 시리즈2 / 코어 울트라7 / 애로우레이크 / 인텔 AI Boost / 13TOPS / DDR5 / 64GB / M.2 / 1TB / NVIDIA / 그래픽 메모리: 12GB / 1Gbps 유선 / 파워서플라이 / 미들타워 / 수랭쿨러 / LED쿨러 / 용도: 게임용,"64GB, M.2 1TB",6031660
687,다나와표준PC 게임용 250313,7600 / RTX 4060 / (AMD) B650 / OS미포함 / 700W / AMD / 라이젠 7000시리즈 / 라이젠5 / 라파엘 / DDR5 / 16GB / M.2 / 512GB / NVIDIA / 그래픽 메모리: 8GB / 1Gbps 유선 / HDMI / DP포트 / 파워서플라이 / 미들타워 / 어항형 / LED쿨러 / 용도: 게임용,"16GB, M.2 512GB",2512710
688,STCOM STCP-AA29,5600 / RTX 5060 / (AMD) A520 / OS미포함 / 700W / AMD / 라이젠 5000시리즈 / 라이젠5 / 버미어 / DDR4 / 16GB / M.2 / 1TB / NVIDIA / 그래픽 메모리: 8GB / 1Gbps 유선 / HDMI / DP포트 / 파워서플라이 / 미들타워 / 용도: 게임용,"16GB, M.2 1TB",1468000
689,STCOM STCP-AA26,9600X / RTX 5060 / (AMD) A620 / OS미포함 / 700W / AMD / 라이젠 9000시리즈 / 라이젠5 / 그래니트 릿지 / DDR5 / 32GB / M.2 / 512GB / NVIDIA / 그래픽 메모리: 8GB / 1Gbps 유선 / HDMI / DP포트 / 파워서플라이 / 미들타워 / LED쿨러 / 용도: 게임용,"32GB, M.2 512GB",1916000
690,다나와 게임용PC AMD R5-7500F RTX3050 S6109,7500F / RTX 3050 / (AMD) A620 / OS미포함 / 600W / AMD / 라이젠 7000시리즈 / 라이젠5 / 라파엘 / DDR5 / 16GB / M.2 / 1TB / NVIDIA / 그래픽 메모리: 6GB / 1Gbps 유선 / HDMI / DP포트 / DVI / USB3.x 5Gbps / 파워서플라이 / 미들타워 / 어항형 / LED쿨러 / 용도: 게임용,"16GB, M.2 1TB",1800000
691,STCOM STCP-i19,7500F / RX 9060 XT / (AMD) A620 / OS미포함 / 600W / AMD / 라이젠 7000시리즈 / 라이젠5 / 라파엘 / DDR5 / 16GB / M.2 / 512GB / AMD / 그래픽 메모리: 16GB / 1Gbps 유선 / HDMI / DP포트 / 파워서플라이 / 미들타워 / LED쿨러 / 용도: 게임용,"16GB, M.2 512GB",1661000
692,영웅컴퓨터 영웅 H게이밍 2550F 225F RTX5050,225F / RTX 5050 / (인텔) H810 / OS미포함 / 600W / 인텔 / 코어울트라 시리즈2 / 코어 울트라5 / 애로우레이크 / 인텔 AI Boost / 13TOPS / DDR5 / 16GB / M.2 / 512GB / NVIDIA / 그래픽 메모리: 8GB / 1Gbps 유선 / HDMI / DP포트 / 파워서플라이 / 미들타워 / 어항형 / LED쿨러 / 용도: 게임용,"16GB, M.2 512GB",1439900
693,다나와표준PC ULTIMAKE ULT-R9900X-80,9900X / RTX 5080 / (AMD) X870E / OS미포함 / 1000W / AMD / 라이젠 9000시리즈 / 라이젠9 / 그래니트 릿지 / DDR5 / 32GB / M.2 / 1TB / NVIDIA / 그래픽 메모리: 16GB / 1Gbps 유선 / HDMI / DP포트 / 파워서플라이 / 미들타워 / 어항형 / 수랭쿨러 / LED쿨러 / 용도: 게임용,"32GB, M.2 1TB",7888240
694,다나와표준PC 전문가용 241225,9700X / RTX 4060 Ti / (AMD) B650 / OS미포함 / 850W / AMD / 라이젠 9000시리즈 / 라이젠7 / 그래니트 릿지 / DDR5 / 16GB / M.2 / 1TB / NVIDIA / 그래픽 메모리: 8GB / 1Gbps 유선 / HDMI / DP포트 / 파워서플라이 / 미들타워 / 용도: 게임용,"16GB, M.2 1TB",3911770
695,다나와표준PC 게임용 221219,i7-12700F / RTX 3060 Ti / (인텔) Z690 / OS미포함 / 700W / 인텔 / 코어 12세대 / 코어i7 / 엘더레이크 / DDR4 / 16GB / M.2 / 500GB / NVIDIA / 그래픽 메모리: 8GB / 1Gbps 유선 / 802.11ax(Wi-Fi 6) 무선 / 블루투스 / HDMI / DP포트 / USB3.x 10Gbps / USB3.x 5Gbps / USB C타입 10Gbps / 파워서플라이 / 미들타워 / 용도: 게임용,"16GB, M.2 500GB",1742750
696,STCOM STCP-AA28,7500F / RTX 5060 / (AMD) A620 / OS미포함 / 700W / AMD / 라이젠 7000시리즈 / 라이젠5 / 라파엘 / DDR5 / 32GB / M.2 / 512GB / NVIDIA / 그래픽 메모리: 8GB / 1Gbps 유선 / HDMI / DP포트 / 파워서플라이 / 미들타워 / LED쿨러 / 용도: 게임용,"32GB, M.2 512GB",1814000
697,STCOM STCP-AA27,7500F / RTX 5060 / (AMD) A620 / OS미포함 / 700W / AMD / 라이젠 7000시리즈 / 라이젠5 / 라파엘 / DDR5 / 16GB / M.2 / 1TB / NVIDIA / 그래픽 메모리: 8GB / 1Gbps 유선 / HDMI / DP포트 / 파워서플라이 / 미들타워 / LED쿨러 / 용도: 게임용,"16GB, M.2 1TB",1644000
698,STCOM STCP-AA25,9600X / RTX 5060 / (AMD) A620 / OS미포함 / 700W / AMD / 라이젠 9000시리즈 / 라이젠5 / 그래니트 릿지 / DDR5 / 16GB / M.2 / 1TB / NVIDIA / 그래픽 메모리: 8GB / 1Gbps 유선 / HDMI / DP포트 / 파워서플라이 / 미들타워 / LED쿨러 / 용도: 게임용,"16GB, M.2 1TB",1746000
699,STCOM STCP-AA24,7500F / RTX 5060 Ti / (AMD) A620 / OS미포함 / 700W / AMD / 라이젠 7000시리즈 / 라이젠5 / 라파엘 / DDR5 / 32GB / M.2 / 512GB / NVIDIA / 그래픽 메모리: 8GB / 1Gbps 유선 / HDMI / DP포트 / 파워서플라이 / 미들타워 / LED쿨러 / 용도: 게임용,"32GB, M.2 512GB",1939000
700,STCOM STCP-AA23,7500F / RTX 5060 Ti / (AMD) A620 / OS미포함 / 700W / AMD / 라이젠 7000시리즈 / 라이젠5 / 라파엘 / DDR5 / 16GB / M.2 / 1TB / NVIDIA / 그래픽 메모리: 8GB / 1Gbps 유선 / HDMI / DP포트 / 파워서플라이 / 미들타워 / LED쿨러 / 용도: 게임용,"16GB, M.2 1TB",1769000
701,STCOM STCP-AA21,9600X / RTX 5060 Ti / (AMD) A620 / OS미포함 / 700W / AMD / 라이젠 9000시리즈 / 라이젠5 / 그래니트 릿지 / DDR5 / 16GB / M.2 / 1TB / NVIDIA / 그래픽 메모리: 8GB / 1Gbps 유선 / HDMI / DP포트 / 파워서플라이 / 미들타워 / LED쿨러 / 용도: 게임용,"16GB, M.2 1TB",1871000
702,STCOM STCP-i65,225F / RTX 5060 Ti / (인텔) H810 / OS미포함 / 700W / 인텔 / 코어울트라 시리즈2 / 코어 울트라5 / 애로우레이크 / 인텔 AI Boost / 13TOPS / DDR5 / 16GB / M.2 / 1TB / NVIDIA / 그래픽 메모리: 8GB / 1Gbps 유선 / HDMI / DP포트 / 파워서플라이 / 미들타워 / LED쿨러 / 용도: 게임용,"16GB, M.2 1TB",1790000
703,STCOM STCP-i64,225F / RTX 5060 / (인텔) H810 / OS미포함 / 700W / 인텔 / 코어울트라 시리즈2 / 코어 울트라5 / 애로우레이크 / 인텔 AI Boost / 13TOPS / DDR5 / 16GB / M.2 / 1TB / NVIDIA / 그래픽 메모리: 8GB / 1Gbps 유선 / HDMI / DP포트 / 파워서플라이 / 미들타워 / LED쿨러 / 용도: 게임용,"16GB, M.2 1TB",1677000
704,STCOM STCP-i62,250K Plus / RTX 5070 / (인텔) B860 / OS미포함 / 800W / 인텔 / 코어울트라 시리즈2 / 코어 울트라5 / 애로우레이크 / 인텔 AI Boost / 13TOPS / DDR5 / 16GB / M.2 / 1TB / NVIDIA / 그래픽 메모리: 12GB / 1Gbps 유선 / HDMI / DP포트 / 파워서플라이 / 미들타워 / 어항형 / LED쿨러 / 용도: 게임용,"16GB, M.2 1TB",2769000
705,STCOM STCP-i60,250K Plus / RTX 5060 Ti / (인텔) B860 / OS미포함 / 700W / 인텔 / 코어울트라 시리즈2 / 코어 울트라5 / 애로우레이크 / 인텔 AI Boost / 13TOPS / DDR5 / 16GB / M.2 / 1TB / NVIDIA / 그래픽 메모리: 8GB / 1Gbps 유선 / HDMI / DP포트 / 파워서플라이 / 미들타워 / LED쿨러 / 용도: 게임용,"16GB, M.2 1TB",2087000
706,STCOM STCP-i57,245KF / RTX 5060 Ti / (인텔) B860 / OS미포함 / 700W / 인텔 / 코어울트라 시리즈2 / 코어 울트라5 / 애로우레이크 / DDR5 / 32GB / M.2 / 512GB / NVIDIA / 파워서플라이 / 용도: 게임용,"32GB, M.2 512GB",2136000
707,STCOM STCP-i59,250K Plus / RTX 5060 / (인텔) B860 / OS미포함 / 700W / 인텔 / 코어울트라 시리즈2 / 코어 울트라5 / 애로우레이크 / DDR5 / 32GB / M.2 / 512GB / NVIDIA / 파워서플라이 / 용도: 게임용,"32GB, M.2 512GB",2155000
708,STCOM STCP-i58,250K Plus / RTX 5060 / (인텔) B860 / OS미포함 / 700W / 인텔 / 코어울트라 시리즈2 / 코어 울트라5 / 애로우레이크 / DDR5 / 16GB / M.2 / 1TB / NVIDIA / 파워서플라이 / 용도: 게임용,"16GB, M.2 1TB",1974000
709,STCOM STCP-i56,245KF / RTX 5060 Ti / (인텔) B860 / OS미포함 / 700W / 인텔 / 코어울트라 시리즈2 / 코어 울트라5 / 애로우레이크 / DDR5 / 16GB / M.2 / 1TB / NVIDIA / 파워서플라이 / 용도: 게임용,"16GB, M.2 1TB",1954000
710,STCOM STCP-i55,245KF / RTX 5060 / (인텔) B860 / OS미포함 / 700W / 인텔 / 코어울트라 시리즈2 / 코어 울트라5 / 애로우레이크 / DDR5 / 32GB / M.2 / 512GB / NVIDIA / 파워서플라이 / 용도: 게임용,"32GB, M.2 512GB",2023000
711,STCOM STCP-i34,i5-14400F / RTX 5060 Ti / (인텔) B760 / OS미포함 / 700W / 인텔 / 코어 14세대 / 코어i5 / 랩터레이크-R / DDR5 / 16GB / M.2 / 512GB / NVIDIA / 그래픽 메모리: 8GB / 2.5Gbps 유선 / HDMI / DP포트 / USB3.x 10Gbps / 파워서플라이 / 미들타워 / 용도: 게임용,"16GB, M.2 512GB",1724000
712,STCOM STCP-AA19,9600X / RTX 5060 Ti / (AMD) A620 / OS미포함 / 700W / AMD / 라이젠 9000시리즈 / 라이젠5 / 그래니트 릿지 / DDR5 / 16GB / M.2 / 512GB / NVIDIA / 그래픽 메모리: 8GB / 1Gbps 유선 / HDMI / DP포트 / 파워서플라이 / 미들타워 / 용도: 게임용,"16GB, M.2 512GB",1735000
713,STCOM STCP-i33,7500F / RTX 5050 / (AMD) A620 / OS미포함 / 600W / AMD / 라이젠 7000시리즈 / 라이젠5 / 라파엘 / DDR5 / 32GB / M.2 / 1TB / NVIDIA / 그래픽 메모리: 8GB / 1Gbps 유선 / HDMI / DP포트 / USB3.x 5Gbps / 파워서플라이 / 미들타워 / 용도: 게임용,"32GB, M.2 1TB",1874000
714,STCOM STCP-i32,7500F / RTX 5050 / (AMD) A620 / OS미포함 / 600W / AMD / 라이젠 7000시리즈 / 라이젠5 / 라파엘 / DDR5 / 16GB / M.2 / 512GB / NVIDIA / 그래픽 메모리: 8GB / 1Gbps 유선 / HDMI / DP포트 / USB3.x 5Gbps / 파워서플라이 / 미들타워 / 용도: 게임용,"16GB, M.2 512GB",1450000
715,STCOM STCP-i31,5600 / RTX 5050 / (AMD) A520 / OS미포함 / 600W / AMD / 라이젠 5000시리즈 / 라이젠5 / 버미어 / DDR4 / 32GB / M.2 / 1TB / NVIDIA / 그래픽 메모리: 8GB / 1Gbps 유선 / HDMI / DP포트 / USB3.x 5Gbps / 파워서플라이 / 미들타워 / 용도: 게임용,"32GB, M.2 1TB",1585000
716,STCOM STCP-i30,5600 / RTX 5050 / (AMD) A520 / OS미포함 / 600W / AMD / 라이젠 5000시리즈 / 라이젠5 / 버미어 / DDR4 / 16GB / M.2 / 512GB / NVIDIA / 1Gbps 유선 / HDMI / DP포트 / USB3.x 5Gbps / 파워서플라이 / 미들타워 / 용도: 게임용,"16GB, M.2 512GB",1229000
717,STCOM STCP-i29,i5-14400F / RTX 5050 / (인텔) H610 / OS미포함 / 600W / 인텔 / 코어 14세대 / 코어i5 / 랩터레이크-R / DDR4 / 32GB / M.2 / 1TB / NVIDIA / 그래픽 메모리: 8GB / 1Gbps 유선 / HDMI / DP포트 / USB3.x 5Gbps / 파워서플라이 / 미들타워 / 용도: 게임용,"32GB, M.2 1TB",1678000
718,STCOM STCP-i28,i5-14400F / RTX 5050 / (인텔) H610 / OS미포함 / 600W / 인텔 / 코어 14세대 / 코어i5 / 랩터레이크-R / DDR4 / 16GB / M.2 / 512GB / NVIDIA / 그래픽 메모리: 8GB / 1Gbps 유선 / HDMI / DP포트 / USB3.x 5Gbps / 파워서플라이 / 미들타워 / 용도: 게임용,"16GB, M.2 512GB",1324000
719,STCOM STCP-i27,i5-12400F / RTX 5050 / (인텔) H610 / OS미포함 / 600W / 인텔 / 코어 12세대 / 코어i5 / 엘더레이크 / DDR4 / 32GB / M.2 / 1TB / NVIDIA / 그래픽 메모리: 8GB / 1Gbps 유선 / HDMI / DP포트 / USB3.x 5Gbps / 파워서플라이 / 미들타워 / 용도: 게임용,"32GB, M.2 1TB",1611000
720,STCOM STCP-i26,i5-12400F / RTX 5050 / (인텔) H610 / OS미포함 / 600W / 인텔 / 코어 12세대 / 코어i5 / 엘더레이크 / DDR4 / 16GB / M.2 / 512GB / NVIDIA / 그래픽 메모리: 8GB / 1Gbps 유선 / HDMI / DP포트 / USB3.x 5Gbps / 파워서플라이 / 미들타워 / 용도: 게임용,"16GB, M.2 512GB",1257000
721,STCOM STCP-AA18,i5-14400F / RTX 5060 Ti / (인텔) H610 / OS미포함 / 700W / 인텔 / 코어 14세대 / 코어i5 / 랩터레이크-R / DDR4 / 32GB / M.2 / 1TB / NVIDIA / 그래픽 메모리: 8GB / 1Gbps 유선 / HDMI / DP포트 / USB3.x 5Gbps / 파워서플라이 / 미들타워 / 용도: 게임용,"32GB, M.2 1TB",1913000
722,STCOM STCP-AA12,9600X / RTX 5060 / (AMD) A620 / OS미포함 / 700W / AMD / 라이젠 9000시리즈 / 라이젠5 / 그래니트 릿지 / DDR5 / 32GB / M.2 / 1TB / NVIDIA / 그래픽 메모리: 8GB / 1Gbps 유선 / HDMI / DP포트 / USB3.x 5Gbps / 파워서플라이 / 미들타워 / 용도: 게임용,"32GB, M.2 1TB",2052000
723,STCOM STCP-AA14,9600X / RTX 5060 / (AMD) A620 / OS미포함 / 700W / AMD / 라이젠 9000시리즈 / 라이젠5 / 그래니트 릿지 / DDR5 / 16GB / M.2 / 512GB / NVIDIA / 그래픽 메모리: 8GB / 1Gbps 유선 / HDMI / DP포트 / USB3.x 5Gbps / 파워서플라이 / 미들타워 / 용도: 게임용,"16GB, M.2 512GB",1610000
724,STCOM STCP-AA11,7500F / RTX 5060 Ti / (AMD) A620 / OS미포함 / 700W / AMD / 라이젠 7000시리즈 / 라이젠5 / 라파엘 / DDR5 / 32GB / M.2 / 1TB / NVIDIA / 그래픽 메모리: 8GB / 1Gbps 유선 / HDMI / DP포트 / USB3.x 5Gbps / 파워서플라이 / 미들타워 / 용도: 게임용,"32GB, M.2 1TB",2075000
725,STCOM STCP-AA13,7500F / RTX 5060 / (AMD) A620 / OS미포함 / 700W / AMD / 라이젠 7000시리즈 / 라이젠5 / 라파엘 / DDR5 / 32GB / M.2 / 1TB / NVIDIA / 그래픽 메모리: 8GB / 1Gbps 유선 / HDMI / DP포트 / USB3.x 5Gbps / 파워서플라이 / 미들타워 / 용도: 게임용,"32GB, M.2 1TB",1950000
726,STCOM STCP-AA15,7500F / RTX 5060 / (AMD) A620 / OS미포함 / 700W / AMD / 라이젠 7000시리즈 / 라이젠5 / 라파엘 / DDR5 / 16GB / M.2 / 512GB / NVIDIA / 그래픽 메모리: 8GB / 1Gbps 유선 / HDMI / DP포트 / USB3.x 5Gbps / 파워서플라이 / 미들타워 / 용도: 게임용,"16GB, M.2 512GB",1509000
727,STCOM STCP-AA17,5600 / RTX 5060 / (AMD) A520 / OS미포함 / 700W / AMD / 라이젠 5000시리즈 / 라이젠5 / 버미어 / DDR4 / 16GB / M.2 / 512GB / NVIDIA / 그래픽 메모리: 8GB / 1Gbps 유선 / HDMI / DP포트 / USB3.x 5Gbps / 파워서플라이 / 미들타워 / 용도: 게임용,"16GB, M.2 512GB",1332000
728,STCOM STCP-AA16,5600 / RTX 5060 / (AMD) A520 / OS미포함 / 700W / AMD / 라이젠 5000시리즈 / 라이젠5 / 버미어 / DDR4 / 32GB / M.2 / 1TB / NVIDIA / 그래픽 메모리: 8GB / 1Gbps 유선 / HDMI / DP포트 / USB3.x 5Gbps / 파워서플라이 / 미들타워 / 용도: 게임용,"32GB, M.2 1TB",1683000
729,STCOM STCP-AA7,7500F / RTX 5070 / (AMD) B650 / OS미포함 / 800W / AMD / 라이젠 7000시리즈 / 라이젠5 / 라파엘 / DDR5 / 32GB / M.2 / 1TB / NVIDIA / 그래픽 메모리: 12GB / 2.5Gbps 유선 / 802.11ax(Wi-Fi 6) 무선 / HDMI / DP포트 / USB3.x 10Gbps / USB3.x 5Gbps / USB C타입 10Gbps / USB C타입 5Gbps / 파워서플라이 / 미들타워 / 어항형 / LED쿨러 / 용도: 게임용,"32GB, M.2 1TB",2805000
730,STCOM STCP-i24,i5-14400F / RX 9060 XT / (인텔) B760 / OS미포함 / 600W / 인텔 / 코어 14세대 / 코어i5 / 랩터레이크-R / DDR5 / 16GB / M.2 / 512GB / AMD / 그래픽 메모리: 16GB / 1Gbps 유선 / HDMI / DP포트 / 파워서플라이 / 미들타워 / LED쿨러 / 용도: 게임용,"16GB, M.2 512GB",1743000
731,STCOM STCP-i25,i5-14400F / RX 9060 / (인텔) B760 / OS미포함 / 600W / 인텔 / 코어 14세대 / 코어i5 / 랩터레이크-R / DDR5 / 16GB / M.2 / 512GB / AMD / 그래픽 메모리: 8GB / 1Gbps 유선 / HDMI / DP포트 / 파워서플라이 / 미들타워 / LED쿨러 / 용도: 게임용,"16GB, M.2 512GB",1591000
732,STCOM STCP-i22,9600X / RX 9060 / (AMD) A620 / OS미포함 / 600W / AMD / 라이젠 9000시리즈 / 라이젠5 / 그래니트 릿지 / DDR5 / 16GB / M.2 / 512GB / AMD / 그래픽 메모리: 8GB / 1Gbps 유선 / HDMI / DP포트 / 파워서플라이 / 미들타워 / LED쿨러 / 용도: 게임용,"16GB, M.2 512GB",1611000
733,STCOM STCP-i20,9600X / RX 9060 / (AMD) A620 / OS미포함 / 600W / AMD / 라이젠 9000시리즈 / 라이젠5 / 그래니트 릿지 / DDR5 / 32GB / M.2 / 1TB / AMD / 그래픽 메모리: 8GB / 1Gbps 유선 / HDMI / DP포트 / 파워서플라이 / 미들타워 / LED쿨러 / 용도: 게임용,"32GB, M.2 1TB",2064000
734,STCOM STCP-i18,9600X / RX 9060 XT / (AMD) A620 / OS미포함 / 600W / AMD / 라이젠 9000시리즈 / 라이젠5 / 그래니트 릿지 / DDR5 / 16GB / M.2 / 512GB / AMD / 그래픽 메모리: 16GB / 1Gbps 유선 / HDMI / DP포트 / 파워서플라이 / 미들타워 / LED쿨러 / 용도: 게임용,"16GB, M.2 512GB",1763000
735,STCOM STCP-i16,9600X / RX 9060 XT / (AMD) A620 / OS미포함 / 600W / AMD / 라이젠 9000시리즈 / 라이젠5 / 그래니트 릿지 / DDR5 / 32GB / M.2 / 1TB / AMD / 그래픽 메모리: 16GB / 1Gbps 유선 / HDMI / DP포트 / 파워서플라이 / 미들타워 / LED쿨러 / 용도: 게임용,"32GB, M.2 1TB",2216000
736,STCOM STCP-i23,7500F / RX 9060 / (AMD) A620 / OS미포함 / 600W / AMD / 라이젠 7000시리즈 / 라이젠5 / 라파엘 / DDR5 / 16GB / M.2 / 512GB / AMD / 그래픽 메모리: 8GB / 1Gbps 유선 / HDMI / DP포트 / 파워서플라이 / 미들타워 / LED쿨러 / 용도: 게임용,"16GB, M.2 512GB",1510000
737,STCOM STCP-i17,7500F / RX 9060 XT / (AMD) A620 / OS미포함 / 600W / AMD / 라이젠 7000시리즈 / 라이젠5 / 라파엘 / DDR5 / 32GB / M.2 / 1TB / AMD / 그래픽 메모리: 16GB / 1Gbps 유선 / HDMI / DP포트 / 파워서플라이 / 미들타워 / LED쿨러 / 용도: 게임용,"32GB, M.2 1TB",2114000
738,다나와표준PC ULTIMAKE ULT-I4600KF-50,i5-14600KF / RTX 3050 / (인텔) H610 / 600W / 인텔 / 코어 14세대 / 코어i5 / 랩터레이크-R / DDR5 / 16GB / SSD / 240GB / NVIDIA / 그래픽 메모리: 6GB / 1Gbps 유선 / HDMI / DP포트 / 파워서플라이 / LED쿨러 / 용도: 게임용,"16GB, SSD 240GB",2187210
739,STCOM STCP-i13,7500F / RX 9060 / (AMD) A620 / OS미포함 / 600W / AMD / 라이젠 7000시리즈 / 라이젠5 / 라파엘 / DDR5 / 32GB / M.2 / 1TB / AMD / 그래픽 메모리: 8GB / 1Gbps 유선 / HDMI / DP포트 / 파워서플라이 / 미들타워 / LED쿨러 / 용도: 게임용,"32GB, M.2 1TB",1961000
740,STCOM STCP-i12,5600 / RX 9060 / (AMD) A520 / OS미포함 / 600W / AMD / 라이젠 5000시리즈 / 라이젠5 / 버미어 / DDR4 / 32GB / M.2 / 1TB / AMD / 그래픽 메모리: 8GB / 1Gbps 유선 / HDMI / DP포트 / 파워서플라이 / 미들타워 / LED쿨러 / 용도: 게임용,"32GB, M.2 1TB",1679000
741,STCOM STCP-i3,i5-14400F / RTX 5060 Ti / (인텔) B760 / OS미포함 / 700W / 인텔 / 코어 14세대 / 코어i5 / 랩터레이크-R / DDR5 / 32GB / M.2 / 1TB / NVIDIA / 그래픽 메모리: 8GB / 1Gbps 유선 / HDMI / DP포트 / 파워서플라이 / 미들타워 / LED쿨러 / 용도: 게임용,"32GB, M.2 1TB",1928000
742,STCOM STCP-i11,i5-14400F / RX 9060 / (인텔) H610 / OS미포함 / 600W / 인텔 / 코어 14세대 / 코어i5 / 랩터레이크-R / DDR4 / 32GB / M.2 / 1TB / AMD / 그래픽 메모리: 8GB / 1Gbps 유선 / HDMI / DP포트 / 파워서플라이 / 미들타워 / LED쿨러 / 용도: 게임용,"32GB, M.2 1TB",1775000
743,MSI PRO DP180 404XKR i5-12400 RTX5060 Win11Pro,i5-12400 / RTX 5060 / (인텔) H610 / 윈도우11 프로 / 800W / 인텔 / 코어 12세대 / 코어i5 / 엘더레이크 / DDR4 / 32GB / M.2 / 1TB / NVIDIA / 2.5Gbps 유선 / 802.11ax(Wi-Fi 6E) 무선 / 블루투스 / 듀얼랜 / HDMI / DP포트 / D-SUB / USB3.x 5Gbps / USB C타입 10Gbps / 시리얼포트 / 파워서플라이 / 미들타워 / 7.59kg / 용도: 게임용 / 구성변경상품,"32GB, M.2 1TB",2970000
744,다나와표준PC ULTIMAKE AMD-R5-4060,9600X / RTX 4060 / (AMD) B650E / OS미포함 / 1000W / AMD / 라이젠 9000시리즈 / 라이젠5 / 그래니트 릿지 / DDR5 / 32GB / M.2 / 1TB / NVIDIA / 그래픽 메모리: 8GB / 1Gbps 유선 / 파워서플라이 / 미들타워 / 어항형 / 수랭쿨러 / LED쿨러 / 용도: 게임용,"32GB, M.2 1TB",3524800
745,다나와표준PC 전문가용 250326,9800X3D / RX 6600 / (AMD) B850 / OS미포함 / 1000W / AMD / 라이젠 9000시리즈 / 라이젠7 / 그래니트 릿지 / DDR5 / 16GB / HDD:2TB / M.2 / 1TB / AMD / 그래픽 메모리: 8GB / 5Gbps 유선 / 802.11be(Wi-Fi 7) 무선 / 블루투스 / HDMI / DP포트 / 파워서플라이 / 미들타워 / 수랭쿨러 / LED쿨러 / 용도: 게임용,"16GB, M.2 1TB + HDD 2TB",5046650
746,다나와표준PC DPG 게임용 250324,7800X3D / RX 7600 / (AMD) B650 / OS미포함 / 850W / AMD / 라이젠 7000시리즈 / 라이젠7 / 라파엘 / DDR5 / 16GB / M.2 / 1TB / AMD / 그래픽 메모리: 8GB / 1Gbps 유선 / HDMI / DP포트 / 파워서플라이 / 미들타워 / 어항형 / 수랭쿨러 / LED쿨러 / 용도: 게임용,"16GB, M.2 1TB",3423250
747,다나와표준PC 게임용 250319,9800X3D / RTX 4060 / (AMD) B850 / OS미포함 / 750W / AMD / 라이젠 9000시리즈 / 라이젠7 / 그래니트 릿지 / DDR5 / 16GB / M.2 / 1TB / NVIDIA / 그래픽 메모리: 8GB / 1Gbps 유선 / HDMI / DP포트 / 파워서플라이 / 미들타워 / 어항형 / 수랭쿨러 / LED쿨러 / 용도: 게임용,"16GB, M.2 1TB",4120150
748,다나와표준PC 게임용 250317,7800X3D / RX 7600 / (AMD) B650 / OS미포함 / 750W / AMD / 라이젠 7000시리즈 / 라이젠7 / 라파엘 / DDR5 / 16GB / M.2 / 1TB / AMD / 그래픽 메모리: 8GB / 1Gbps 유선 / 802.11ax(Wi-Fi 6E) 무선 / 블루투스 / HDMI / DP포트 / 파워서플라이 / 미들타워 / LED쿨러 / 용도: 게임용,"16GB, M.2 1TB",3405740
749,다나와표준PC 게임용 250316,i5-14400F / RTX 4060 / (인텔) B760 / OS미포함 / 850W / 인텔 / 코어 14세대 / 코어i5 / 랩터레이크-R / DDR5 / 16GB / M.2 / 500GB / NVIDIA / 그래픽 메모리: 8GB / 1Gbps 유선 / HDMI / DP포트 / 파워서플라이 / 미들타워 / 어항형 / LED쿨러 / 용도: 게임용,"16GB, M.2 500GB",2572240
750,다나와표준PC 게임용 250315,i5-14400F / RTX 4060 / (인텔) B760 / OS미포함 / 850W / 인텔 / 코어 14세대 / 코어i5 / 랩터레이크-R / DDR5 / 16GB / M.2 / 512GB / NVIDIA / 그래픽 메모리: 8GB / 1Gbps 유선 / HDMI / DP포트 / 파워서플라이 / 미들타워 / 어항형 / LED쿨러 / 용도: 게임용,"16GB, M.2 512GB",2702470
751,다나와표준PC 게임용 250314,7600 / RTX 4060 / (AMD) B650 / OS미포함 / 750W / AMD / 라이젠 7000시리즈 / 라이젠5 / 라파엘 / DDR5 / 16GB / M.2 / 500GB / NVIDIA / 그래픽 메모리: 8GB / 1Gbps 유선 / HDMI / DP포트 / 파워서플라이 / 미들타워 / 어항형 / LED쿨러 / 용도: 게임용,"16GB, M.2 500GB",2874390
752,다나와표준PC 게임용 250311,7500F / RX 6600 / (AMD) B650 / OS미포함 / 700W / AMD / 라이젠 7000시리즈 / 라이젠5 / 라파엘 / DDR5 / 16GB / M.2 / 500GB / AMD / 그래픽 메모리: 8GB / 1Gbps 유선 / HDMI / DP포트 / 파워서플라이 / 미들타워 / LED쿨러 / 용도: 게임용,"16GB, M.2 500GB",2262660
753,다나와표준PC 게임용 250309,5600 / RX 6400 / (AMD) B450 / OS미포함 / 700W / AMD / 라이젠 5000시리즈 / 라이젠5 / 버미어 / DDR4 / 16GB / SSD / 240GB / AMD / 그래픽 메모리: 4GB / 1Gbps 유선 / HDMI / DP포트 / 파워서플라이 / 미들타워 / 어항형 / LED쿨러 / 용도: 게임용,"16GB, SSD 240GB",1872710
754,다나와표준PC ULTIMAKE ULT-I4400F-3050,i5-14400F / RTX 3050 / (인텔) H610 / OS미포함 / 600W / 인텔 / 코어 14세대 / 코어i5 / 랩터레이크-R / DDR5 / 16GB / SSD / 240GB / NVIDIA / 그래픽 메모리: 6GB / 1Gbps 유선 / 파워서플라이 / 미들타워 / LED쿨러 / 용도: 게임용,"16GB, SSD 240GB",2081090
755,다나와표준PC 전문가용 241228,9800X3D / RTX 4060 / (AMD) X870 / OS미포함 / 850W / AMD / 라이젠 9000시리즈 / 라이젠7 / 그래니트 릿지 / DDR5 / 16GB / HDD:4TB / M.2 / 1TB / NVIDIA / 그래픽 메모리: 8GB / 5Gbps 유선 / 802.11be(Wi-Fi 7) 무선 / 블루투스 / HDMI / DP포트 / 파워서플라이 / 미들타워 / 어항형 / 수랭쿨러 / LED쿨러 / 용도: 게임용,"16GB, M.2 1TB + HDD 4TB",5107850
756,다나와표준PC 전문가용 241226,7950X3D / RX 7800 XT / (AMD) B650 / OS미포함 / 850W / AMD / 라이젠 7000시리즈 / 라이젠9 / 라파엘 / DDR5 / 16GB / HDD:2TB / M.2 / 1TB / AMD / 그래픽 메모리: 16GB / 1Gbps 유선 / HDMI / DP포트 / 파워서플라이 / 미들타워 / 수랭쿨러 / LED쿨러 / 용도: 게임용,"16GB, M.2 1TB + HDD 2TB",5516230
757,다나와표준PC 게임용 241220,i7-14700KF / RTX 4070 SUPER / (인텔) B760 / OS미포함 / 750W / 인텔 / 코어 14세대 / 코어i7 / 랩터레이크-R / DDR5 / 16GB / M.2 / 500GB / NVIDIA / 그래픽 메모리: 12GB / 1Gbps 유선 / HDMI / DP포트 / 파워서플라이 / 미들타워 / 수랭쿨러 / LED쿨러 / 용도: 게임용,"16GB, M.2 500GB",4328510
758,다나와표준PC 게임용 241219,i5-14600KF / RTX 4060 / (인텔) B760 / OS미포함 / 750W / 인텔 / 코어 14세대 / 코어i5 / 랩터레이크-R / DDR5 / 16GB / M.2 / 1TB / NVIDIA / 그래픽 메모리: 8GB / 1Gbps 유선 / HDMI / DP포트 / 파워서플라이 / 미들타워 / LED쿨러 / 용도: 게임용,"16GB, M.2 1TB",3015770
759,다나와표준PC 게임용 241217,7800X3D / RTX 4060 / (AMD) B650 / OS미포함 / 700W / AMD / 라이젠 7000시리즈 / 라이젠7 / 라파엘 / DDR5 / 16GB / M.2 / 500GB / NVIDIA / 그래픽 메모리: 8GB / 1Gbps 유선 / 802.11ax(Wi-Fi 6) 무선 / 블루투스 / HDMI / DP포트 / 파워서플라이 / 미들타워 / 어항형 / LED쿨러 / 용도: 게임용,"16GB, M.2 500GB",3444830
760,다나와표준PC 게임용 241216,i5-14400F / RTX 4060 / (인텔) B760 / OS미포함 / 750W / 인텔 / 코어 14세대 / 코어i5 / 랩터레이크-R / DDR5 / 16GB / M.2 / 500GB / NVIDIA / 그래픽 메모리: 8GB / 1Gbps 유선 / HDMI / DP포트 / 파워서플라이 / 미들타워 / 어항형 / LED쿨러 / 용도: 게임용,"16GB, M.2 500GB",2676440
761,다나와표준PC 게임용 241213,7500F / RTX 4060 / (AMD) A620 / OS미포함 / 800W / AMD / 라이젠 7000시리즈 / 라이젠5 / 라파엘 / DDR5 / 16GB / M.2 / 500GB / NVIDIA / 그래픽 메모리: 8GB / 1Gbps 유선 / 파워서플라이 / 미들타워 / LED쿨러 / 용도: 게임용,"16GB, M.2 500GB",2288910
762,다나와표준PC 게임용 241212,i3-14100F / RX 7600 / (인텔) H610 / OS미포함 / 600W / 인텔 / 코어 14세대 / 코어i3 / 랩터레이크-R / DDR5 / 16GB / M.2 / 500GB / AMD / 그래픽 메모리: 8GB / 1Gbps 유선 / HDMI / DP포트 / 파워서플라이 / 미들타워 / LED쿨러 / 용도: 게임용,"16GB, M.2 500GB",2210570
763,다나와표준PC 게임용 241209,5600 / RX 6600 / (AMD) B550 / OS미포함 / 700W / AMD / 라이젠 5000시리즈 / 라이젠5 / 버미어 / DDR4 / 8GB / SSD / 240GB / AMD / 그래픽 메모리: 8GB / 1Gbps 유선 / HDMI / DP포트 / 파워서플라이 / 미들타워 / LED쿨러 / 용도: 게임용,"8GB, SSD 240GB",1785060
764,다나와표준PC 게임용 241120,i7-14700KF / RTX 4070 SUPER / (인텔) B760 / OS미포함 / 750W / 인텔 / 코어 14세대 / 코어i7 / 랩터레이크-R / DDR5 / 16GB / M.2 / 500GB / NVIDIA / 그래픽 메모리: 12GB / 1Gbps 유선 / HDMI / DP포트 / 파워서플라이 / 미들타워 / 수랭쿨러 / LED쿨러 / 용도: 게임용,"16GB, M.2 500GB",4734840
765,다나와표준PC 게임용 241117,7600 / RTX 4060 / (AMD) B650 / OS미포함 / 850W / AMD / 라이젠 7000시리즈 / 라이젠5 / 라파엘 / DDR5 / 16GB / M.2 / 500GB / NVIDIA / 그래픽 메모리: 8GB / 1Gbps 유선 / HDMI / DP포트 / 파워서플라이 / 미들타워 / 어항형 / LED쿨러 / 용도: 게임용,"16GB, M.2 500GB",2703220
766,다나와표준PC 게임용 241116,i5-14400F / RTX 4060 / (인텔) B760 / OS미포함 / 800W / 인텔 / 코어 14세대 / 코어i5 / 랩터레이크-R / DDR5 / 16GB / M.2 / 500GB / NVIDIA / 그래픽 메모리: 8GB / 1Gbps 유선 / HDMI / DP포트 / 파워서플라이 / 미들타워 / LED쿨러 / 용도: 게임용,"16GB, M.2 500GB",2703220
767,다나와표준PC 게임용 241112,i3-14100F / RX 7600 / (인텔) H610 / OS미포함 / 600W / 인텔 / 코어 14세대 / 코어i3 / 랩터레이크-R / DDR5 / 16GB / M.2 / 500GB / AMD / 그래픽 메모리: 8GB / 1Gbps 유선 / HDMI / DP포트 / 파워서플라이 / 미들타워 / LED쿨러 / 용도: 게임용,"16GB, M.2 500GB",2234380
768,다나와표준PC 게임용 241110,7500F / RX 7600 / (AMD) A620 / OS미포함 / 500W / AMD / 라이젠 7000시리즈 / 라이젠5 / 라파엘 / DDR5 / 16GB / SSD / 240GB / AMD / 그래픽 메모리: 8GB / 1Gbps 유선 / HDMI / DP포트 / 파워서플라이 / 미들타워 / LED쿨러 / 용도: 게임용,"16GB, SSD 240GB",2311770
769,다나와표준PC 게임용 241109,5600 / RX 6600 / (AMD) B550 / OS미포함 / 600W / AMD / 라이젠 5000시리즈 / 라이젠5 / 버미어 / DDR4 / 16GB / SSD / 240GB / AMD / 그래픽 메모리: 8GB / 1Gbps 유선 / HDMI / DP포트 / 파워서플라이 / 미들타워 / 어항형 / 용도: 게임용,"16GB, SSD 240GB",1999230
770,다나와표준PC 게임용 241018,9700X / RX 7700 XT / (AMD) B650 / OS미포함 / 850W / AMD / 라이젠 9000시리즈 / 라이젠7 / 그래니트 릿지 / DDR5 / 16GB / M.2 / 500GB / AMD / 1Gbps 유선 / HDMI / DP포트 / 파워서플라이 / 미들타워 / 어항형 / LED쿨러 / 용도: 게임용,"16GB, M.2 500GB",3405740
771,다나와표준PC 게임용 241016,i5-14400F / RTX 4060 / (인텔) B760 / OS미포함 / 700W / 인텔 / 코어 14세대 / 코어i5 / 랩터레이크-R / DDR5 / 16GB / M.2 / 500GB / NVIDIA / 그래픽 메모리: 8GB / 1Gbps 유선 / HDMI / DP포트 / 파워서플라이 / 미들타워 / LED쿨러 / 용도: 게임용,"16GB, M.2 500GB",2512020
772,다나와표준PC 게임용 241015,i5-14400F / RTX 4060 / (인텔) B760 / OS미포함 / 750W / 인텔 / 코어 14세대 / 코어i5 / 랩터레이크-R / DDR5 / 16GB / M.2 / 500GB / NVIDIA / 그래픽 메모리: 8GB / 1Gbps 유선 / HDMI / DP포트 / 파워서플라이 / 미들타워 / LED쿨러 / 용도: 게임용,"16GB, M.2 500GB",2608710
773,다나와표준PC 게임용 241014,7600 / RTX 4060 / (AMD) B650 / OS미포함 / 750W / AMD / 라이젠 7000시리즈 / 라이젠5 / 라파엘 / DDR5 / 16GB / M.2 / 500GB / NVIDIA / 1Gbps 유선 / HDMI / DP포트 / 파워서플라이 / 미들타워 / LED쿨러 / 용도: 게임용,"16GB, M.2 500GB",2593080
774,다나와표준PC 게임용 241012,i3-14100F / RX 7600 / (인텔) B760 / OS미포함 / 600W / 인텔 / 코어 14세대 / 코어i3 / 랩터레이크-R / DDR5 / 16GB / M.2 / 500GB / AMD / 1Gbps 유선 / HDMI / DP포트 / 파워서플라이 / 미들타워 / 용도: 게임용,"16GB, M.2 500GB",2202380
775,다나와표준PC 게임용 241010,7500F / RX 6600 / (AMD) A620 / OS미포함 / 700W / AMD / 라이젠 7000시리즈 / 라이젠5 / 라파엘 / DDR5 / 16GB / SSD / 240GB / AMD / 1Gbps 유선 / HDMI / DP포트 / 파워서플라이 / 미들타워 / LED쿨러 / 용도: 게임용,"16GB, SSD 240GB",2022670
776,STCOM STAI-V4 Win11,i5-12400F / RX 580 / (인텔) H610 / 윈도우11 / 600W / 인텔 / 코어 12세대 / 코어i5 / 엘더레이크 / DDR4 / 16GB / M.2 / 512GB / AMD / 1Gbps 유선 / 파워서플라이 / 미들타워 / 용도: 게임용,"16GB, M.2 512GB",1130000
777,다나와표준PC 게임용 240920,i7-14700KF / RTX 4070 SUPER / (인텔) B760 / OS미포함 / 750W / 인텔 / 코어 14세대 / 코어i7 / 랩터레이크-R / DDR5 / 16GB / M.2 / 1TB / NVIDIA / 그래픽 메모리: 12GB / 1Gbps 유선 / HDMI / DP포트 / 파워서플라이 / 미들타워 / 수랭쿨러 / 용도: 게임용,"16GB, M.2 1TB",4429730
778,다나와표준PC 게임용 240917,9600X / RTX 4060 / (AMD) B650 / OS미포함 / 800W / AMD / 라이젠 9000시리즈 / 라이젠5 / 그래니트 릿지 / DDR5 / 16GB / M.2 / 500GB / NVIDIA / 그래픽 메모리: 8GB / 1Gbps 유선 / 802.11ax(Wi-Fi 6) 무선 / 블루투스 / HDMI / DP포트 / 파워서플라이 / 미들타워 / 용도: 게임용,"16GB, M.2 500GB",3097640
779,다나와표준PC 게임용 240914,7600 / RTX 4060 Ti / (AMD) B650 / OS미포함 / 700W / AMD / 라이젠 7000시리즈 / 라이젠5 / 라파엘 / DDR5 / 16GB / M.2 / 500GB / NVIDIA / 그래픽 메모리: 8GB / 1Gbps 유선 / HDMI / DP포트 / 파워서플라이 / 미들타워 / 용도: 게임용,"16GB, M.2 500GB",2810390
780,다나와표준PC 게임용 240913,7500F / RTX 4060 / (AMD) A620 / OS미포함 / 600W / AMD / 라이젠 7000시리즈 / 라이젠5 / 라파엘 / DDR5 / 16GB / M.2 / 500GB / NVIDIA / 그래픽 메모리: 8GB / 1Gbps 유선 / HDMI / DP포트 / 파워서플라이 / 미들타워 / 용도: 게임용,"16GB, M.2 500GB",2439780
781,다나와표준PC 게임용 240912,i3-14100F / RX 7600 / (인텔) H610 / OS미포함 / 700W / 인텔 / 코어 14세대 / 코어i3 / 랩터레이크-R / DDR5 / 16GB / M.2 / 512GB / AMD / 그래픽 메모리: 8GB / 1Gbps 유선 / HDMI / DP포트 / 파워서플라이 / 미들타워 / 용도: 게임용,"16GB, M.2 512GB",2165910
782,다나와표준PC 게임용 240911,i3-14100F / RTX 3050 / (인텔) H610 / OS미포함 / 700W / 인텔 / 코어 14세대 / 코어i3 / 랩터레이크-R / DDR5 / 16GB / M.2 / 500GB / NVIDIA / 그래픽 메모리: 6GB / 1Gbps 유선 / HDMI / DP포트 / 파워서플라이 / 미들타워 / 용도: 게임용,"16GB, M.2 500GB",1918850
783,다나와표준PC 게임용 240910,7500F / RX 7600 / (AMD) A620 / OS미포함 / 600W / AMD / 라이젠 7000시리즈 / 라이젠5 / 라파엘 / DDR5 / 16GB / M.2 / 500GB / AMD / 그래픽 메모리: 8GB / 1Gbps 유선 / HDMI / DP포트 / 파워서플라이 / 미들타워 / 어항형 / 용도: 게임용,"16GB, M.2 500GB",2114850
784,다나와표준PC DPG 게임용 240823,i7-14700KF / RX 7900 GRE / (인텔) Z790 / OS미포함 / 850W / 인텔 / 코어 14세대 / 코어i7 / 랩터레이크-R / DDR5 / 16GB / M.2 / 500GB / AMD / 그래픽 메모리: 16GB / 1Gbps 유선 / 802.11ax(Wi-Fi 6) 무선 / 블루투스 / HDMI / DP포트 / 파워서플라이 / 미들타워 / 어항형 / 용도: 게임용,"16GB, M.2 500GB",4138250
785,다나와표준PC 게임용 240810,7500F / RX 6600 / (AMD) A620 / OS미포함 / 700W / AMD / 라이젠 7000시리즈 / 라이젠5 / 라파엘 / DDR5 / 16GB / M.2 / 500GB / AMD / 그래픽 메모리: 8GB / 1Gbps 유선 / HDMI / DP포트 / 파워서플라이 / 미들타워 / 용도: 게임용,"16GB, M.2 500GB",2122160
786,다나와표준PC 게임용 240714,7500F / RTX 4060 / (AMD) B650 / OS미포함 / 700W / AMD / 라이젠 7000시리즈 / 라이젠5 / 라파엘 / DDR5 / 16GB / SSD / 480GB / NVIDIA / 그래픽 메모리: 8GB / 1Gbps 유선 / HDMI / DP포트 / 파워서플라이 / 미들타워 / 어항형 / 용도: 게임용,"16GB, SSD 480GB",2331310
787,다나와표준PC 게임용 240713,7500F / RTX 4060 / (AMD) B650 / OS미포함 / 700W / AMD / 라이젠 7000시리즈 / 라이젠5 / 라파엘 / DDR5 / 16GB / SSD / 480GB / NVIDIA / 그래픽 메모리: 8GB / 1Gbps 유선 / HDMI / DP포트 / 파워서플라이 / 미들타워 / 어항형 / 용도: 게임용,"16GB, SSD 480GB",2100410
788,다나와표준PC 게임용 240712,i3-14100F / RX 7600 / (인텔) B760 / OS미포함 / 700W / 인텔 / 코어 14세대 / 코어i3 / 랩터레이크-R / DDR5 / 16GB / SSD / 240GB / AMD / 그래픽 메모리: 8GB / 1Gbps 유선 / HDMI / DP포트 / 파워서플라이 / 미들타워 / 어항형 / 용도: 게임용,"16GB, SSD 240GB",2046290
789,다나와표준PC 게임용 240620,i7-14700KF / RTX 4060 Ti / (인텔) Z790 / OS미포함 / 850W / 인텔 / 코어 14세대 / 코어i7 / 랩터레이크-R / DDR5 / 16GB / SSD / 480GB / NVIDIA / 그래픽 메모리: 8GB / 1Gbps 유선 / HDMI / DP포트 / 파워서플라이 / 미들타워 / 수랭쿨러 / 용도: 게임용,"16GB, SSD 480GB",3735690
790,다나와표준PC 게임용 240619,i5-14600KF / RTX 4060 Ti / (인텔) B760 / OS미포함 / 800W / 인텔 / 코어 14세대 / 코어i5 / 랩터레이크-R / DDR5 / 16GB / SSD / 480GB / NVIDIA / 그래픽 메모리: 8GB / 1Gbps 유선 / HDMI / DP포트 / 파워서플라이 / 미들타워 / 용도: 게임용,"16GB, SSD 480GB",3078290
791,다나와표준PC 게임용 240617,7600 / RTX 4060 Ti / (AMD) B650 / OS미포함 / 800W / AMD / 라이젠 7000시리즈 / 라이젠5 / 라파엘 / DDR5 / 16GB / M.2 / 500GB / NVIDIA / 그래픽 메모리: 8GB / 1Gbps 유선 / HDMI / DP포트 / 파워서플라이 / 미들타워 / 용도: 게임용,"16GB, M.2 500GB",2868430
792,다나와표준PC 게임용 240613,7500F / RTX 4060 / (AMD) B650 / OS미포함 / 700W / AMD / 라이젠 7000시리즈 / 라이젠5 / 라파엘 / DDR5 / 16GB / M.2 / 500GB / NVIDIA / 그래픽 메모리: 8GB / 1Gbps 유선 / HDMI / DP포트 / 파워서플라이 / 미들타워 / 어항형 / 용도: 게임용,"16GB, M.2 500GB",2347690
793,다나와표준PC 게임용 240612,i3-14100F / RX 7600 / (인텔) B760 / OS미포함 / 700W / 인텔 / 코어 14세대 / 코어i3 / 랩터레이크-R / DDR5 / 16GB / M.2 / 500GB / AMD / 그래픽 메모리: 8GB / 1Gbps 유선 / HDMI / DP포트 / 파워서플라이 / 미들타워 / 용도: 게임용,"16GB, M.2 500GB",2247180
794,다나와표준PC 게임용 240611,i3-14100F / RTX 3050 / (인텔) B760 / OS미포함 / 600W / 인텔 / 코어 14세대 / 코어i3 / 랩터레이크-R / DDR5 / 16GB / SSD / 240GB / NVIDIA / 그래픽 메모리: 6GB / 1Gbps 유선 / HDMI / DP포트 / 파워서플라이 / 미들타워 / 용도: 게임용,"16GB, SSD 240GB",1902480
795,다나와표준PC 게임용 240316,i5-14400F / RTX 4060 / (인텔) B760 / OS미포함 / 700W / 인텔 / 코어 14세대 / 코어i5 / 랩터레이크-R / DDR5 / 16GB / M.2 / 500GB / NVIDIA / 그래픽 메모리: 8GB / 1Gbps 유선 / HDMI / DP포트 / 파워서플라이 / 미들타워 / 용도: 게임용,"16GB, M.2 500GB",2479970
796,다나와표준PC 게임용 231118,7800X3D / RTX 4060 Ti / (AMD) B650 / OS미포함 / 750W / AMD / 라이젠 7000시리즈 / 라이젠7 / 라파엘 / DDR5 / 16GB / M.2 / 500GB / NVIDIA / 그래픽 메모리: 8GB / 1Gbps 유선 / HDMI / DP포트 / 파워서플라이 / 미들타워 / 용도: 게임용,"16GB, M.2 500GB",3564990
797,다나와표준PC DPG 게임용 230523,i7-13700K / RTX 4070 Ti / (인텔) B760 / OS미포함 / 850W / 인텔 / 코어 13세대 / 코어i7 / 엘더레이크 / DDR5 / 32GB / M.2 / 500GB / NVIDIA / 그래픽 메모리: 12GB / 1Gbps 유선 / 802.11ax(Wi-Fi 6) 무선 / 블루투스 / HDMI / DP포트 / 파워서플라이 / 미들타워 / 용도: 게임용,"32GB, M.2 500GB",2910140
798,엔피씨코리아 NEXPC 게이밍프로 G365,9700X / RTX 5060 / (AMD) B650 / OS미포함 / 800W / AMD / 라이젠 9000시리즈 / 라이젠7 / 그래니트 릿지 / DDR5 / 32GB / M.2 / 1TB / NVIDIA / 그래픽 메모리: 8GB / 1Gbps 유선 / HDMI / DP포트 / 파워서플라이 / 미들타워 / 어항형 / LED쿨러 / 용도: 게임용,"32GB, M.2 1TB",2205710
799,HP 옴니데스크 M03-0038kr-RTX5060 Win11Pro,225 / RTX 5060 / 윈도우11 프로 / 500W / 인텔 / 코어울트라 시리즈2 / 코어 울트라5 / 애로우레이크 / 인텔 AI Boost / 13TOPS / DDR5 / 16GB / M.2 / 1TB / NVIDIA / 5.1채널 / 1Gbps 유선 / 802.11ax(Wi-Fi 6) 무선 / 블루투스 / HDMI / DP포트 / USB3.x 10Gbps / USB3.x 5Gbps / USB C타입 10Gbps / USB C타입 5Gbps / 파워서플라이 / 미니타워 / 5.34kg / 용도: 게임용 / 구성변경상품,"16GB, M.2 1TB",2221790
800,엔피씨코리아 NEXPC 게이밍프로 E502,7800X3D / RTX 3060 / (AMD) B650 / OS미포함 / 800W / AMD / 라이젠 7000시리즈 / 라이젠7 / 라파엘 / DDR5 / 32GB / M.2 / 2TB / NVIDIA / 1Gbps 유선 / 802.11ax(Wi-Fi 6) 무선 / 블루투스 / HDMI / DP포트 / 파워서플라이 / 미들타워 / 용도: 게임용,"32GB, M.2 2TB",2377500
801,엔피씨코리아 NEXPC 게이밍프로 W163,i5-14400F / RTX 5060 Ti / (인텔) B760 / OS미포함 / 800W / 인텔 / 코어 14세대 / 코어i5 / 랩터레이크-R / DDR4 / 32GB / M.2 / 1TB / NVIDIA / 그래픽 메모리: 16GB / 파워서플라이 / 미들타워 / 어항형 / 수랭쿨러 / 용도: 게임용,"32GB, M.2 1TB",2268260
802,리메이드컴퓨터 J139C 중고,중고 / i5-13400F / RTX 3060 Ti / (인텔) H610 / OS미포함 / 700W / 인텔 / 코어 13세대 / 코어i5 / 랩터레이크 / DDR4 / 32GB / SSD / 1TB / NVIDIA / 그래픽 메모리: 8GB / 1Gbps 유선 / 파워서플라이 / 미들타워 / 용도: 게임용,"32GB, SSD 1TB",1491560
803,리메이드컴퓨터 P568A,5600 / RX 580 / (AMD) A520 / OS미포함 / 700W / AMD / 라이젠 5000시리즈 / 라이젠5 / 버미어 / DDR4 / 16GB / M.2 / 512GB / AMD / 그래픽 메모리: 8GB / 1Gbps 유선 / 파워서플라이 / 미들타워 / 용도: 게임용,"16GB, M.2 512GB",811710
804,HP 오멘 35L GT16-1005KL,9800X3D / RTX 5070 Ti / OS미포함 / 1000W / AMD / 라이젠 9000시리즈 / 라이젠7 / 그래니트 릿지 / DDR5 / 64GB / M.2 / 1TB / NVIDIA / 그래픽 메모리: 16GB / 1Gbps 유선 / 802.11be(Wi-Fi 7) 무선 / 블루투스 / HDMI / DP포트 / USB3.x 5Gbps / USB C타입 10Gbps / 파워서플라이 / 미들타워 / 수랭쿨러 / LED쿨러 / 용도: 게임용 / 구성변경상품,"64GB, M.2 1TB",4989000
805,HP 오멘 45L GT22-3002kl,285K / RTX 5090 / (인텔) Z890 / OS미포함 / 1200W / 인텔 / 코어울트라 시리즈2 / 코어 울트라9 / 애로우레이크 / 인텔 AI Boost / 13TOPS / DDR5 / 64GB / HDD:2TB / M.2 / 2TB / NVIDIA / 그래픽 메모리: 32GB / 1Gbps 유선 / 802.11ax(Wi-Fi 6E) 무선 / 블루투스 / HDMI / DP포트 / USB3.x 10Gbps / USB3.x 5Gbps / USB C타입 10Gbps / 파워서플라이 / 미들타워 / 수랭쿨러 / LED쿨러 / 22.6kg / 용도: 게임용,"64GB, M.2 2TB + HDD 2TB",15000000
806,HP 오멘 16L TG03-0004KR,265F / RTX 5060 Ti / (인텔) B860 / 윈도우11 프로 / 500W / 인텔 / 코어울트라 시리즈2 / 코어 울트라7 / 애로우레이크 / 인텔 AI Boost / 13TOPS / DDR5 / 32GB / M.2 / 1TB / NVIDIA / 그래픽 메모리: 16GB / 2.5Gbps 유선 / 802.11ax(Wi-Fi 6E) 무선 / 블루투스 / HDMI / DP포트 / USB3.x 5Gbps / USB C타입 10Gbps / 파워서플라이 / 미니타워 / 용도: 게임용,"32GB, M.2 1TB",2799000
807,HP HyperX 오멘 35L GT18-0004kr,270K Plus / RTX 5070 / 윈도우11 프로 / 1000W / 인텔 / 코어울트라 시리즈2 / 코어 울트라7 / 애로우레이크 / 인텔 AI Boost / 13TOPS / DDR5 / 32GB / M.2 / 1TB / NVIDIA / 그래픽 메모리: 12GB / 1Gbps 유선 / 802.11be(Wi-Fi 7) 무선 / 블루투스 / USB3.x 5Gbps / USB C타입 10Gbps / 썬더볼트4 / 파워서플라이 / 미들타워 / 용도: 게임용,"32GB, M.2 1TB",5938110
808,ASUS ROG NUC 16 NUC16JNK9X8ADA0,290HX Plus / RTX 5090 / 윈도우11 / 380W / 인텔 / 코어울트라 시리즈2 / 코어 울트라9 / 애로우레이크 / 인텔 AI Boost / 13TOPS / DDR5 / 64GB / M.2 / 2TB / NVIDIA / 2.5Gbps 유선 / 802.11be(Wi-Fi 7) 무선 / 블루투스 / HDMI / DP포트 / USB3.x 10Gbps / USB C타입 20Gbps / 썬더볼트4 / DC / 슬림 / 용도: 게임용,"64GB, M.2 2TB",10863990
809,DELL 에일리언웨어 AREA-51 DAWARR8-WP04KR,285K / RTX 5090 / 윈도우11 프로 / 1500W / 인텔 / 코어울트라 시리즈2 / 코어 울트라9 / 애로우레이크 / 인텔 AI Boost / 13TOPS / DDR5 / 64GB / M.2 / 2TB / NVIDIA / 그래픽 메모리: 32GB / 2.5Gbps 유선 / 802.11be(Wi-Fi 7) 무선 / 블루투스 / HDMI / DP포트 / USB3.x 5Gbps / USB C타입 10Gbps / 썬더볼트4 / 파워서플라이 / 미들타워 / 수랭쿨러 / LED쿨러 / 34.58kg / 용도: 게임용,"64GB, M.2 2TB",12900000
810,몬스타 몬스타PC 킬러,9950X3D2 / RTX 5090 / (AMD) X870E / OS미포함 / 1300W / AMD / 라이젠 9000시리즈 / 라이젠9 / 그래니트 릿지 / DDR5 / 64GB / M.2 / 2TB / NVIDIA / 그래픽 메모리: 32GB / 2.5Gbps 유선 / 802.11be(Wi-Fi 7) 무선 / 블루투스 / HDMI / DP포트 / USB3.x 10Gbps / USB3.x 5Gbps / USB C타입 40Gbps / USB C타입 10Gbps / 파워서플라이 / 미들타워 / 어항형 / LED쿨러 / 커스텀수랭 / 용도: 게임용,"64GB, M.2 2TB",19200000
811,엔피씨코리아 NEXPC 게이밍프로 W143,i5-14400F / RTX 5060 Ti / (인텔) H610 / OS미포함 / 800W / 인텔 / 코어 14세대 / 코어i5 / 랩터레이크-R / DDR4 / 32GB / M.2 / 1TB / NVIDIA / 그래픽 메모리: 16GB / 파워서플라이 / 미들타워 / 어항형 / 용도: 게임용,"32GB, M.2 1TB",2031240
812,피씨스토어 블랙 인텔 울트라7 270K Plus RTX5080,270K Plus / RTX 5080 / (인텔) Z890 / OS미포함 / 1000W / 인텔 / 코어울트라 시리즈2 / 코어 울트라7 / 애로우레이크 / 인텔 AI Boost / 13TOPS / DDR5 / 32GB / M.2 / 1TB / NVIDIA / 그래픽 메모리: 16GB / 1Gbps 유선 / HDMI / DP포트 / 파워서플라이 / 미들타워 / 어항형 / 수랭쿨러 / 용도: 게임용,"32GB, M.2 1TB",5122980
813,삼성전자 데스크탑 Tower DM500TGZ-i7GR56,i7-14700 / RTX 5060 / (인텔) H670 / 윈도우11 / 500W / 인텔 / 코어 14세대 / 코어i7 / 랩터레이크-R / DDR5 / 16GB / M.2 / 512GB / NVIDIA / 1Gbps 유선 / 802.11ax(Wi-Fi 6) 무선 / 블루투스 / HDMI / DP포트 / USB3.x 10Gbps / USB C타입 5Gbps / 파워서플라이 / 미들타워 / 6.94kg / 용도: 게임용 / 구성변경상품,"16GB, M.2 512GB",2395000
814,피씨스토어 너만을 위한 PC 라이젠7 9800X3D RTX 5070 TI PCSPF00016,9800X3D / RTX 5070 Ti / (AMD) B850 / OS미포함 / 850W / AMD / 라이젠 9000시리즈 / 라이젠7 / 그래니트 릿지 / DDR5 / 32GB / HDD:8TB / M.2 / 1TB / NVIDIA / 그래픽 메모리: 16GB / 1Gbps 유선 / HDMI / DP포트 / 파워서플라이 / 미들타워 / 어항형 / 수랭쿨러 / LED쿨러 / 용도: 게임용,"32GB, M.2 1TB + HDD 8TB",5907400
815,포유컴퓨터 퍼포먼스PC 06 R7 7800X3D RTX5060 Ti,7800X3D / RTX 5060 Ti / (AMD) A620 / OS미포함 / 800W / AMD / 라이젠 7000시리즈 / 라이젠7 / 라파엘 / DDR5 / 32GB / HDD:8TB / M.2 / 1TB / NVIDIA / 1Gbps 유선 / HDMI / DP포트 / 파워서플라이 / 미들타워 / 용도: 게임용,"32GB, M.2 1TB + HDD 8TB",2800210
816,ASUS ROG NUC 2025 NUC15JNK9X489A0,275HX / RTX 5070 / 윈도우11 / 인텔 / 코어울트라 시리즈2 / 코어 울트라9 / 애로우레이크 / 인텔 AI Boost / 13TOPS / DDR5 / 32GB / M.2 / 1TB / NVIDIA / 그래픽 메모리: 8GB / 2.5Gbps 유선 / 802.11be(Wi-Fi 7) 무선 / 블루투스 / HDMI / DP포트 / USB3.x 10Gbps / USB3.x 5Gbps / USB C타입 5Gbps / 썬더볼트4 / DC / 슬림 / 용도: 게임용,"32GB, M.2 1TB",4300000
817,HP 옴니스튜디오X 27-CX0004KR,356H / RTX 5050 / 윈도우11 / 200W / 인텔 / 코어울트라 시리즈3 / 코어 울트라7 / 팬서레이크 / 50TOPS / DDR5 / 16GB / M.2 / 1TB / NVIDIA / 그래픽 메모리: 8GB / 화면크기: 68.6cm(27인치) / 2560x1440 / 눈부심방지 / 스피커 내장형 / 1Gbps 유선 / 802.11be(Wi-Fi 7) 무선 / 블루투스 / HDMI / USB3.x 10Gbps / 썬더볼트4 / 웹캠 / 마이크 내장 / 일체형 / 용도: 게임용,"16GB, M.2 1TB",3469000
818,마이피씨샵 DIY 전문가용 프로페셔널 MCP2 9600X RTX 5060,9600X / RTX 5060 / (AMD) B850 / OS미포함 / 600W / AMD / 라이젠 9000시리즈 / 라이젠5 / 그래니트 릿지 / DDR5 / 32GB / HDD:8TB / M.2 / 1TB / NVIDIA / 그래픽 메모리: 8GB / 1Gbps 유선 / HDMI / DP포트 / 파워서플라이 / 미들타워 / LED쿨러 / 용도: 게임용,"32GB, M.2 1TB + HDD 8TB",2659250
819,엔피씨코리아 NEXPC 게이밍프로 G350,9800X3D / RTX 5060 Ti / (AMD) B650 / OS미포함 / 750W / AMD / 라이젠 9000시리즈 / 라이젠7 / 그래니트 릿지 / DDR5 / 32GB / M.2 / 1TB / NVIDIA / 그래픽 메모리: 16GB / 1Gbps 유선 / HDMI / DP포트 / 파워서플라이 / 미들타워 / 어항형 / LED쿨러 / 용도: 게임용,"32GB, M.2 1TB",3024320
820,다나와 전문가용PC 인텔 U5-250KF RTX5060 Ti S6701,250KF Plus / RTX 5060 Ti / (인텔) B860 / OS미포함 / 850W / 인텔 / 코어울트라 시리즈2 / 코어 울트라5 / 애로우레이크 / 인텔 AI Boost / 13TOPS / DDR5 / 16GB / HDD:8TB / M.2 / 1TB / NVIDIA / 그래픽 메모리: 8GB / 2.5Gbps 유선 / HDMI / DP포트 / USB3.x 10Gbps / USB3.x 5Gbps / USB C타입 20Gbps / 파워서플라이 / 미들타워 / LED쿨러 / 용도: 게임용,"16GB, M.2 1TB + HDD 8TB",2900000
821,HP OMEN MAX 45L GT23-0000KL,9950X3D / RTX 5090 / (AMD) B850 / OS미포함 / 1200W / AMD / 라이젠 9000시리즈 / 라이젠9 / 그래니트 릿지 / DDR5 / 128GB / M.2 / 4TB / NVIDIA / 그래픽 메모리: 32GB / 1Gbps 유선 / 802.11be(Wi-Fi 7) 무선 / 블루투스 / HDMI / DP포트 / USB3.x 10Gbps / USB3.x 5Gbps / USB C타입 10Gbps / 파워서플라이 / 미들타워 / 수랭쿨러 / 용도: 게임용,"128GB, M.2 4TB",15000000
822,HP 오멘 16L TG03-0005kl,225F / RTX 5060 / (인텔) B860 / OS미포함 / 500W / 인텔 / 코어울트라 시리즈2 / 코어 울트라5 / 애로우레이크 / 인텔 AI Boost / 13TOPS / DDR5 / 16GB / M.2 / 512GB / NVIDIA / 그래픽 메모리: 8GB / 2.5Gbps 유선 / 802.11ax(Wi-Fi 6E) 무선 / 블루투스 / HDMI / DP포트 / USB3.x 5Gbps / USB C타입 10Gbps / 파워서플라이 / 미니타워 / 용도: 게임용,"16GB, M.2 512GB",1827000
823,HP 오멘 45L GT22-3002kl Win11Pro,285K / RTX 5090 / (인텔) Z890 / 윈도우11 프로 / 1200W / 인텔 / 코어울트라 시리즈2 / 코어 울트라9 / 애로우레이크 / 인텔 AI Boost / 13TOPS / DDR5 / 64GB / HDD:2TB / M.2 / 2TB / NVIDIA / 그래픽 메모리: 32GB / 1Gbps 유선 / 802.11ax(Wi-Fi 6E) 무선 / 블루투스 / HDMI / DP포트 / USB3.x 10Gbps / USB3.x 5Gbps / USB C타입 10Gbps / 파워서플라이 / 미들타워 / 수랭쿨러 / LED쿨러 / 22.6kg / 용도: 게임용 / 구성변경상품,"64GB, M.2 2TB + HDD 2TB",13990000
824,HP 오멘 35L GT16-1001KL,9800X3D / RTX 5080 / OS미포함 / 1000W / AMD / 라이젠 9000시리즈 / 라이젠7 / 그래니트 릿지 / DDR5 / 64GB / M.2 / 1TB / NVIDIA / 그래픽 메모리: 16GB / 1Gbps 유선 / 802.11be(Wi-Fi 7) 무선 / 블루투스 / HDMI / DP포트 / USB3.x 10Gbps / USB3.x 5Gbps / USB C타입 10Gbps / 파워서플라이 / 미들타워 / 수랭쿨러 / LED쿨러 / 14.5kg / 용도: 게임용,"64GB, M.2 1TB",5490000
825,HP 엘리트데스크 8 Mini G2i E0FN8PA,356H / RTX 5050 / 윈도우11 프로 / 180W / 인텔 / 코어울트라 시리즈3 / 코어 울트라7 / 팬서레이크 / 50TOPS / DDR5 / 32GB / M.2 / 1TB / NVIDIA / 그래픽 메모리: 8GB / 1Gbps 유선 / 802.11be(Wi-Fi 7) 무선 / 블루투스 / USB3.x 10Gbps / USB C타입 20Gbps / 썬더볼트4 / DC / 미니PC / 용도: 게임용,"32GB, M.2 1TB",5004630
826,MSI MAG Codex Z2 A5NVL A01 R5-5600 RTX 5060 Win11Home 게이밍,5600 / RTX 5060 / (AMD) A520 / 윈도우11 / 600W / AMD / 라이젠 5000시리즈 / 라이젠5 / 버미어 / DDR4 / 16GB / M.2 / 500GB / NVIDIA / 그래픽 메모리: 8GB / 1Gbps 유선 / HDMI / DP포트 / USB3.x 5Gbps / 파워서플라이 / 미들타워 / LED쿨러 / 용도: 게임용,"16GB, M.2 500GB",1479550
827,HP 오멘 16L TG03-0009kr,265F / RTX 5060 Ti / (인텔) B860 / 윈도우11 프로 / 500W / 인텔 / 코어울트라 시리즈2 / 코어 울트라7 / 애로우레이크 / 인텔 AI Boost / 13TOPS / DDR5 / 32GB / M.2 / 1TB / NVIDIA / 그래픽 메모리: 16GB / 2.5Gbps 유선 / 802.11ax(Wi-Fi 6E) 무선 / 블루투스 / HDMI / DP포트 / USB3.x 10Gbps / USB3.x 5Gbps / USB C타입 10Gbps / USB C타입 5Gbps / 파워서플라이 / 미니타워 / 용도: 게임용 / 구성변경상품,"32GB, M.2 1TB",3000000
828,몬스타 몬스타PC U7 270AI64 5080,270K Plus / RTX 5080 / (인텔) Z890 / OS미포함 / 1000W / 인텔 / 코어울트라 시리즈2 / 코어 울트라7 / 애로우레이크 / 인텔 AI Boost / 13TOPS / DDR5 / 64GB / M.2 / 2TB / NVIDIA / 그래픽 메모리: 16GB / 5Gbps 유선 / 802.11be(Wi-Fi 7) 무선 / 블루투스 / HDMI / DP포트 / USB3.x 10Gbps / USB3.x 5Gbps / 썬더볼트4 / 파워서플라이 / 미들타워 / 수랭쿨러 / 용도: 게임용,"64GB, M.2 2TB",6180000
829,HP 오멘 16L TG03-0007kr,225F / RTX 5060 / (인텔) B860 / 윈도우11 / 500W / 인텔 / 코어울트라 시리즈2 / 코어 울트라5 / 애로우레이크 / 인텔 AI Boost / 13TOPS / DDR5 / 32GB / M.2 / 512GB / NVIDIA / 그래픽 메모리: 8GB / 2.5Gbps 유선 / 802.11ax(Wi-Fi 6E) 무선 / 블루투스 / HDMI / DP포트 / USB3.x 5Gbps / USB C타입 10Gbps / 파워서플라이 / 미니타워 / 용도: 게임용,"32GB, M.2 512GB",2050000
830,HP 오멘 35L GT16-1003KL,9800X3D / RTX 5070 Ti / OS미포함 / 1000W / AMD / 라이젠 9000시리즈 / 라이젠7 / 그래니트 릿지 / DDR5 / 32GB / M.2 / 1TB / NVIDIA / 그래픽 메모리: 16GB / 1Gbps 유선 / 802.11be(Wi-Fi 7) 무선 / 블루투스 / HDMI / DP포트 / USB3.x 10Gbps / USB3.x 5Gbps / USB C타입 10Gbps / 썬더볼트4 / 파워서플라이 / 미들타워 / 수랭쿨러 / LED쿨러 / 14.5kg / 용도: 게임용,"32GB, M.2 1TB",4489990
831,HP 오멘 35L GT16-1003KL Win11Pro,9800X3D / RTX 5070 Ti / 윈도우11 프로 / 1000W / AMD / 라이젠 9000시리즈 / 라이젠7 / 그래니트 릿지 / DDR5 / 32GB / M.2 / 1TB / NVIDIA / 그래픽 메모리: 16GB / 1Gbps 유선 / 802.11be(Wi-Fi 7) 무선 / 블루투스 / HDMI / DP포트 / USB3.x 5Gbps / USB C타입 10Gbps / 파워서플라이 / 미들타워 / 수랭쿨러 / LED쿨러 / 14.5kg / 용도: 게임용 / 구성변경상품,"32GB, M.2 1TB",4548610
832,아인스시스템 파이온 IGNIS TK285-NX580,285K / RTX 5080 / (인텔) Z890 / OS미포함 / 1000W / 인텔 / 코어울트라 시리즈2 / 코어 울트라9 / 애로우레이크 / 인텔 AI Boost / 13TOPS / DDR5 / 32GB / M.2 / 1TB / NVIDIA / 그래픽 메모리: 16GB / 2.5Gbps 유선 / HDMI / DP포트 / USB3.x 10Gbps / USB3.x 5Gbps / USB C타입 20Gbps / 미들타워 / LED쿨러 / 용도: 게임용,"32GB, M.2 1TB",4511050
833,HP 오멘 35L GT16-0014KR,265K / RTX 5070 Ti / (인텔) Z890 / 윈도우11 프로 / 1000W / 인텔 / 코어울트라 시리즈2 / 코어 울트라7 / 애로우레이크 / 인텔 AI Boost / 13TOPS / DDR5 / 64GB / M.2 / 2TB / NVIDIA / 그래픽 메모리: 16GB / 1Gbps 유선 / 802.11be(Wi-Fi 7) 무선 / 블루투스 / HDMI / DP포트 / USB3.x 10Gbps / USB3.x 5Gbps / USB C타입 10Gbps / 썬더볼트4 / 파워서플라이 / 미들타워 / 수랭쿨러 / LED쿨러 / 14.5kg / 용도: 게임용 / 구성변경상품,"64GB, M.2 2TB",6938990
834,ASUS ROG NUC 16 NUC16JNK9X289A0 Black,290HX Plus / RTX 5080 / 윈도우11 / 380W / 인텔 / 코어울트라 시리즈2 / 코어 울트라9 / 애로우레이크 / 인텔 AI Boost / 13TOPS / DDR5 / 32GB / M.2 / 1TB / NVIDIA / 그래픽 메모리: 16GB / 2.5Gbps 유선 / 802.11be(Wi-Fi 7) 무선 / 블루투스 / HDMI / DP포트 / USB3.x 10Gbps / USB C타입 20Gbps / 썬더볼트4 / DC / 슬림 / 용도: 게임용,"32GB, M.2 1TB",6983990
835,삼성전자 데스크탑 Tower DM500TGZ-AD7A RTX3050 Win11Pro,i7-14700 / RTX 3050 / 윈도우11 프로 / 500W / 인텔 / 코어 14세대 / 코어i7 / 랩터레이크-R / DDR5 / 16GB / M.2 / 1TB / NVIDIA / 1Gbps 유선 / 802.11ax(Wi-Fi 6) 무선 / 블루투스 / USB3.x 10Gbps / USB C타입 5Gbps / 파워서플라이 / 미들타워 / 용도: 게임용 / 구성변경상품,"16GB, M.2 1TB",2152000
836,HP HyperX 오멘 45L GT24-0000KR,285K / RTX 5090 / (인텔) Z890 / 윈도우11 프로 / 1200W / 인텔 / 코어울트라 시리즈2 / 코어 울트라9 / 애로우레이크 / 인텔 AI Boost / 13TOPS / DDR5 / 64GB / M.2 / 2TB / NVIDIA / 그래픽 메모리: 32GB / 1Gbps 유선 / 802.11be(Wi-Fi 7) 무선 / 블루투스 / HDMI / DP포트 / USB3.x 5Gbps / USB C타입 10Gbps / 썬더볼트4 / 파워서플라이 / 미들타워 / 22.6kg / 용도: 게임용,"64GB, M.2 2TB",12590000
837,HP 오멘 16L TG03-0004KL Win11Home,265F / RTX 5060 Ti / (인텔) B860 / 윈도우11 / 500W / 인텔 / 코어울트라 시리즈2 / 코어 울트라7 / 애로우레이크 / 인텔 AI Boost / 13TOPS / DDR5 / 32GB / M.2 / 2TB / NVIDIA / 그래픽 메모리: 16GB / 2.5Gbps 유선 / 802.11ax(Wi-Fi 6E) 무선 / 블루투스 / HDMI / DP포트 / USB3.x 5Gbps / USB C타입 10Gbps / 파워서플라이 / 미니타워 / 용도: 게임용 / 구성변경상품,"32GB, M.2 2TB",2890000
838,다나와표준PC 게임용 260712,i5-14400F / RTX 5060 Ti / (인텔) B760 / OS미포함 / 800W / 인텔 / 코어 14세대 / 코어i5 / 랩터레이크-R / DDR4 / 16GB / M.2 / 1TB / NVIDIA / 그래픽 메모리: 8GB / 1Gbps 유선 / HDMI / DP포트 / 파워서플라이 / 미들타워 / LED쿨러 / 용도: 게임용,"16GB, M.2 1TB",2042390
839,몬스타 가츠 마스터,9900X / RTX 5070 Ti / (AMD) B850 / OS미포함 / 850W / AMD / 라이젠 9000시리즈 / 라이젠9 / 그래니트 릿지 / DDR5 / 32GB / M.2 / 2TB / NVIDIA / 그래픽 메모리: 16GB / 2.5Gbps 유선 / 802.11ax(Wi-Fi 6E) 무선 / 블루투스 / HDMI / DP포트 / USB3.x 10Gbps / USB3.x 5Gbps / USB C타입 10Gbps / 파워서플라이 / 미들타워 / LED쿨러 / 용도: 게임용,"32GB, M.2 2TB",4610000
840,다나와표준PC 게임용 260916,250K Plus / RTX 3060 / (인텔) B860 / OS미포함 / 750W / 인텔 / 코어울트라 시리즈2 / 코어 울트라5 / 애로우레이크 / 인텔 AI Boost / 13TOPS / DDR5 / 16GB / M.2 / 1TB / NVIDIA / 그래픽 메모리: 12GB / 1Gbps 유선 / HDMI / DP포트 / 파워서플라이 / 미들타워 / 어항형 / LED쿨러 / 용도: 게임용,"16GB, M.2 1TB",2108000
841,HP 오멘 16L TG03-0014KL,8700F / RTX 5060 Ti / (AMD) B650 / OS미포함 / 500W / AMD / 라이젠 8000시리즈 / 라이젠7 / 피닉스 / AMD 라이젠 AI / 16TOPS / DDR5 / 16GB / M.2 / 1TB / NVIDIA / 그래픽 메모리: 16GB / 2.5Gbps 유선 / 802.11ax(Wi-Fi 6E) 무선 / 블루투스 / HDMI / DP포트 / USB3.x 10Gbps / USB3.x 5Gbps / USB C타입 10Gbps / USB C타입 5Gbps / 파워서플라이 / 미니타워 / 5.82kg / 용도: 게임용 / 구성변경상품,"16GB, M.2 1TB",2458000
842,ASUS ROG G700 G700TF-880TW,265KF / RTX 5080 / (인텔) B860 / 윈도우11 / 850W / 인텔 / 코어울트라 시리즈2 / 코어 울트라7 / 애로우레이크 / 인텔 AI Boost / 13TOPS / DDR5 / 16GB / M.2 / 512GB / NVIDIA / 그래픽 메모리: 16GB / 2.5Gbps 유선 / 802.11ax(Wi-Fi 6) 무선 / 블루투스 / DP포트 / USB3.x 10Gbps / USB3.x 5Gbps / USB C타입 10Gbps / 파워서플라이 / 미들타워 / 11kg / 용도: 게임용,"32GB, M.2 1TB",5999000
843,HP HyperX 오멘 35L GT18-0003kr,270K Plus / RTX 5070 Ti / 윈도우11 프로 / 1000W / 인텔 / 코어울트라 시리즈2 / 코어 울트라7 / 애로우레이크 / 인텔 AI Boost / 13TOPS / DDR5 / 32GB / M.2 / 1TB / NVIDIA / 그래픽 메모리: 16GB / 1Gbps 유선 / 802.11be(Wi-Fi 7) 무선 / 블루투스 / USB3.x 5Gbps / USB C타입 10Gbps / 썬더볼트4 / 파워서플라이 / 미들타워 / 용도: 게임용,"32GB, M.2 1TB",6734590
844,삼성전자 데스크탑 Tower DM500TGZ-AI5S2X1-RTX3050-WIN11,i5-14400 / RTX 3050 / 윈도우11 프로 / 500W / 인텔 / 코어 14세대 / 코어i5 / 랩터레이크-R / DDR5 / 8GB / M.2 / 256GB + 1TB / NVIDIA / 1Gbps 유선 / 802.11ax(Wi-Fi 6) 무선 / 블루투스 / HDMI / USB3.x 10Gbps / USB C타입 5Gbps / 파워서플라이 / 미들타워 / 용도: 게임용 / 구성변경상품,"8GB, M.2 256GB + M.2 1TB",1952000
845,피씨스토어 하이엔드 게이밍PC 라이젠7 9800X3D RTX 5080,9800X3D / RTX 5080 / (AMD) X870E / OS미포함 / 1000W / AMD / 라이젠 9000시리즈 / 라이젠7 / 그래니트 릿지 / DDR5 / 32GB / M.2 / 1TB / NVIDIA / 그래픽 메모리: 16GB / 1Gbps 유선 / HDMI / DP포트 / 파워서플라이 / 미들타워 / 어항형 / 수랭쿨러 / LED쿨러 / 용도: 게임용,"32GB, M.2 1TB",5931390
846,삼성전자 데스크탑 Tower DM500TGZ-Zi5ADV RTX3050 Win11Pro,i5-14400 / RTX 3050 / (인텔) H670 / 윈도우11 프로 / 500W / 인텔 / 코어 14세대 / 코어i5 / 랩터레이크-R / DDR5 / 16GB / M.2 / 2TB / NVIDIA / 1Gbps 유선 / 802.11ax(Wi-Fi 6) 무선 / 블루투스 / HDMI / D-SUB / USB3.x 10Gbps / USB C타입 5Gbps / 파워서플라이 / 미들타워 / 6.94kg / 용도: 게임용 / 구성변경상품,"16GB, M.2 2TB",1945000
847,다나와표준PC 전문가용 260927,285K / RTX 5080 / (인텔) B860 / OS미포함 / 1200W / 인텔 / 코어울트라 시리즈2 / 코어 울트라9 / 애로우레이크 / 인텔 AI Boost / 13TOPS / DDR5 / 32GB / HDD:8TB / M.2 / 2TB / NVIDIA / 그래픽 메모리: 16GB / 1Gbps 유선 / HDMI / DP포트 / 파워서플라이 / 미들타워 / 수랭쿨러 / LED쿨러 / 용도: 게임용,"32GB, M.2 2TB + HDD 8TB",6411310
848,엔피씨코리아 NEXPC 게이밍프로 G336,9700X / RTX 5080 / (AMD) B650 / OS미포함 / 1250W / AMD / 라이젠 9000시리즈 / 라이젠7 / 그래니트 릿지 / DDR5 / 32GB / M.2 / 1TB / NVIDIA / 그래픽 메모리: 16GB / 1Gbps 유선 / HDMI / DP포트 / 파워서플라이 / 미들타워 / 어항형 / LED쿨러 / 용도: 게임용,"32GB, M.2 1TB",3951560
849,제이씨현 제플PC NVIDIA STUDIO N08,9800X3D / RTX 5080 / (AMD) B850 / OS미포함 / 850W / AMD / 라이젠 9000시리즈 / 라이젠7 / 그래니트 릿지 / DDR5 / 32GB / M.2 / 2TB / NVIDIA / 그래픽 메모리: 16GB / 1Gbps 유선 / HDMI / DP포트 / 파워서플라이 / 미들타워 / LED쿨러 / 용도: 게임용,"32GB, M.2 2TB",4290000
850,몬스타 가츠 인텔 에셋밀크57Ti,270K Plus / RTX 5070 Ti / (인텔) B860 / OS미포함 / 1000W / 인텔 / 코어울트라 시리즈2 / 코어 울트라7 / 애로우레이크 / 인텔 AI Boost / 13TOPS / DDR5 / 32GB / M.2 / 1TB / NVIDIA / 그래픽 메모리: 16GB / 2.5Gbps 유선 / 802.11be(Wi-Fi 7) 무선 / 블루투스 / HDMI / DP포트 / USB3.x 10Gbps / USB3.x 5Gbps / USB C타입 40Gbps / 파워서플라이 / 미들타워 / 어항형 / 수랭쿨러 / LED쿨러 / 용도: 게임용,"32GB, M.2 1TB",4590000
851,HP HyperX 오멘 35L GT18-0005kr,270K Plus / RTX 5060 Ti / 윈도우11 프로 / 1000W / 인텔 / 코어울트라 시리즈2 / 코어 울트라7 / 애로우레이크 / 인텔 AI Boost / 13TOPS / DDR5 / 32GB / M.2 / 1TB / NVIDIA / 그래픽 메모리: 16GB / 1Gbps 유선 / 802.11be(Wi-Fi 7) 무선 / 블루투스 / USB3.x 5Gbps / USB C타입 10Gbps / 썬더볼트4 / 파워서플라이 / 미들타워 / 용도: 게임용,"32GB, M.2 1TB",5804690
852,다나와표준PC 게임용 260910,i5-14400F / RTX 3050 / (인텔) B760 / OS미포함 / 1000W / 인텔 / 코어 14세대 / 코어i5 / 랩터레이크-R / DDR5 / 16GB / M.2 / 1TB / NVIDIA / 그래픽 메모리: 6GB / 1Gbps 유선 / HDMI / DP포트 / 파워서플라이 / 미들타워 / LED쿨러 / 용도: 게임용,"16GB, M.2 1TB",1499000
853,HP 오멘 16L TG03-0017KL,265F / RX 9060 XT / (인텔) B860 / OS미포함 / 500W / 인텔 / 코어울트라 시리즈2 / 코어 울트라7 / 애로우레이크 / 인텔 AI Boost / 13TOPS / DDR5 / 16GB / M.2 / 1TB / AMD / 그래픽 메모리: 16GB / 2.5Gbps 유선 / 802.11ax(Wi-Fi 6E) 무선 / 블루투스 / HDMI / DP포트 / USB3.x 10Gbps / USB3.x 5Gbps / USB C타입 10Gbps / USB C타입 5Gbps / 파워서플라이 / 미니타워 / 용도: 게임용 / 구성변경상품,"16GB, M.2 1TB",2487750
854,엔피씨코리아 NEXPC 게이밍프로 E312,9700X / RTX 5080 / (AMD) B850 / OS미포함 / 1200W / AMD / 라이젠 9000시리즈 / 라이젠7 / 그래니트 릿지 / DDR5 / 16GB / M.2 / 2TB / NVIDIA / 그래픽 메모리: 16GB / 2.5Gbps 유선 / 802.11ax(Wi-Fi 6E) 무선 / 블루투스 / DP포트 / 파워서플라이 / 미들타워 / 어항형 / 수랭쿨러 / LED쿨러 / 용도: 게임용,"16GB, M.2 2TB",3970160
855,HP 옴니데스크 M03-0038kr,225 / 인텔 그래픽스 / 500W / 인텔 / 코어울트라 시리즈2 / 코어 울트라5 / 애로우레이크 / 인텔 AI Boost / 13TOPS / DDR5 / 16GB / M.2 / 1TB / INTEL / 5.1채널 / 1Gbps 유선 / 802.11ax(Wi-Fi 6) 무선 / 블루투스 / HDMI / DP포트 / USB3.x 10Gbps / USB3.x 5Gbps / USB C타입 10Gbps / USB C타입 5Gbps / 파워서플라이 / 미니타워 / 5.34kg / 용도: 게임용 / 구성변경상품,"16GB, M.2 1TB",1469490
856,HP HyperX 오멘 16L TG03-0013kr,i5-14400F / RTX 5060 Ti / 윈도우11 프로 / 500W / 인텔 / 코어 14세대 / 코어i5 / 랩터레이크-R / DDR5 / 16GB / M.2 / 1TB / NVIDIA / 그래픽 메모리: 16GB / 802.11ax(Wi-Fi 6E) 무선 / 블루투스 / USB3.x 5Gbps / USB C타입 10Gbps / 파워서플라이 / 미니타워 / 용도: 게임용,"16GB, M.2 1TB",4044890
857,피씨스토어 월간 화이트 어항 라이젠5 7500F RTX 5060,7500F / RTX 5060 / (AMD) B650 / OS미포함 / 700W / AMD / 라이젠 7000시리즈 / 라이젠5 / 라파엘 / DDR5 / 16GB / M.2 / 500GB / NVIDIA / 그래픽 메모리: 8GB / 1Gbps 유선 / HDMI / DP포트 / 파워서플라이 / 미들타워 / 어항형 / LED쿨러 / 용도: 게임용,"16GB, M.2 500GB",1737000
858,다나와표준PC DPG 게임용 260924,9800X3D / RTX 5070 Ti / (AMD) B850 / OS미포함 / 1050W / AMD / 라이젠 9000시리즈 / 라이젠7 / 그래니트 릿지 / DDR5 / 16GB / M.2 / 1TB / NVIDIA / 그래픽 메모리: 16GB / 1Gbps 유선 / HDMI / DP포트 / 파워서플라이 / 미들타워 / 수랭쿨러 / LED쿨러 / 용도: 게임용,"16GB, M.2 1TB",4305210
859,HP 오멘 35L GT16-1005KL Win11Pro,9800X3D / RTX 5070 Ti / 윈도우11 프로 / 1000W / AMD / 라이젠 9000시리즈 / 라이젠7 / 그래니트 릿지 / DDR5 / 64GB / M.2 / 1TB / NVIDIA / 그래픽 메모리: 16GB / 1Gbps 유선 / 802.11be(Wi-Fi 7) 무선 / 블루투스 / HDMI / DP포트 / USB3.x 5Gbps / USB C타입 10Gbps / 파워서플라이 / 미들타워 / 수랭쿨러 / LED쿨러 / 용도: 게임용 / 구성변경상품,"64GB, M.2 1TB",5023450
860,롯데하이마트 플럭스 PLX-ASSONG 1031,7800X3D / RX 9070 XT / (AMD) B850 / OS미포함 / 850W / AMD / 라이젠 7000시리즈 / 라이젠7 / 라파엘 / DDR5 / 32GB / M.2 / 1TB / AMD / 그래픽 메모리: 16GB / 1Gbps 유선 / 802.11ax(Wi-Fi 6) 무선 / 블루투스 / HDMI / DP포트 / USB3.x 10Gbps / USB3.x 5Gbps / USB C타입 10Gbps / 파워서플라이 / 미들타워 / 어항형 / LED쿨러 / 용도: 게임용,"32GB, M.2 1TB",2879280
861,리메이드컴퓨터 J134 중고,중고 / i5-13400F / GTX 1660 / (인텔) H610 / OS미포함 / 인텔 / 코어 13세대 / 코어i5 / 랩터레이크 / DDR4 / 16GB / SSD / 500GB / NVIDIA / 그래픽 메모리: 6GB / 1Gbps 유선 / 파워서플라이 / 미들타워 / 용도: 게임용,"16GB, SSD 500GB",805570
862,다나와표준PC 게임용 260918,7500X3D / RTX 5060 Ti / (AMD) B650 / OS미포함 / 850W / AMD / 라이젠 7000시리즈 / 라이젠5 / 라파엘 / DDR5 / 16GB / M.2 / 1TB / NVIDIA / 그래픽 메모리: 8GB / 1Gbps 유선 / HDMI / DP포트 / 파워서플라이 / 미들타워 / 어항형 / LED쿨러 / 용도: 게임용,"16GB, M.2 1TB",2238000
863,MSI MAG Codex Z2 A7NVM MA10 R5-7500F RTX 5060 Ti 게이밍 Win11Home,7500F / RTX 5060 Ti / (AMD) B650 / 윈도우11 / 650W / AMD / 라이젠 7000시리즈 / 라이젠5 / 라파엘 / DDR5 / 16GB / M.2 / 1TB / NVIDIA / 그래픽 메모리: 8GB / 2.5Gbps 유선 / HDMI / DP포트 / USB3.x 10Gbps / USB3.x 5Gbps / 파워서플라이 / 미들타워 / LED쿨러 / 용도: 게임용,"16GB, M.2 1TB",1952060
864,아인스시스템 파이온 AXIS DX98D-NX57T,9800X3D / RTX 5070 Ti / (AMD) B850 / OS미포함 / 800W / AMD / 라이젠 9000시리즈 / 라이젠7 / 그래니트 릿지 / DDR5 / 32GB / M.2 / 1TB / NVIDIA / 그래픽 메모리: 16GB / 1Gbps 유선 / HDMI / DP포트 / 미들타워 / LED쿨러 / 용도: 게임용,"32GB, M.2 1TB",3806060
865,HP HyperX 오멘 35L GT18-0002kr,270K Plus / RTX 5080 / 윈도우11 프로 / 1000W / 인텔 / 코어울트라 시리즈2 / 코어 울트라7 / 애로우레이크 / 인텔 AI Boost / 13TOPS / DDR5 / 32GB / M.2 / 1TB / NVIDIA / 그래픽 메모리: 16GB / 1Gbps 유선 / 802.11be(Wi-Fi 7) 무선 / 블루투스 / USB3.x 5Gbps / USB C타입 10Gbps / 썬더볼트4 / 파워서플라이 / 미들타워 / 용도: 게임용,"32GB, M.2 1TB",7294790
866,리메이드컴퓨터 J132 중고,중고 / i5-13400F / GTX 1050 / (인텔) H610 / OS미포함 / 인텔 / 코어 13세대 / 코어i5 / 랩터레이크 / DDR4 / 16GB / SSD / 500GB / NVIDIA / 그래픽 메모리: 2GB / 1Gbps 유선 / 파워서플라이 / 미들타워 / 용도: 게임용,"16GB, SSD 500GB",723070
867,리메이드컴퓨터 J1313 중고,중고 / i5-13400F / RTX 4060 Ti / (인텔) H610 / OS미포함 / 700W / 인텔 / 코어 13세대 / 코어i5 / 랩터레이크 / DDR4 / 16GB / SSD / 500GB / NVIDIA / 그래픽 메모리: 8GB / 1Gbps 유선 / 파워서플라이 / 미들타워 / 용도: 게임용,"16GB, SSD 500GB",1247870
868,HP 오멘 45L GT22-3006KR,285K / RTX 5090 / (인텔) Z890 / 윈도우11 프로 / 1200W / 인텔 / 코어울트라 시리즈2 / 코어 울트라9 / 애로우레이크 / 인텔 AI Boost / 13TOPS / DDR5 / 64GB / M.2 / 2TB / NVIDIA / 그래픽 메모리: 32GB / 1Gbps 유선 / 802.11ax(Wi-Fi 6E) 무선 / 블루투스 / HDMI / DP포트 / USB3.x 10Gbps / USB3.x 5Gbps / USB C타입 10Gbps / 파워서플라이 / 미들타워 / 수랭쿨러 / LED쿨러 / 22.6kg / 용도: 게임용,"64GB, M.2 2TB",12768660
869,MSI MAG Codex Z2 B7NVM A21 R7-7800X3D RTX5060Ti 게이밍,7800X3D / RTX 5060 Ti / (AMD) B850 / OS미포함 / 600W / AMD / 라이젠 7000시리즈 / 라이젠5 / 라파엘 / DDR5 / 16GB / M.2 / 1TB / NVIDIA / 그래픽 메모리: 8GB / 5Gbps 유선 / HDMI / DP포트 / USB3.x 10Gbps / USB3.x 5Gbps / USB C타입 10Gbps / 파워서플라이 / 미들타워 / 어항형 / 수랭쿨러 / LED쿨러 / 용도: 게임용,"16GB, M.2 1TB",2020170
870,몬스타 몬스타PC 스텔스,9950X3D2 / RTX 5090 / (AMD) X870 / OS미포함 / 1200W / AMD / 라이젠 9000시리즈 / 라이젠9 / 그래니트 릿지 / DDR5 / 64GB / M.2 / 2TB / NVIDIA / 그래픽 메모리: 32GB / 5Gbps 유선 / 802.11be(Wi-Fi 7) 무선 / 블루투스 / HDMI / DP포트 / USB3.x 10Gbps / USB3.x 5Gbps / USB C타입 40Gbps / 파워서플라이 / 미들타워 / 어항형 / 수랭쿨러 / LED쿨러 / 용도: 게임용,"64GB, M.2 2TB",14070000
871,다나와표준PC 게임용 260912,i5-14400F / RTX 5060 Ti / (인텔) B760 / OS미포함 / 850W / 인텔 / 코어 14세대 / 코어i5 / 랩터레이크-R / DDR4 / 16GB / M.2 / 1TB / NVIDIA / 그래픽 메모리: 8GB / 1Gbps 유선 / HDMI / DP포트 / 파워서플라이 / 미들타워 / 어항형 / LED쿨러 / 용도: 게임용,"16GB, M.2 1TB",1938000
872,제이씨현 제플PC NVIDIA STUDIO N06,9800X3D / RTX 5070 / (AMD) B850 / OS미포함 / 850W / AMD / 라이젠 9000시리즈 / 라이젠7 / 그래니트 릿지 / DDR5 / 32GB / M.2 / 2TB / NVIDIA / 그래픽 메모리: 12GB / 1Gbps 유선 / HDMI / DP포트 / 파워서플라이 / 미들타워 / LED쿨러 / 용도: 게임용,"32GB, M.2 2TB",3190000
873,다나와표준PC 전문가용 260926,9850X3D / RX 9070 XT / (AMD) B850 / OS미포함 / 1300W / AMD / 라이젠 9000시리즈 / 라이젠7 / 그래니트 릿지 / DDR5 / 16GB / HDD:8TB / M.2 / 1TB / AMD / 그래픽 메모리: 16GB / 1Gbps 유선 / HDMI / DP포트 / 파워서플라이 / 미들타워 / 어항형 / 수랭쿨러 / LED쿨러 / 용도: 게임용,"16GB, M.2 1TB + HDD 8TB",4621180
874,다나와표준PC DPG 게임용 260922,7800X3D / RTX 5070 / (AMD) B850 / OS미포함 / 750W / AMD / 라이젠 7000시리즈 / 라이젠7 / 라파엘 / DDR5 / 16GB / M.2 / 1TB / NVIDIA / 그래픽 메모리: 12GB / 1Gbps 유선 / HDMI / DP포트 / 파워서플라이 / 미들타워 / 수랭쿨러 / LED쿨러 / 용도: 게임용,"16GB, M.2 1TB",3380000
875,다나와표준PC 게임용 260915,7500F / RTX 5060 Ti / (AMD) B650 / OS미포함 / 850W / AMD / 라이젠 7000시리즈 / 라이젠5 / 라파엘 / DDR5 / 16GB / M.2 / 1TB / NVIDIA / 그래픽 메모리: 8GB / 1Gbps 유선 / HDMI / DP포트 / 파워서플라이 / 미들타워 / LED쿨러 / 용도: 게임용,"16GB, M.2 1TB",2048000
876,ASUS ROG NUC 16 NUC16JNK9X389A0 White,290HX Plus / RTX 5070 Ti / 윈도우11 / 380W / 인텔 / 코어울트라 시리즈2 / 코어 울트라9 / 애로우레이크 / 인텔 AI Boost / 13TOPS / DDR5 / 32GB / M.2 / 1TB / NVIDIA / 그래픽 메모리: 12GB / 2.5Gbps 유선 / 802.11be(Wi-Fi 7) 무선 / 블루투스 / HDMI / DP포트 / USB3.x 10Gbps / USB C타입 20Gbps / 썬더볼트4 / DC / 슬림 / 용도: 게임용,"32GB, M.2 1TB",6207990
877,ASUS ROG NUC 16 NUC16JNK9X389A0 Black,290HX Plus / RTX 5070 Ti / 윈도우11 / 380W / 인텔 / 코어울트라 시리즈2 / 코어 울트라9 / 애로우레이크 / 인텔 AI Boost / 13TOPS / DDR5 / 32GB / M.2 / 1TB / NVIDIA / 그래픽 메모리: 12GB / 2.5Gbps 유선 / 802.11be(Wi-Fi 7) 무선 / 블루투스 / HDMI / DP포트 / USB3.x 10Gbps / USB C타입 20Gbps / 썬더볼트4 / DC / 슬림 / 용도: 게임용,"32GB, M.2 1TB",6207990
879,리메이드컴퓨터 J1312B 중고,중고 / i5-13400F / RTX 4060 / (인텔) H610 / OS미포함 / 600W / 인텔 / 코어 13세대 / 코어i5 / 랩터레이크 / DDR4 / 16GB / SSD / 1TB / NVIDIA / 그래픽 메모리: 8GB / 1Gbps 유선 / 파워서플라이 / 미들타워 / 용도: 게임용,"16GB, SSD 1TB",1288410
880,몬스타 가츠 노바95X3D,9950X3D / RTX 5080 / (AMD) X870E / OS미포함 / 1200W / AMD / 라이젠 9000시리즈 / 라이젠9 / 그래니트 릿지 / DDR5 / 64GB / M.2 / 2TB / NVIDIA / 그래픽 메모리: 16GB / 5Gbps 유선 / 802.11be(Wi-Fi 7) 무선 / 블루투스 / HDMI / DP포트 / USB3.x 10Gbps / USB3.x 5Gbps / USB C타입 40Gbps / 파워서플라이 / 미들타워 / 어항형 / 수랭쿨러 / 용도: 게임용,"64GB, M.2 2TB",7880000
881,다나와표준PC DPG 게임용 260921,270K Plus / RTX 5070 / (인텔) B860 / OS미포함 / 850W / 인텔 / 코어울트라 시리즈2 / 코어 울트라7 / 애로우레이크 / 인텔 AI Boost / 13TOPS / DDR5 / 16GB / M.2 / 1TB / NVIDIA / 그래픽 메모리: 12GB / 1Gbps 유선 / HDMI / DP포트 / 파워서플라이 / 빅타워 / 수랭쿨러 / LED쿨러 / 용도: 게임용,"16GB, M.2 1TB",3070600
882,다나와표준PC 게임용 260919,7700X3D / RTX 5060 Ti / (AMD) B650 / OS미포함 / 850W / AMD / 라이젠 7000시리즈 / 라이젠7 / 라파엘 / DDR5 / 16GB / M.2 / 1TB / NVIDIA / 그래픽 메모리: 8GB / 1Gbps 유선 / HDMI / DP포트 / 파워서플라이 / 미들타워 / 어항형 / LED쿨러 / 용도: 게임용,"16GB, M.2 1TB",2343380
883,다나와표준PC 전문가용 260925,270K Plus / RTX 5070 Ti / (인텔) B860 / OS미포함 / 1000W / 인텔 / 코어울트라 시리즈2 / 코어 울트라7 / 애로우레이크 / 인텔 AI Boost / 13TOPS / DDR5 / 16GB / M.2 / 1TB / NVIDIA / 그래픽 메모리: 16GB / 1Gbps 유선 / HDMI / DP포트 / 파워서플라이 / 빅타워 / 수랭쿨러 / LED쿨러 / 용도: 게임용,"16GB, M.2 1TB",4104260
884,HP 오멘 35L GT16-0015KL Win11Pro,285K / RTX 5080 / (인텔) Z890 / 윈도우11 프로 / 1000W / 인텔 / 코어울트라 시리즈2 / 코어 울트라9 / 애로우레이크 / 인텔 AI Boost / 13TOPS / DDR5 / 64GB / M.2 / 2TB / NVIDIA / 그래픽 메모리: 16GB / 1Gbps 유선 / 802.11be(Wi-Fi 7) 무선 / 블루투스 / HDMI / DP포트 / USB3.x 5Gbps / USB C타입 10Gbps / 파워서플라이 / 미들타워 / 수랭쿨러 / LED쿨러 / 용도: 게임용 / 구성변경상품,"64GB, M.2 2TB",7310000
885,몬스타 몬스타PC 뉴로,270K Plus / RTX 5090 / (인텔) Z890 / OS미포함 / 1200W / 인텔 / 코어울트라 시리즈2 / 코어 울트라7 / 애로우레이크 / DDR5 / 128GB / M.2 / 2TB / NVIDIA / 그래픽 메모리: 32GB / 10Gbps 유선 / 802.11be(Wi-Fi 7) 무선 / 블루투스 / 듀얼랜 / HDMI / DP포트 / USB3.x 10Gbps / USB3.x 5Gbps / USB C타입 40Gbps / USB C타입 20Gbps / 썬더볼트5 / 파워서플라이 / 빅타워 / 커스텀수랭 / 용도: 게임용,"128GB, M.2 2TB",21400000
886,다나와표준PC 전문가용 260728,9950X3D / RTX 5080 / (AMD) X870E / OS미포함 / 1200W / AMD / 라이젠 9000시리즈 / 라이젠9 / 그래니트 릿지 / DDR5 / 16GB / HDD:4TB / M.2 / 1TB / NVIDIA / 그래픽 메모리: 16GB / 1Gbps 유선 / HDMI / DP포트 / 파워서플라이 / 미들타워 / 수랭쿨러 / LED쿨러 / 용도: 게임용,"16GB, M.2 1TB + HDD 4TB",5888000
887,HP 오멘 16L TG03-0016KL,265F / RTX 5060 Ti / (인텔) B860 / OS미포함 / 500W / 인텔 / 코어울트라 시리즈2 / 코어 울트라7 / 애로우레이크 / 인텔 AI Boost / 13TOPS / DDR5 / 16GB / M.2 / 1TB / NVIDIA / 그래픽 메모리: 16GB / 2.5Gbps 유선 / 802.11ax(Wi-Fi 6E) 무선 / 블루투스 / HDMI / DP포트 / USB3.x 10Gbps / USB3.x 5Gbps / USB C타입 10Gbps / 파워서플라이 / 미니타워 / 용도: 게임용 / 구성변경상품,"16GB, M.2 1TB",2448990
888,몬스타 몬스타PC 모멘트59,9950X3D2 / 지포스 RTX 5090 2WAY / (AMD) X870E / OS미포함 / 2000W / AMD / 라이젠 9000시리즈 / 라이젠9 / 그래니트 릿지 / DDR5 / 64GB / M.2 / 2TB / NVIDIA / 그래픽 메모리: 32GB / 10Gbps 유선 / 802.11be(Wi-Fi 7) 무선 / 블루투스 / 듀얼랜 / HDMI / DP포트 / USB3.x 10Gbps / USB3.x 5Gbps / USB C타입 40Gbps / 파워서플라이 / 빅타워 / 커스텀수랭 / 용도: 게임용,"64GB, M.2 2TB",31360000
889,롯데하이마트 플럭스 PLX-ASSONG 1030,9800X3D / RX 9070 XT / (AMD) B850 / OS미포함 / 850W / AMD / 라이젠 9000시리즈 / 라이젠7 / 그래니트 릿지 / DDR5 / 32GB / M.2 / 1TB / AMD / 그래픽 메모리: 16GB / 1Gbps 유선 / 802.11ax(Wi-Fi 6) 무선 / 블루투스 / HDMI / DP포트 / USB3.x 10Gbps / USB3.x 5Gbps / USB C타입 10Gbps / 파워서플라이 / 미들타워 / 어항형 / LED쿨러 / 용도: 게임용,"32GB, M.2 1TB",3095040
890,HP 옴니데스크 M03-0038kr Win11Home,225 / 인텔 그래픽스 / 윈도우11 / 500W / 인텔 / 코어울트라 시리즈2 / 코어 울트라5 / 애로우레이크 / 인텔 AI Boost / 13TOPS / DDR5 / 16GB / M.2 / 1TB / INTEL / 5.1채널 / 1Gbps 유선 / 802.11ax(Wi-Fi 6) 무선 / 블루투스 / HDMI / DP포트 / USB3.x 10Gbps / USB3.x 5Gbps / USB C타입 10Gbps / USB C타입 5Gbps / 파워서플라이 / 미니타워 / 5.34kg / 용도: 게임용 / 구성변경상품,"16GB, M.2 1TB",1500000
891,HP 오멘 16L TG03-0005kr,225F / RTX 5060 / (인텔) B860 / 윈도우11 프로 / 500W / 인텔 / 코어울트라 시리즈2 / 코어 울트라5 / 애로우레이크 / 인텔 AI Boost / 13TOPS / DDR5 / 16GB / M.2 / 512GB / NVIDIA / 그래픽 메모리: 8GB / 2.5Gbps 유선 / 802.11ax(Wi-Fi 6E) 무선 / 블루투스 / HDMI / DP포트 / USB3.x 5Gbps / USB C타입 10Gbps / 파워서플라이 / 미니타워 / 용도: 게임용,"16GB, M.2 512GB",2539000
892,다나와표준PC 전문가용 260726,9850X3D / RTX 5080 / (AMD) X870E / OS미포함 / 1000W / AMD / 라이젠 9000시리즈 / 라이젠7 / 그래니트 릿지 / DDR5 / 16GB / HDD:4TB / M.2 / 1TB / NVIDIA / 그래픽 메모리: 16GB / 1Gbps 유선 / HDMI / DP포트 / 파워서플라이 / 미들타워 / 어항형 / 수랭쿨러 / LED쿨러 / 용도: 게임용,"16GB, M.2 1TB + HDD 4TB",5350000
893,이그닉 리트 빅타워 9759 RT-BTP00042,9700X / RTX 5090 / (AMD) B650 / OS미포함 / 1250W / AMD / 라이젠 9000시리즈 / 라이젠7 / 그래니트 릿지 / DDR5 / 32GB / M.2 / 1TB / NVIDIA / 2.5Gbps 유선 / 파워서플라이 / 미들타워 / 어항형 / 용도: 게임용,"32GB, M.2 1TB",9599000
894,리메이드컴퓨터 J1312 중고,중고 / i5-13400F / RTX 4060 / (인텔) H610 / OS미포함 / 600W / 인텔 / 코어 13세대 / 코어i5 / 랩터레이크 / DDR4 / 16GB / SSD / 500GB / NVIDIA / 그래픽 메모리: 8GB / 1Gbps 유선 / 파워서플라이 / 미들타워 / 용도: 게임용,"16GB, SSD 500GB",1175530
895,몬스타 몬스타PC 크리에이터 프로,270K Plus / RTX 5070 Ti / (인텔) B860 / OS미포함 / 850W / 인텔 / 코어울트라 시리즈2 / 코어 울트라7 / 애로우레이크 / 인텔 AI Boost / 13TOPS / DDR5 / 64GB / M.2 / 1TB / NVIDIA / 그래픽 메모리: 16GB / 2.5Gbps 유선 / 802.11ax(Wi-Fi 6E) 무선 / 블루투스 / HDMI / DP포트 / USB3.x 10Gbps / USB3.x 5Gbps / USB C타입 40Gbps / 파워서플라이 / 미들타워 / 어항형 / 수랭쿨러 / LED쿨러 / 용도: 게임용,"64GB, M.2 1TB",4920000
896,리메이드컴퓨터 J1311B 중고,중고 / i5-13400F / RTX 3070 Ti / (인텔) H610 / OS미포함 / 800W / 인텔 / 코어 13세대 / 코어i5 / 랩터레이크 / DDR4 / 16GB / SSD / 1TB / NVIDIA / 그래픽 메모리: 8GB / 1Gbps 유선 / 파워서플라이 / 미들타워 / 용도: 게임용,"16GB, SSD 1TB",1219310
897,다나와표준PC 전문가용 260727,285K / RTX 5070 Ti / (인텔) B860 / OS미포함 / 1050W / 인텔 / 코어울트라 시리즈2 / 코어 울트라9 / 애로우레이크 / 인텔 AI Boost / 13TOPS / DDR5 / 32GB / HDD:4TB / M.2 / 2TB / NVIDIA / 그래픽 메모리: 16GB / 1Gbps 유선 / HDMI / DP포트 / 파워서플라이 / 빅타워 / 수랭쿨러 / LED쿨러 / 용도: 게임용,"32GB, M.2 2TB + HDD 4TB",5830000
898,다나와표준PC 게임용 260615,7500X3D / RTX 5070 / (AMD) B850 / OS미포함 / 850W / AMD / 라이젠 7000시리즈 / 라이젠5 / 라파엘 / DDR5 / 16GB / M.2 / 1TB / NVIDIA / 그래픽 메모리: 12GB / 1Gbps 유선 / HDMI / DP포트 / 파워서플라이 / 미들타워 / 어항형 / LED쿨러 / 용도: 게임용,"16GB, M.2 1TB",2799990
