index,computer_name,computer_spec,price_spec,price
0,영웅컴퓨터 영웅 울트라게이밍 9800XS R7 9800X3D RTX5080,9800X3D / RTX 5080 / (AMD) B650 / OS미포함 / 900W / AMD / 라이젠 9000시리즈 / 라이젠7 / 그래니트 릿지 / DDR5 / 32GB / M.2 / 1TB / NVIDIA / 그래픽 메모리: 16GB / 1Gbps 유선 / HDMI / DP포트 / 파워서플라이 / 미들타워 / 어항형 / 수랭쿨러 / LED쿨러 / 용도: 게임용,"32GB, M.2 1TB",4523480
1,영웅컴퓨터 영웅 875 게이밍울트라560X R5 5600 RTX5060,5600 / RTX 5060 / (AMD) B550 / OS미포함 / 600W / AMD / 라이젠 5000시리즈 / 라이젠5 / 버미어 / DDR4 / 16GB / M.2 / 256GB / NVIDIA / 그래픽 메모리: 8GB / 1Gbps 유선 / HDMI / DP포트 / 파워서플라이 / 미들타워 / LED쿨러 / 용도: 게임용,"16GB, M.2 256GB",1181800
2,포유컴퓨터 퍼포먼스PC 47 R5 7500F RTX5060Ti,7500F / RTX 5060 Ti / (AMD) B650 / OS미포함 / 700W / AMD / 라이젠 7000시리즈 / 라이젠5 / 라파엘 / DDR5 / 16GB / M.2 / 500GB / NVIDIA / 1Gbps 유선 / HDMI / DP포트 / 파워서플라이 / 미들타워 / 어항형 / LED쿨러 / 용도: 게임용,"16GB, M.2 500GB",1579200
3,MSI MAG Codex Z2 A9NVR A18 R7-9800X3D RTX 5070 Ti 게이밍,9800X3D / RTX 5070 Ti / (AMD) B850 / OS미포함 / 850W / AMD / 라이젠 9000시리즈 / 라이젠7 / 그래니트 릿지 / DDR5 / 32GB / M.2 / 1TB / NVIDIA / 그래픽 메모리: 16GB / 5Gbps 유선 / 802.11be(Wi-Fi 7) 무선 / 블루투스 / HDMI / DP포트 / USB3.x 10Gbps / USB3.x 5Gbps / USB C타입 10Gbps / 파워서플라이 / 미들타워 / 수랭쿨러 / LED쿨러 / 용도: 게임용,"32GB, M.2 1TB",3943540
4,영웅컴퓨터 영웅 게이밍울트라 7857 R7 7800X3D RTX5070,7800X3D / RTX 5070 / (AMD) B650 / OS미포함 / 800W / AMD / 라이젠 7000시리즈 / 라이젠7 / 라파엘 / DDR5 / 32GB / M.2 / 1TB / NVIDIA / 그래픽 메모리: 12GB / 1Gbps 유선 / HDMI / DP포트 / 파워서플라이 / 미들타워 / 어항형 / LED쿨러 / 용도: 게임용,"32GB, M.2 1TB",2805860
5,포유컴퓨터 퍼포먼스PC 37 R5 5600 RTX5060,5600 / RTX 5060 / (AMD) A520 / OS미포함 / 600W / AMD / 라이젠 5000시리즈 / 라이젠5 / 버미어 / DDR4 / 16GB / M.2 / 500GB / NVIDIA / 1Gbps 유선 / HDMI / DP포트 / 파워서플라이 / 미들타워 / 어항형 / LED쿨러 / 용도: 게임용,"16GB, M.2 500GB",1293120
6,영웅컴퓨터 영웅 게이밍울트라 7546GT R5 7500F RTX5060Ti,7500F / RTX 5060 Ti / (AMD) A620 / OS미포함 / 700W / AMD / 라이젠 7000시리즈 / 라이젠5 / 라파엘 / DDR5 / 16GB / M.2 / 512GB / NVIDIA / 그래픽 메모리: 8GB / 1Gbps 유선 / HDMI / DP포트 / 파워서플라이 / 미들타워 / 어항형 / LED쿨러 / 용도: 게임용,"16GB, M.2 512GB",1529630
7,MSI MAG CODEX Z2 A9NVP MA09 R5-9600X RTX 5070 게이밍,9600X / RTX 5070 / (AMD) B850 / OS미포함 / 750W / AMD / 라이젠 9000시리즈 / 라이젠5 / 그래니트 릿지 / DDR5 / 16GB / M.2 / 1TB / NVIDIA / 그래픽 메모리: 12GB / 5Gbps 유선 / HDMI / DP포트 / USB3.x 10Gbps / USB3.x 5Gbps / USB C타입 10Gbps / 파워서플라이 / 미들타워 / LED쿨러 / 용도: 게임용 / 구성변경상품,"16GB, M.2 1TB",2545860
8,다나와표준PC 게임용 250810,7500F / RTX 5060 / (AMD) B650 / OS미포함 / 750W / AMD / 라이젠 7000시리즈 / 라이젠5 / 라파엘 / DDR5 / 16GB / M.2 / 512GB / NVIDIA / 그래픽 메모리: 8GB / 1Gbps 유선 / HDMI / DP포트 / 파워서플라이 / 미들타워 / LED쿨러 / 용도: 게임용,"16GB, M.2 512GB",1788000
9,다나와표준PC 게임용 250719,9600X / RTX 5070 / (AMD) B850 / OS미포함 / 850W / AMD / 라이젠 9000시리즈 / 라이젠5 / 그래니트 릿지 / DDR5 / 16GB / M.2 / 1TB / NVIDIA / 그래픽 메모리: 12GB / 1Gbps 유선 / 파워서플라이 / 미들타워 / 어항형 / LED쿨러 / 용도: 게임용,"16GB, M.2 1TB",2838420
10,피씨스토어 베스트 게이밍PC 울트라5 250K PLUS RTX 5060,250K Plus / RTX 5060 / (인텔) B860 / OS미포함 / 750W / 인텔 / 코어울트라 시리즈2 / 코어 울트라5 / 애로우레이크 / 인텔 AI Boost / 13TOPS / DDR5 / 16GB / M.2 / 500GB / NVIDIA / 그래픽 메모리: 8GB / 1Gbps 유선 / HDMI / DP포트 / 파워서플라이 / 미들타워 / LED쿨러 / 용도: 게임용,"16GB, M.2 500GB",2073680
11,MSI MPG Infinite Z2 X3D C9NVV A20-2 R7-9800X3D RTX 5080 게이밍,9800X3D / RTX 5080 / (AMD) B850 / OS미포함 / 850W / AMD / 라이젠 9000시리즈 / 라이젠7 / 그래니트 릿지 / DDR5 / 32GB / M.2 / 1TB / NVIDIA / 그래픽 메모리: 16GB / 2.5Gbps 유선 / 802.11ax(Wi-Fi 6E) 무선 / 블루투스 / HDMI / DP포트 / USB3.x 10Gbps / USB3.x 5Gbps / USB C타입 10Gbps / 파워서플라이 / 미들타워 / 어항형 / 수랭쿨러 / LED쿨러 / 용도: 게임용,"32GB, M.2 1TB",4559000
12,MSI MAG Codex Z2 A7NVM MA10 R5-7500F RTX 5060 Ti 게이밍,7500F / RTX 5060 Ti / (AMD) B650 / OS미포함 / 650W / AMD / 라이젠 7000시리즈 / 라이젠5 / 라파엘 / DDR5 / 16GB / M.2 / 1TB / NVIDIA / 그래픽 메모리: 8GB / 2.5Gbps 유선 / HDMI / DP포트 / USB3.x 10Gbps / USB3.x 5Gbps / 파워서플라이 / 미들타워 / LED쿨러 / 10.895kg 초과 / 용도: 게임용,"16GB, M.2 1TB",1880640
13,모맨 겜덕피시 게이밍 i5-14400F RTX5060,i5-14400F / RTX 5060 / (인텔) B760 / OS미포함 / 600W / 인텔 / 코어 14세대 / 코어i5 / 랩터레이크-R / DDR5 / 32GB / M.2 / 1TB / NVIDIA / 그래픽 메모리: 8GB / 1Gbps 유선 / HDMI / DP포트 / 파워서플라이 / 미들타워 / 어항형 / LED쿨러 / 용도: 게임용,"32GB, M.2 1TB",2390000
14,타무즈 TZ300N1FDAA,i5-14400F / GTX 1660 SUPER / (인텔) H610 / OS미포함 / 600W / 인텔 / 코어 14세대 / 코어i5 / 랩터레이크-R / DDR4 / 16GB / M.2 / 512GB / NVIDIA / 그래픽 메모리: 6GB / 1Gbps 유선 / HDMI / DP포트 / USB3.x 5Gbps / 파워서플라이 / 미들타워 / 용도: 게임용,"16GB, M.2 512GB",939460
15,마이피씨샵 DIY 게이밍 마스터 7500F RTX5060,7500F / RTX 5060 / (AMD) A620 / OS미포함 / 600W / AMD / 라이젠 7000시리즈 / 라이젠5 / 라파엘 / DDR5 / 16GB / M.2 / 500GB / NVIDIA / 그래픽 메모리: 8GB / 1Gbps 유선 / HDMI / DP포트 / 파워서플라이 / 미들타워 / 어항형 / LED쿨러 / 용도: 게임용,"16GB, M.2 500GB",1493430
16,영웅컴퓨터 영웅 게이밍울트라 9757 R7 9700X RTX5070,9700X / RTX 5070 / (AMD) B650 / OS미포함 / 800W / AMD / 라이젠 9000시리즈 / 라이젠7 / 그래니트 릿지 / DDR5 / 32GB / M.2 / 1TB / NVIDIA / 그래픽 메모리: 12GB / 1Gbps 유선 / HDMI / DP포트 / 파워서플라이 / 미들타워 / 어항형 / LED쿨러 / 용도: 게임용,"32GB, M.2 1TB",2775910
17,영웅컴퓨터 영웅 게이밍울트라 9756T,9700X / RTX 5060 Ti / (AMD) A620 / OS미포함 / 750W / AMD / 라이젠 9000시리즈 / 라이젠7 / 그래니트 릿지 / DDR5 / 32GB / M.2 / 1TB / NVIDIA / 그래픽 메모리: 8GB / 1Gbps 유선 / HDMI / DP포트 / 파워서플라이 / 미들타워 / 어항형 / LED쿨러 / 용도: 게임용,"32GB, M.2 1TB",2216640
18,피씨스토어 화이트 어항 PC 7500F RTX5060 360,7500F / RTX 5060 / (AMD) B650 / OS미포함 / 750W / AMD / 라이젠 7000시리즈 / 라이젠5 / 라파엘 / DDR5 / 32GB / M.2 / 500GB / NVIDIA / 그래픽 메모리: 8GB / 1Gbps 유선 / HDMI / DP포트 / 파워서플라이 / 미들타워 / 어항형 / LED쿨러 / 용도: 게임용,"32GB, M.2 500GB",2349290
19,다나와표준PC DPG 게임용 250723,265KF / RTX 5060 Ti / (인텔) B860 / OS미포함 / 850W / 인텔 / 코어울트라 시리즈2 / 코어 울트라7 / 애로우레이크 / 인텔 AI Boost / 13TOPS / DDR5 / 16GB / M.2 / 1TB / NVIDIA / 그래픽 메모리: 8GB / 1Gbps 유선 / 파워서플라이 / 미들타워 / 어항형 / 수랭쿨러 / LED쿨러 / 용도: 게임용,"16GB, M.2 1TB",2630000
20,다나와표준PC 게임용 250816,i5-14400F / RTX 5060 Ti / (인텔) B760 / OS미포함 / 800W / 인텔 / 코어 14세대 / 코어i5 / 랩터레이크-R / DDR5 / 16GB / M.2 / 500GB / NVIDIA / 그래픽 메모리: 16GB / 1Gbps 유선 / HDMI / DP포트 / 파워서플라이 / 미들타워 / 어항형 / LED쿨러 / 용도: 게임용,"16GB, M.2 500GB",2290580
21,피씨스토어 베스트 게이밍 7500F RTX5060 700W,7500F / RTX 5060 / (AMD) A620 / OS미포함 / 700W / AMD / 라이젠 7000시리즈 / 라이젠5 / 라파엘 / DDR5 / 16GB / M.2 / 500GB / NVIDIA / 그래픽 메모리: 8GB / 1Gbps 유선 / HDMI / DP포트 / 파워서플라이 / 미들타워 / LED쿨러 / 용도: 게임용,"16GB, M.2 500GB",1741700
22,다나와표준PC 전문가용 250826,9900X3D / RTX 5070 Ti / (AMD) X870E / OS미포함 / 1000W / AMD / 라이젠 9000시리즈 / 라이젠9 / 그래니트 릿지 / DDR5 / 16GB / HDD:2TB / M.2 / 1TB / NVIDIA / 그래픽 메모리: 16GB / 1Gbps 유선 / HDMI / DP포트 / 파워서플라이 / 빅타워 / 어항형 / 수랭쿨러 / LED쿨러 / 용도: 게임용,"16GB, M.2 1TB + HDD 2TB",4812300
23,다나와표준PC 전문가용 250825,265K / RTX 5080 / (인텔) B860 / OS미포함 / 850W / 인텔 / 코어울트라 시리즈2 / 코어 울트라7 / 애로우레이크 / 인텔 AI Boost / 13TOPS / DDR5 / 16GB / M.2 / 512GB / NVIDIA / 그래픽 메모리: 16GB / 1Gbps 유선 / 파워서플라이 / 미들타워 / 어항형 / 수랭쿨러 / LED쿨러 / 용도: 게임용,"16GB, M.2 512GB",4605710
24,다나와표준PC 게임용 250818,7800X3D / RX 9070 XT / (AMD) B850 / OS미포함 / 850W / AMD / 라이젠 7000시리즈 / 라이젠7 / 라파엘 / DDR5 / 16GB / M.2 / 1TB / AMD / 그래픽 메모리: 16GB / 1Gbps 유선 / HDMI / DP포트 / 파워서플라이 / 빅타워 / 어항형 / LED쿨러 / 용도: 게임용,"16GB, M.2 1TB",3143780
25,다나와표준PC 게임용 250812,i5-14400F / RTX 5060 / (인텔) B760 / OS미포함 / 850W / 인텔 / 코어 14세대 / 코어i5 / 랩터레이크-R / DDR5 / 16GB / M.2 / 500GB / NVIDIA / 그래픽 메모리: 8GB / 1Gbps 유선 / HDMI / DP포트 / 파워서플라이 / 미들타워 / 어항형 / LED쿨러 / 용도: 게임용,"16GB, M.2 500GB",1848000
26,다나와 게임용PC AMD R5-7400F RTX5060 S6101,7400F / RTX 5060 / (AMD) A620 / OS미포함 / 600W / AMD / 라이젠 7000시리즈 / 라이젠5 / 라파엘 / DDR5 / 16GB / M.2 / 500GB / NVIDIA / 그래픽 메모리: 8GB / 1Gbps 유선 / HDMI / DP포트 / USB3.x 5Gbps / 파워서플라이 / 미들타워 / LED쿨러 / 용도: 게임용,"16GB, M.2 500GB",2045000
27,영웅컴퓨터 영웅 H게이밍 2561F 225F RTX5060Ti,225F / RTX 5060 Ti / (인텔) H810 / OS미포함 / 600W / 인텔 / 코어울트라 시리즈2 / 코어 울트라5 / 애로우레이크 / 인텔 AI Boost / 13TOPS / DDR5 / 16GB / M.2 / 512GB / NVIDIA / 그래픽 메모리: 8GB / 1Gbps 유선 / HDMI / DP포트 / 파워서플라이 / 미들타워 / 어항형 / LED쿨러 / 용도: 게임용,"16GB, M.2 512GB",1569650
28,다나와 게임용PC 인텔 i5-14400F RTX5060 S6102,i5-14400F / RTX 5060 / (인텔) H610 / OS미포함 / 600W / 인텔 / 코어 14세대 / 코어i5 / 랩터레이크-R / DDR5 / 16GB / M.2 / 500GB / NVIDIA / 그래픽 메모리: 8GB / 1Gbps 유선 / HDMI / DP포트 / USB3.x 5Gbps / USB C타입 5Gbps / 파워서플라이 / 미들타워 / 어항형 / LED쿨러 / 용도: 게임용,"16GB, M.2 500GB",2085000
29,HP 오멘 35L GT16-1005KL,9800X3D / RTX 5070 Ti / OS미포함 / 1000W / AMD / 라이젠 9000시리즈 / 라이젠7 / 그래니트 릿지 / DDR5 / 64GB / M.2 / 1TB / NVIDIA / 그래픽 메모리: 16GB / 1Gbps 유선 / 802.11be(Wi-Fi 7) 무선 / 블루투스 / HDMI / DP포트 / USB3.x 5Gbps / USB C타입 10Gbps / 파워서플라이 / 미들타워 / 수랭쿨러 / LED쿨러 / 용도: 게임용 / 구성변경상품,"64GB, M.2 1TB",4989000
30,HP 오멘 45L GT22-3003KR Win11Pro,285K / RTX 5090 / (인텔) Z890 / 윈도우11 프로 / 1200W / 인텔 / 코어울트라 시리즈2 / 코어 울트라9 / 애로우레이크 / 인텔 AI Boost / 13TOPS / DDR5 / 128GB / HDD:20TB / M.2 / 10TB / NVIDIA / 그래픽 메모리: 32GB / 1Gbps 유선 / 802.11ax(Wi-Fi 6E) 무선 / 블루투스 / HDMI / DP포트 / USB3.x 10Gbps / USB3.x 5Gbps / USB C타입 10Gbps / 파워서플라이 / 미들타워 / 수랭쿨러 / LED쿨러 / 22.6kg / 용도: 게임용,"128GB, M.2 10TB + HDD 20TB",19990000
31,HP 오멘 16L TG03-0004KL,265F / RTX 5060 Ti / (인텔) B860 / OS미포함 / 500W / 인텔 / 코어울트라 시리즈2 / 코어 울트라7 / 애로우레이크 / 인텔 AI Boost / 13TOPS / DDR5 / 32GB / M.2 / 1TB / NVIDIA / 그래픽 메모리: 16GB / 2.5Gbps 유선 / 802.11ax(Wi-Fi 6E) 무선 / 블루투스 / HDMI / DP포트 / USB3.x 5Gbps / USB C타입 10Gbps / 파워서플라이 / 미니타워 / 용도: 게임용,"32GB, M.2 1TB",2599000
32,엔피씨코리아 NEXPC 게이밍프로 W147,i7-14700F / RTX 5060 Ti / (인텔) H610 / OS미포함 / 800W / 인텔 / 코어 14세대 / 코어i7 / 랩터레이크-R / DDR4 / 32GB / M.2 / 1TB / NVIDIA / 그래픽 메모리: 8GB / 파워서플라이 / 미들타워 / 어항형 / 용도: 게임용,"32GB, M.2 1TB",1938710
33,엔피씨코리아 NEXPC 게이밍프로 G350,9800X3D / RTX 5060 Ti / (AMD) B650 / OS미포함 / 750W / AMD / 라이젠 9000시리즈 / 라이젠7 / 그래니트 릿지 / DDR5 / 32GB / M.2 / 1TB / NVIDIA / 그래픽 메모리: 16GB / 1Gbps 유선 / HDMI / DP포트 / 파워서플라이 / 미들타워 / 어항형 / LED쿨러 / 용도: 게임용,"32GB, M.2 1TB",3024330
34,리메이드컴퓨터 P75X6,7500F / RX 9060 XT / (AMD) A620 / OS미포함 / 700W / AMD / 라이젠 7000시리즈 / 라이젠5 / 라파엘 / DDR5 / 16GB / M.2 / 512GB / AMD / 그래픽 메모리: 16GB / 1Gbps 유선 / HDMI / DP포트 / 파워서플라이 / 미들타워 / 용도: 게임용,"16GB, M.2 512GB",1688760
35,HP 옴니데스크 M03-0028kr RTX3060 Win11Pro,265 / RTX 3060 / 윈도우11 프로 / 500W / 인텔 / 코어울트라 시리즈2 / 코어 울트라7 / 애로우레이크 / 인텔 AI Boost / 13TOPS / DDR5 / 16GB / M.2 / 256GB / NVIDIA / 5.1채널 / 1Gbps 유선 / 802.11ax(Wi-Fi 6E) 무선 / 블루투스 / HDMI / DP포트 / USB3.x 10Gbps / USB3.x 5Gbps / USB C타입 10Gbps / USB C타입 5Gbps / 파워서플라이 / 미니타워 / 5.34kg / 용도: 게임용 / 구성변경상품,"16GB, M.2 256GB",2150000
36,타무즈 게이밍PC TZ330T6HCAA,7800X3D / RTX 5060 Ti / (AMD) B650 / OS미포함 / 800W / AMD / 라이젠 7000시리즈 / 라이젠7 / 라파엘 / DDR5 / 16GB / M.2 / 1TB / NVIDIA / 그래픽 메모리: 8GB / 1Gbps 유선 / HDMI / DP포트 / USB3.x 5Gbps / 파워서플라이 / 미들타워 / 어항형 / 용도: 게임용,"16GB, M.2 1TB",1923240
37,엔피씨코리아 NEXPC 게이밍프로 W143,i5-14400F / RTX 5060 Ti / (인텔) H610 / OS미포함 / 800W / 인텔 / 코어 14세대 / 코어i5 / 랩터레이크-R / DDR4 / 32GB / M.2 / 1TB / NVIDIA / 그래픽 메모리: 16GB / 파워서플라이 / 미들타워 / 어항형 / 용도: 게임용,"32GB, M.2 1TB",2031250
38,영웅컴퓨터 영웅 울트라게이밍 9800TS R7 9800X3D RTX5070Ti,9800X3D / RTX 5070 Ti / (AMD) B650 / OS미포함 / 800W / AMD / 라이젠 9000시리즈 / 라이젠7 / 그래니트 릿지 / DDR5 / 32GB / M.2 / 1TB / NVIDIA / 그래픽 메모리: 16GB / 1Gbps 유선 / HDMI / DP포트 / 파워서플라이 / 미들타워 / 어항형 / 수랭쿨러 / LED쿨러 / 용도: 게임용,"32GB, M.2 1TB",3809640
39,MSI MAG Codex Z2 B7NVL A17,7500F / RTX 5060 / (AMD) B650 / OS미포함 / 600W / AMD / 라이젠 7000시리즈 / 라이젠5 / 라파엘 / DDR5 / 16GB / M.2 / 1TB / NVIDIA / 그래픽 메모리: 8GB / 2.5Gbps 유선 / HDMI / DP포트 / USB3.x 10Gbps / USB3.x 5Gbps / 파워서플라이 / 미들타워 / LED쿨러 / 용도: 게임용,"16GB, M.2 1TB",1644300
40,다나와표준PC 게임용 230214,5600X / RTX 3060 / (AMD) B550 / OS미포함 / 600W / AMD / 라이젠 5000시리즈 / 라이젠5 / 버미어 / DDR4 / 16GB / M.2 / 500GB / NVIDIA / 그래픽 메모리: 12GB / 1Gbps 유선 / HDMI / DP포트 / 파워서플라이 / 미들타워 / 용도: 게임용,"16GB, M.2 500GB",1028960
41,영웅컴퓨터 영웅 913 게이밍울트라 560TX,5600 / RTX 5060 / (AMD) A520 / OS미포함 / 600W / AMD / 라이젠 5000시리즈 / 라이젠5 / 버미어 / DDR4 / 16GB / M.2 / 500GB / NVIDIA / 그래픽 메모리: 8GB / 1Gbps 유선 / HDMI / DP포트 / 파워서플라이 / 미들타워 / 어항형 / LED쿨러 / 용도: 게임용,"16GB, M.2 500GB",1209640
42,포유컴퓨터 퍼포먼스PC 30 R7 7800X3D RTX5070,7800X3D / RTX 5070 / (AMD) B850 / OS미포함 / 800W / AMD / 라이젠 7000시리즈 / 라이젠7 / 라파엘 / DDR5 / 16GB / M.2 / 1TB / NVIDIA / 1Gbps 유선 / HDMI / DP포트 / 파워서플라이 / 미들타워 / LED쿨러 / 용도: 게임용 / 구성변경상품,"16GB, M.2 1TB",2596800
43,모맨 겜덕피시 게이밍 7500F RTX5060,7500F / RTX 5060 / (AMD) A620 / OS미포함 / 600W / AMD / 라이젠 7000시리즈 / 라이젠5 / 라파엘 / DDR5 / 32GB / M.2 / 1TB / NVIDIA / 그래픽 메모리: 8GB / 1Gbps 유선 / HDMI / DP포트 / 파워서플라이 / 미들타워 / 어항형 / LED쿨러 / 용도: 게임용,"32GB, M.2 1TB",2285000
44,영웅컴퓨터 영웅 게이밍울트라 9857 R7 9800X3D RTX5070,9800X3D / RTX 5070 / (AMD) B650 / OS미포함 / 800W / AMD / 라이젠 9000시리즈 / 라이젠7 / 그래니트 릿지 / DDR5 / 32GB / M.2 / 1TB / NVIDIA / 그래픽 메모리: 12GB / 1Gbps 유선 / HDMI / DP포트 / 파워서플라이 / 미들타워 / 어항형 / LED쿨러 / 용도: 게임용,"32GB, M.2 1TB",2989660
45,몬스타 몬스타PC 경복궁,9950X3D2 / RTX 5090 / (AMD) X870E / OS미포함 / 1600W / AMD / 라이젠 9000시리즈 / 라이젠9 / 그래니트 릿지 / DDR5 / 64GB / M.2 / 2TB / NVIDIA / 그래픽 메모리: 32GB / 10Gbps 유선 / 802.11be(Wi-Fi 7) 무선 / 블루투스 / HDMI / DP포트 / USB3.x 10Gbps / USB3.x 5Gbps / USB C타입 40Gbps / 파워서플라이 / 빅타워 / 커스텀수랭 / 용도: 게임용,"64GB, M.2 2TB",23710000
46,HP 프로데스크 2 Tower G1a C27DAR5 Win11Pro,8500G / 740M / (AMD) PRO 665 / 윈도우11 프로 / 400W / AMD / 라이젠 8000시리즈 / 라이젠5 / 피닉스 / DDR5 / 8GB / M.2 / 1TB / NVIDIA / 802.11ax(Wi-Fi 6) 무선 / 블루투스 / HDMI / DP포트 / USB3.x 10Gbps / USB3.x 5Gbps / USB C타입 5Gbps / 파워서플라이 / 미들타워 / 6.1kg / 용도: 게임용 / 구성변경상품,"8GB, M.2 1TB",1002070
47,삼성전자 데스크탑 Tower DM500THZ-UR7AB-RTX5070,265 / RTX 5070 / (인텔) B860 / 윈도우11 프로 / 800W / 인텔 / 코어울트라 시리즈2 / 코어 울트라7 / 애로우레이크 / 인텔 AI Boost / 13TOPS / DDR5 / 16GB / M.2 / 1TB / NVIDIA / 1Gbps 유선 / 802.11ax(Wi-Fi 6) 무선 / 블루투스 / HDMI / USB3.x 10Gbps / USB C타입 5Gbps / 파워서플라이 / 미들타워 / 용도: 게임용 / 구성변경상품,"16GB, M.2 1TB",4185990
48,엔피씨코리아 NEXPC 게이밍프로 W160,i9-14900KF / RTX 5080 / (인텔) B760 / OS미포함 / 1300W / 인텔 / 코어 14세대 / 코어i9 / 랩터레이크-R / DDR4 / 32GB / M.2 / 1TB / 그래픽 메모리: 16GB / 파워서플라이 / 미들타워 / 어항형 / 용도: 게임용,"32GB, M.2 1TB",3858560
49,엔피씨코리아 NEXPC 게이밍프로 Q206,250KF Plus / RTX 5080 / (인텔) B860 / OS미포함 / 1300W / 인텔 / 코어울트라 시리즈2 / 코어 울트라5 / 애로우레이크 / 인텔 AI Boost / 13TOPS / DDR5 / 16GB / M.2 / 1TB / NVIDIA / 그래픽 메모리: 16GB / 파워서플라이 / 미들타워 / 어항형 / 용도: 게임용,"16GB, M.2 1TB",3579960
50,HP 오멘 16L TG03-0017KL Win11Pro,265F / RX 9060 XT / (인텔) B860 / 윈도우11 프로 / 500W / 인텔 / 코어울트라 시리즈2 / 코어 울트라7 / 애로우레이크 / 인텔 AI Boost / 13TOPS / DDR5 / 16GB / M.2 / 1TB / AMD / 그래픽 메모리: 16GB / 2.5Gbps 유선 / 802.11ax(Wi-Fi 6E) 무선 / 블루투스 / HDMI / DP포트 / USB3.x 10Gbps / USB3.x 5Gbps / USB C타입 10Gbps / USB C타입 5Gbps / 파워서플라이 / 미니타워 / 용도: 게임용 / 구성변경상품,"16GB, M.2 1TB",2498990
51,포유컴퓨터 퍼포먼스PC 32 U5 225F RTX5060Ti,225F / RTX 5060 Ti / (인텔) H810 / OS미포함 / 700W / 인텔 / 코어울트라 시리즈2 / 코어 울트라5 / 애로우레이크 / 인텔 AI Boost / 13TOPS / DDR5 / 16GB / M.2 / 500GB / NVIDIA / 1Gbps 유선 / HDMI / DP포트 / 파워서플라이 / 미들타워 / 용도: 게임용,"16GB, M.2 500GB",1622400
52,포유컴퓨터 퍼포먼스PC 34 i5 14400F RTX5060Ti,i5-14400F / RTX 5060 Ti / (인텔) H610 / OS미포함 / 600W / 인텔 / 코어 14세대 / 코어i5 / 랩터레이크-R / DDR4 / 16GB / M.2 / 1TB / NVIDIA / 1Gbps 유선 / HDMI / DP포트 / 파워서플라이 / 미들타워 / LED쿨러 / 용도: 게임용,"16GB, M.2 1TB",1611840
53,STCOM STAI-V150 Win11Home,i5-14400F / RTX 5060 / (인텔) H610 / 윈도우11 / 600W / 인텔 / 코어 14세대 / 코어i5 / 랩터레이크-R / DDR4 / 32GB / M.2 / 1TB / NVIDIA / 그래픽 메모리: 8GB / 1Gbps 유선 / HDMI / DP포트 / 파워서플라이 / 미들타워 / 용도: 게임용,"32GB, M.2 1TB",1818840
54,MSI MAG Codex Z2 B7NVL A17 Win11Pro,7500F / RTX 5060 / (AMD) B650 / 윈도우11 프로 / 600W / AMD / 라이젠 7000시리즈 / 라이젠5 / 라파엘 / DDR5 / 16GB / M.2 / 1TB / NVIDIA / 그래픽 메모리: 8GB / 2.5Gbps 유선 / HDMI / DP포트 / USB3.x 10Gbps / USB3.x 5Gbps / 파워서플라이 / 미들타워 / LED쿨러 / 용도: 게임용,"16GB, M.2 1TB",1788010
55,STCOM 데스크프로 PC A75N56Ti 7500F 5060 Ti,7500F / RTX 5060 Ti / (AMD) A620 / OS미포함 / 700W / AMD / 라이젠 7000시리즈 / 라이젠5 / 라파엘 / DDR5 / 16GB / M.2 / 512GB / NVIDIA / 그래픽 메모리: 8GB / 1Gbps 유선 / HDMI / DP포트 / 파워서플라이 / 미들타워 / 용도: 게임용,"16GB, M.2 512GB",1527190
56,영웅컴퓨터 영웅 H게이밍 2560F 225F RTX5060,225F / RTX 5060 / (인텔) H810 / OS미포함 / 600W / 인텔 / 코어울트라 시리즈2 / 코어 울트라5 / 애로우레이크 / 인텔 AI Boost / 13TOPS / DDR5 / 16GB / M.2 / 500GB / NVIDIA / 그래픽 메모리: 8GB / 1Gbps 유선 / HDMI / DP포트 / 파워서플라이 / 미들타워 / 어항형 / LED쿨러 / 용도: 게임용,"16GB, M.2 500GB",1429670
57,타무즈 게이밍PC TZ30ES6GCAA,7500F / RTX 5060 Ti / (AMD) B650 / OS미포함 / 700W / AMD / 라이젠 7000시리즈 / 라이젠5 / 라파엘 / DDR5 / 16GB / M.2 / 1TB / NVIDIA / 그래픽 메모리: 8GB / 1Gbps 유선 / HDMI / DP포트 / USB3.x 5Gbps / 파워서플라이 / 미들타워 / 용도: 게임용,"16GB, M.2 1TB",1608910
58,다나와표준PC 전문가용 260227,285K / RTX 5070 Ti / (인텔) B860 / OS미포함 / 1000W / 인텔 / 코어울트라 시리즈2 / 코어 울트라9 / 애로우레이크 / 인텔 AI Boost / 13TOPS / DDR5 / 32GB / HDD:4TB / M.2 / 1TB / NVIDIA / 그래픽 메모리: 16GB / 1Gbps 유선 / HDMI / DP포트 / 파워서플라이 / 미들타워 / 어항형 / 수랭쿨러 / LED쿨러 / 용도: 게임용,"32GB, M.2 1TB + HDD 4TB",5563660
59,STCOM STAI-V199,5600 / RTX 5050 / (AMD) A520 / OS미포함 / 600W / AMD / 라이젠 5000시리즈 / 라이젠5 / 버미어 / DDR4 / 16GB / M.2 / 512GB / NVIDIA / 그래픽 메모리: 8GB / 파워서플라이 / 용도: 게임용,"16GB, M.2 512GB",1193800
60,서린씨앤아이 서린컴퓨터 SRC0044,9800X3D / RX 9070 XT / (AMD) B850 / OS미포함 / 850W / AMD / 라이젠 9000시리즈 / 라이젠7 / 그래니트 릿지 / DDR5 / 32GB / M.2 / 1TB / AMD / 1Gbps 유선 / HDMI / DP포트 / 파워서플라이 / 미들타워 / 어항형 / LED쿨러 / 용도: 게임용,"32GB, M.2 1TB",3419050
61,다나와표준PC 게임용 230514,7600 / RTX 3060 / (AMD) A620 / OS미포함 / 800W / AMD / 라이젠 7000시리즈 / 라이젠5 / 라파엘 / DDR5 / 32GB / M.2 / 512GB / NVIDIA / 그래픽 메모리: 12GB / 1Gbps 유선 / HDMI / DP포트 / 파워서플라이 / 미들타워 / 용도: 게임용,"32GB, M.2 512GB",1277800
62,피씨스토어 베스트 게이밍 R5 5600 RTX3050,5600 / RTX 3050 / (AMD) A520 / OS미포함 / 600W / AMD / 라이젠 5000시리즈 / 라이젠5 / 버미어 / DDR4 / 16GB / M.2 / 500GB / NVIDIA / 그래픽 메모리: 6GB / 1Gbps 유선 / HDMI / DP포트 / 파워서플라이 / 미들타워 / 어항형 / LED쿨러 / 용도: 게임용,"16GB, M.2 500GB",1096220
63,MSI MAG Codex Z2 A5NVL A01 R5-5600 RTX 5060 게이밍,5600 / RTX 5060 / (AMD) A520 / OS미포함 / 600W / AMD / 라이젠 5000시리즈 / 라이젠5 / 버미어 / DDR4 / 16GB / M.2 / 500GB / NVIDIA / 그래픽 메모리: 8GB / 1Gbps 유선 / HDMI / DP포트 / USB3.x 5Gbps / 파워서플라이 / 미들타워 / LED쿨러 / 용도: 게임용,"16GB, M.2 500GB",1399000
64,STCOM AI 스펙트럼 PC I25N57HD8T 250K RTX5070,250K Plus / RTX 5070 / (인텔) B860 / OS미포함 / 850W / 인텔 / 코어울트라 시리즈2 / 코어 울트라5 / 애로우레이크 / 인텔 AI Boost / 13TOPS / DDR5 / 32GB / HDD:8TB / M.2 / 1TB / NVIDIA / 그래픽 메모리: 12GB / 2.5Gbps 유선 / HDMI / DP포트 / 파워서플라이 / 미들타워 / LED쿨러 / 용도: 게임용,"32GB, M.2 1TB + HDD 8TB",3278240
65,MSI MAG Codex Z2 A7NVP A08 R7-7800X3D RTX 5070 게이밍,7800X3D / RTX 5070 / (AMD) B650 / OS미포함 / 850W / AMD / 라이젠 7000시리즈 / 라이젠7 / 라파엘 / DDR5 / 32GB / M.2 / 1TB / NVIDIA / 그래픽 메모리: 12GB / 2.5Gbps 유선 / 802.11ax(Wi-Fi 6E) 무선 / 블루투스 / HDMI / DP포트 / USB3.x 10Gbps / USB3.x 5Gbps / USB C타입 20Gbps / 파워서플라이 / 미들타워 / 수랭쿨러 / 10.88kg / 용도: 게임용,"32GB, M.2 1TB",2949680
66,영웅컴퓨터 영웅 울트라게이밍 플러스 P003 265KF RTX5070,265KF / RTX 5070 / (인텔) B860 / OS미포함 / 800W / 인텔 / 코어울트라 시리즈2 / 코어 울트라7 / 애로우레이크 / 인텔 AI Boost / 13TOPS / DDR5 / 32GB / M.2 / 1TB / NVIDIA / 그래픽 메모리: 12GB / 1Gbps 유선 / HDMI / DP포트 / 파워서플라이 / 미들타워 / 어항형 / 수랭쿨러 / LED쿨러 / 용도: 게임용,"32GB, M.2 1TB",2909620
67,영웅컴퓨터 울트라게이밍 U7280,270K Plus / RTX 5080 / (인텔) B860 / OS미포함 / 850W / 인텔 / 코어울트라 시리즈2 / 코어 울트라7 / 애로우레이크 / 인텔 AI Boost / 13TOPS / DDR5 / 32GB / M.2 / 1TB / NVIDIA / 그래픽 메모리: 16GB / 2.5Gbps 유선 / HDMI / DP포트 / USB3.x 10Gbps / USB3.x 5Gbps / USB C타입 40Gbps / 파워서플라이 / 미들타워 / 어항형 / 용도: 게임용,"32GB, M.2 1TB",4479630
68,영웅컴퓨터 영웅 울트라게이밍 007 R7 7800X3D RTX5070Ti,7800X3D / RTX 5070 Ti / (AMD) B650 / OS미포함 / 800W / AMD / 라이젠 7000시리즈 / 라이젠7 / 라파엘 / DDR5 / 32GB / M.2 / 1TB / NVIDIA / 그래픽 메모리: 16GB / 1Gbps 유선 / HDMI / DP포트 / 파워서플라이 / 미들타워 / 어항형 / LED쿨러 / 용도: 게임용,"32GB, M.2 1TB",3639640
69,타무즈 스트라이커 TZ300N1FBAA,i5-14400F / RTX 5060 / (인텔) H610 / OS미포함 / 600W / 인텔 / 코어 14세대 / 코어i5 / 랩터레이크-R / DDR4 / 16GB / M.2 / 512GB / NVIDIA / 1Gbps 유선 / HDMI / DP포트 / 파워서플라이 / 미들타워 / 용도: 게임용,"16GB, M.2 512GB",1348490
70,제이씨현 제플PC 게이밍 익스프레션 G22,7800X3D / RX 9070 XT / (AMD) B850 / OS미포함 / 850W / AMD / 라이젠 7000시리즈 / 라이젠7 / 라파엘 / DDR5 / 32GB / M.2 / 1TB / AMD / 그래픽 메모리: 16GB / 1Gbps 유선 / HDMI / DP포트 / 파워서플라이 / 미들타워 / 어항형 / LED쿨러 / 용도: 게임용,"32GB, M.2 1TB",2880000
71,다나와표준PC 게임용 220611,i3-12100F / GTX 1660 SUPER / (인텔) H610 / OS미포함 / 500W / 인텔 / 코어 12세대 / 코어i3 / 엘더레이크 / DDR4 / 16GB / SSD / 250GB / NVIDIA / 그래픽 메모리: 6GB / 1Gbps 유선 / HDMI / DP포트 / DVI / USB3.x 5Gbps / 파워서플라이 / 미들타워 / 용도: 게임용,"16GB, SSD 250GB",800940
72,포유컴퓨터 퍼포먼스PC 49 R5 5600 RTX3050,5600 / RTX 3050 / (AMD) A520 / OS미포함 / 600W / AMD / 라이젠 5000시리즈 / 라이젠5 / 버미어 / DDR4 / 16GB / M.2 / 500GB / NVIDIA / 1Gbps 유선 / HDMI / DP포트 / 파워서플라이 / 미들타워 / LED쿨러 / 용도: 게임용,"16GB, M.2 500GB",945600
73,STCOM STAI-V136 Win11Home,i5-14400F / RTX 5060 Ti / (인텔) H610 / 윈도우11 / 700W / 인텔 / 코어 14세대 / 코어i5 / 랩터레이크-R / DDR4 / 32GB / M.2 / 1TB / NVIDIA / 그래픽 메모리: 8GB / 1Gbps 유선 / HDMI / DP포트 / 파워서플라이 / 미들타워 / 용도: 게임용,"32GB, M.2 1TB",1929240
74,영웅컴퓨터 영웅 게이밍울트라 7856T R7 7800X3D RTX5060Ti,7800X3D / RTX 5060 Ti / (AMD) A620 / OS미포함 / 750W / AMD / 라이젠 7000시리즈 / 라이젠7 / 라파엘 / DDR5 / 32GB / M.2 / 1TB / NVIDIA / 그래픽 메모리: 8GB / 1Gbps 유선 / HDMI / DP포트 / 파워서플라이 / 미들타워 / 어항형 / LED쿨러 / 용도: 게임용,"32GB, M.2 1TB",2169600
75,다나와표준PC 게임용 240809,5600 / GTX 1650 / (AMD) B550 / OS미포함 / 600W / AMD / 라이젠 5000시리즈 / 라이젠5 / 버미어 / DDR4 / 16GB / M.2 / 500GB / NVIDIA / 그래픽 메모리: 4GB / 1Gbps 유선 / HDMI / DP포트 / DVI / 파워서플라이 / 미들타워 / 용도: 게임용,"16GB, M.2 500GB",1223400
76,STCOM STAI-V212 Win11Home,250KF Plus / RTX 5060 Ti / (인텔) B860 / 윈도우11 / 700W / 인텔 / 코어울트라 시리즈2 / 코어 울트라5 / 애로우레이크 / 인텔 AI Boost / 13TOPS / DDR5 / 32GB / M.2 / 1TB / NVIDIA / 그래픽 메모리: 8GB / 1Gbps 유선 / HDMI / DP포트 / 파워서플라이 / 미들타워 / 용도: 게임용,"32GB, M.2 1TB",2431780
77,다나와표준PC 전문가용 251028,9950X3D / RTX 5080 / (AMD) X870E / OS미포함 / 1200W / AMD / 라이젠 9000시리즈 / 라이젠9 / 그래니트 릿지 / DDR5 / 32GB / HDD:4TB / M.2 / 1TB / NVIDIA / 그래픽 메모리: 16GB / 1Gbps 유선 / 802.11ax(Wi-Fi 6) 무선 / 블루투스 / HDMI / DP포트 / 파워서플라이 / 미들타워 / 어항형 / 수랭쿨러 / LED쿨러 / 용도: 게임용,"32GB, M.2 1TB + HDD 4TB",7600000
78,STCOM STCP-W01,9800X3D / RX 9070 XT / (AMD) B850 / OS미포함 / 850W / AMD / 라이젠 9000시리즈 / 라이젠7 / 그래니트 릿지 / DDR5 / 32GB / M.2 / 2TB / AMD / 1Gbps 유선 / 802.11be(Wi-Fi 7) 무선 / 블루투스 / HDMI / DP포트 / 파워서플라이 / 미들타워 / 수랭쿨러 / 용도: 게임용,"32GB, M.2 2TB",3513000
79,STCOM STAI-V99 Win11Home,i5-14400F / RTX 5060 Ti / (인텔) B760 / 윈도우11 / 700W / 인텔 / 코어 14세대 / 코어i5 / 랩터레이크-R / DDR5 / 32GB / M.2 / 1TB / NVIDIA / 1Gbps 유선 / HDMI / DP포트 / 파워서플라이 / 미들타워 / 용도: 게임용,"32GB, M.2 1TB",2200540
80,영웅컴퓨터 영웅 게이밍울트라 7557 R5 7500F RTX5070,7500F / RTX 5070 / (AMD) A620 / OS미포함 / 750W / AMD / 라이젠 7000시리즈 / 라이젠5 / 라파엘 / DDR5 / 32GB / M.2 / 1TB / NVIDIA / 그래픽 메모리: 12GB / 1Gbps 유선 / HDMI / DP포트 / 파워서플라이 / 미들타워 / 어항형 / LED쿨러 / 용도: 게임용,"32GB, M.2 1TB",2499590
81,다나와표준PC 게임용 250910,7500F / RX 9060 XT / (AMD) B650 / OS미포함 / 750W / AMD / 라이젠 7000시리즈 / 라이젠5 / 라파엘 / DDR5 / 16GB / M.2 / 1TB / AMD / 그래픽 메모리: 8GB / 1Gbps 유선 / HDMI / DP포트 / 파워서플라이 / 미들타워 / 어항형 / LED쿨러 / 용도: 게임용,"16GB, M.2 1TB",2050000
82,STCOM STAI-V19,5600 / RX 580 / (AMD) A520 / OS미포함 / 600W / AMD / 라이젠 5000시리즈 / 라이젠5 / 버미어 / DDR4 / 16GB / M.2 / 512GB / AMD / 1Gbps 유선 / 파워서플라이 / 미들타워 / 용도: 게임용,"16GB, M.2 512GB",862650
83,영웅컴퓨터 울트라게이밍 U7277 270K RTX5070,270K Plus / RTX 5070 / (인텔) B860 / OS미포함 / 850W / 인텔 / 코어울트라 시리즈2 / 코어 울트라7 / 애로우레이크 / 인텔 AI Boost / 13TOPS / DDR5 / 32GB / M.2 / 1TB / NVIDIA / 그래픽 메모리: 12GB / 2.5Gbps 유선 / HDMI / DP포트 / USB3.x 10Gbps / USB3.x 5Gbps / USB C타입 40Gbps / 파워서플라이 / 미들타워 / 어항형 / 용도: 게임용,"32GB, M.2 1TB",3029600
84,다나와표준PC 전문가용 251228,9950X3D / RTX 5070 / (AMD) X870 / OS미포함 / 1200W / AMD / 라이젠 9000시리즈 / 라이젠9 / 그래니트 릿지 / DDR5 / 16GB / HDD:2TB / M.2 / 1TB / NVIDIA / 그래픽 메모리: 12GB / 1Gbps 유선 / HDMI / DP포트 / 파워서플라이 / 미들타워 / 어항형 / 수랭쿨러 / LED쿨러 / 용도: 게임용,"16GB, M.2 1TB + HDD 2TB",4390000
85,MSI MAG Codex R2 A5NVM I12 U5-225F RTX 5060 Ti 게이밍,225F / RTX 5060 Ti / (인텔) H810 / OS미포함 / 600W / 인텔 / 코어울트라 시리즈2 / 코어 울트라5 / 애로우레이크 / 인텔 AI Boost / 13TOPS / DDR5 / 16GB / M.2 / 1TB / NVIDIA / 그래픽 메모리: 8GB / 2.5Gbps 유선 / HDMI / DP포트 / USB3.x 5Gbps / 파워서플라이 / 미들타워 / LED쿨러 / 용도: 게임용 / 구성변경상품,"16GB, M.2 1TB",1759000
86,STCOM STAI-V138,5600 / RTX 5060 / (AMD) A520 / OS미포함 / 600W / AMD / 라이젠 5000시리즈 / 라이젠5 / 버미어 / DDR4 / 16GB / M.2 / 512GB / NVIDIA / 그래픽 메모리: 8GB / 1Gbps 유선 / HDMI / DP포트 / 파워서플라이 / 미들타워 / 용도: 게임용,"16GB, M.2 512GB",1210710
87,영웅컴퓨터 영웅 울트라게이밍 010,7500F / RTX 5070 Ti / (AMD) B650 / OS미포함 / 800W / AMD / 라이젠 7000시리즈 / 라이젠5 / 라파엘 / DDR5 / 32GB / M.2 / 1TB / NVIDIA / 그래픽 메모리: 16GB / 1Gbps 유선 / HDMI / DP포트 / 파워서플라이 / 미들타워 / 어항형 / 수랭쿨러 / LED쿨러 / 용도: 게임용,"32GB, M.2 1TB",3409610
88,다나와표준PC 게임용 260114,9600X / RX 9060 / (AMD) B650 / OS미포함 / 850W / AMD / 라이젠 9000시리즈 / 라이젠5 / 그래니트 릿지 / DDR5 / 16GB / M.2 / 1TB / AMD / 그래픽 메모리: 8GB / 1Gbps 유선 / HDMI / DP포트 / 파워서플라이 / 미들타워 / 어항형 / 용도: 게임용,"16GB, M.2 1TB",1921100
89,포유컴퓨터 퍼포먼스PC 46 R5 7400F RTX5060,7400F / RTX 5060 / (AMD) B650 / OS미포함 / 600W / AMD / 라이젠 7000시리즈 / 라이젠5 / 라파엘 / DDR5 / 16GB / M.2 / 1TB / NVIDIA / 그래픽 메모리: 8GB / 1Gbps 유선 / HDMI / DP포트 / 파워서플라이 / 미들타워 / 어항형 / LED쿨러 / 용도: 게임용,"16GB, M.2 1TB",1611840
90,다나와표준PC 게임용 230615,i5-13400F / RTX 4060 Ti / (인텔) B760 / OS미포함 / 700W / 인텔 / 코어 13세대 / 코어i5 / 엘더레이크 / DDR5 / 16GB / SSD / 256GB / NVIDIA / 그래픽 메모리: 8GB / 1Gbps 유선 / HDMI / DP포트 / 파워서플라이 / 미들타워 / 용도: 게임용,"16GB, SSD 256GB",1340660
91,STCOM STAI-V140,7500F / RTX 5060 / (AMD) A620 / OS미포함 / 600W / AMD / 라이젠 7000시리즈 / 라이젠5 / 라파엘 / DDR5 / 16GB / M.2 / 512GB / NVIDIA / 그래픽 메모리: 8GB / 1Gbps 유선 / HDMI / DP포트 / 파워서플라이 / 미들타워 / 용도: 게임용,"16GB, M.2 512GB",1395630
92,영웅컴퓨터 영웅 RL3461F i5-13400F RTX5060Ti,i5-13400F / RTX 5060 Ti / (인텔) H610 / OS미포함 / 600W / 인텔 / 코어 13세대 / 코어i5 / 랩터레이크 / DDR5 / 16GB / M.2 / 512GB / NVIDIA / 그래픽 메모리: 8GB / 1Gbps 유선 / HDMI / DP포트 / 파워서플라이 / 미들타워 / 용도: 게임용,"16GB, M.2 512GB",1539640
93,영웅컴퓨터 울트라게이밍 U7271 270K RTX5060Ti,270K Plus / RTX 5060 Ti / (인텔) B860 / OS미포함 / 800W / 인텔 / 코어울트라 시리즈2 / 코어 울트라7 / 애로우레이크 / 인텔 AI Boost / 13TOPS / DDR5 / 32GB / M.2 / 1TB / NVIDIA / 그래픽 메모리: 8GB / 1Gbps 유선 / HDMI / DP포트 / USB3.x 10Gbps / USB3.x 5Gbps / USB C타입 40Gbps / 파워서플라이 / 미들타워 / 어항형 / 용도: 게임용,"32GB, M.2 1TB",2556160
94,다나와표준PC DPG 게임용 260222,7800X3D / RTX 5060 Ti / (AMD) B850 / OS미포함 / 750W / AMD / 라이젠 7000시리즈 / 라이젠7 / 라파엘 / DDR5 / 16GB / M.2 / 1TB / NVIDIA / 그래픽 메모리: 8GB / 1Gbps 유선 / HDMI / DP포트 / 파워서플라이 / 미들타워 / 어항형 / 수랭쿨러 / LED쿨러 / 용도: 게임용,"16GB, M.2 1TB",2638890
95,영웅컴퓨터 영웅 게이밍울트라 7556TX 7500X3D RTX5060Ti,7500X3D / RTX 5060 Ti / (AMD) A620 / OS미포함 / 750W / AMD / 라이젠 7000시리즈 / 라이젠5 / 라파엘 / DDR5 / 32GB / M.2 / 1TB / NVIDIA / 그래픽 메모리: 8GB / 1Gbps 유선 / HDMI / DP포트 / USB3.x 5Gbps / 파워서플라이 / 미들타워 / 어항형 / LED쿨러 / 용도: 게임용,"32GB, M.2 1TB",2126800
96,영웅컴퓨터 영웅 게이밍울트라 7546 R5 7500F RTX5060,7500F / RTX 5060 / (AMD) A620 / OS미포함 / 600W / AMD / 라이젠 7000시리즈 / 라이젠5 / 라파엘 / DDR5 / 16GB / M.2 / 512GB / NVIDIA / 그래픽 메모리: 8GB / 1Gbps 유선 / HDMI / DP포트 / 파워서플라이 / 미들타워 / LED쿨러 / 용도: 게임용,"16GB, M.2 512GB",1429670
97,영웅컴퓨터 영웅 게이밍울트라 9656T,9600X / RTX 5060 Ti / (AMD) A620 / OS미포함 / 750W / AMD / 라이젠 9000시리즈 / 라이젠5 / 그래니트 릿지 / DDR5 / 32GB / M.2 / 1TB / NVIDIA / 그래픽 메모리: 8GB / 1Gbps 유선 / HDMI / DP포트 / 파워서플라이 / 미들타워 / 어항형 / LED쿨러 / 용도: 게임용,"32GB, M.2 1TB",2059630
98,포유컴퓨터 퍼포먼스PC 55 i5 14400F RTX5060Ti,i5-14400F / RTX 5060 Ti / (인텔) H610 / OS미포함 / 700W / 인텔 / 코어 14세대 / 코어i5 / 랩터레이크-R / DDR5 / 16GB / M.2 / 500GB / NVIDIA / 1Gbps 유선 / HDMI / DP포트 / 파워서플라이 / 미들타워 / LED쿨러 / 용도: 게임용,"16GB, M.2 500GB",1559040
99,STCOM STAI-V174,i5-14400F / RX 9060 XT / (인텔) H610 / OS미포함 / 600W / 인텔 / 코어 14세대 / 코어i5 / 랩터레이크-R / DDR4 / 32GB / M.2 / 1TB / AMD / 그래픽 메모리: 16GB / 1Gbps 유선 / HDMI / DP포트 / 파워서플라이 / 미들타워 / 용도: 게임용,"32GB, M.2 1TB",1709860
100,MSI MAG CODEX R2 B5NVM I13 U5-250KF PLUS RTX™ 5060 Ti 게이밍,250KF Plus / RTX 5060 Ti / (인텔) B860 / OS미포함 / 650W / 인텔 / 코어울트라 시리즈2 / 코어 울트라5 / 애로우레이크 / 인텔 AI Boost / 13TOPS / DDR5 / 16GB / M.2 / 1TB / NVIDIA / 그래픽 메모리: 8GB / 7.1채널 / 5Gbps 유선 / 802.11ax(Wi-Fi 6E) 무선 / 블루투스 / HDMI / DP포트 / USB3.x 10Gbps / USB3.x 5Gbps / USB C타입 5Gbps / 파워서플라이 / 미들타워 / 용도: 게임용 / Mystic Light,"16GB, M.2 512GB",1913740
101,영웅컴퓨터 영웅 게이밍프로 5646M R5 5600 RTX5050,5600 / RTX 5050 / (AMD) A520 / OS미포함 / 600W / AMD / 라이젠 5000시리즈 / 라이젠5 / 버미어 / DDR4 / 16GB / M.2 / 512GB / NVIDIA / 그래픽 메모리: 8GB / 1Gbps 유선 / HDMI / DP포트 / 파워서플라이 / 미들타워 / 어항형 / LED쿨러 / 용도: 게임용,"16GB, M.2 512GB",1149610
102,다나와표준PC DPG 게임용 260122,9800X3D / RTX 5060 Ti / (AMD) B850 / OS미포함 / 750W / AMD / 라이젠 9000시리즈 / 라이젠7 / 그래니트 릿지 / DDR5 / 16GB / M.2 / 1TB / NVIDIA / 그래픽 메모리: 16GB / 1Gbps 유선 / HDMI / DP포트 / 파워서플라이 / 미들타워 / 수랭쿨러 / LED쿨러 / 용도: 게임용,"16GB, M.2 1TB",3346680
103,타무즈 게이밍PC TZ330T6HBAA,7800X3D / RTX 5060 / (AMD) B650 / OS미포함 / 800W / AMD / 라이젠 7000시리즈 / 라이젠7 / 라파엘 / DDR5 / 16GB / M.2 / 1TB / NVIDIA / 그래픽 메모리: 8GB / 1Gbps 유선 / HDMI / DP포트 / USB3.x 5Gbps / 파워서플라이 / 미들타워 / 어항형 / 용도: 게임용,"16GB, M.2 1TB",1839220
104,다나와표준PC DPG 게임용 260223,9800X3D / RTX 5070 / (AMD) B850 / OS미포함 / 850W / AMD / 라이젠 9000시리즈 / 라이젠7 / 그래니트 릿지 / DDR5 / 16GB / M.2 / 1TB / NVIDIA / 그래픽 메모리: 12GB / 1Gbps 유선 / HDMI / DP포트 / 파워서플라이 / 미들타워 / 어항형 / 수랭쿨러 / LED쿨러 / 용도: 게임용,"16GB, M.2 1TB",3650000
105,STCOM STAI-V109 Win11Home,9600X / RTX 5060 Ti / (AMD) A620 / 윈도우11 / 700W / AMD / 라이젠 9000시리즈 / 라이젠5 / 그래니트 릿지 / DDR5 / 32GB / M.2 / 1TB / NVIDIA / 1Gbps 유선 / HDMI / DP포트 / 파워서플라이 / 미들타워 / 용도: 게임용,"32GB, M.2 1TB",2251300
106,영웅컴퓨터 울트라게이밍 U7270 270K RTX5070Ti,270K Plus / RTX 5070 Ti / (인텔) B860 / OS미포함 / 850W / 인텔 / 코어울트라 시리즈2 / 코어 울트라7 / 애로우레이크 / 인텔 AI Boost / 13TOPS / DDR5 / 32GB / M.2 / 1TB / NVIDIA / 그래픽 메모리: 16GB / 2.5Gbps 유선 / HDMI / DP포트 / USB3.x 10Gbps / USB3.x 5Gbps / USB C타입 40Gbps / 파워서플라이 / 미들타워 / 어항형 / 용도: 게임용,"32GB, M.2 1TB",3859660
107,영웅컴퓨터 영웅 H게이밍 4756T I7-14700F RTX5060Ti,i7-14700F / RTX 5060 Ti / (인텔) B760 / OS미포함 / 750W / 인텔 / 코어 14세대 / 코어i7 / 랩터레이크-R / DDR5 / 32GB / M.2 / 1TB / NVIDIA / 그래픽 메모리: 8GB / 1Gbps 유선 / HDMI / DP포트 / 파워서플라이 / 미들타워 / 어항형 / LED쿨러 / 용도: 게임용,"32GB, M.2 1TB",2339600
108,다나와표준PC 게임용 230816,i5-13400F / RTX 4060 / (인텔) B760 / OS미포함 / 850W / 인텔 / 코어 13세대 / 코어i5 / 엘더레이크 / DDR5 / 16GB / M.2 / 500GB / NVIDIA / 그래픽 메모리: 8GB / 1Gbps 유선 / HDMI / DP포트 / 파워서플라이 / 미들타워 / 용도: 게임용,"16GB, M.2 500GB",1333600
109,STCOM STCP-i9,9800X3D / RX 9070 XT / (AMD) B650E / OS미포함 / 850W / AMD / 라이젠 9000시리즈 / 라이젠7 / 그래니트 릿지 / DDR5 / 32GB / M.2 / 1TB / AMD / 그래픽 메모리: 16GB / 1Gbps 유선 / HDMI / DP포트 / 파워서플라이 / 미들타워 / 어항형 / LED쿨러 / 용도: 게임용,"32GB, M.2 1TB",3189000
110,다나와표준PC 전문가용 260125,265K / RTX 5060 Ti / (인텔) B860 / OS미포함 / 850W / 인텔 / 코어울트라 시리즈2 / 코어 울트라7 / 애로우레이크 / 인텔 AI Boost / 13TOPS / DDR5 / 16GB / M.2 / 1TB / NVIDIA / 그래픽 메모리: 16GB / 1Gbps 유선 / HDMI / DP포트 / 파워서플라이 / 미들타워 / 어항형 / 수랭쿨러 / 용도: 게임용,"16GB, M.2 1TB",3245260
111,STCOM 데스크프로 PC A56N56Ti 5600 5060 Ti,5600 / RTX 5060 Ti / (AMD) A520 / OS미포함 / 700W / AMD / 라이젠 5000시리즈 / 라이젠5 / 버미어 / DDR4 / 16GB / M.2 / 1TB / NVIDIA / 그래픽 메모리: 8GB / 1Gbps 유선 / HDMI / DP포트 / 파워서플라이 / 미들타워 / 용도: 게임용,"16GB, M.2 1TB",1473840
112,영웅컴퓨터 영웅 게이밍ZE 006,i5-12400F / RTX 3050 / (인텔) H610 / OS미포함 / 600W / 인텔 / 코어 12세대 / 코어i5 / 엘더레이크 / DDR4 / 16GB / M.2 / 256GB / NVIDIA / 그래픽 메모리: 6GB / 1Gbps 유선 / HDMI / DP포트 / DVI / 파워서플라이 / 미들타워 / LED쿨러 / 용도: 게임용,"16GB, M.2 256GB",1054810
113,다나와표준PC 게임용 260216,245K / RTX 3050 / (인텔) H810 / OS미포함 / 750W / 인텔 / 코어울트라 시리즈2 / 코어 울트라5 / 애로우레이크 / 인텔 AI Boost / 13TOPS / DDR5 / 16GB / M.2 / 1TB / NVIDIA / 그래픽 메모리: 6GB / 1Gbps 유선 / 파워서플라이 / 미들타워 / 어항형 / LED쿨러 / 용도: 게임용,"16GB, M.2 1TB",1950000
114,다나와표준PC 게임용 260112,7600 / RX 7600 / (AMD) B650 / OS미포함 / 1000W / AMD / 라이젠 7000시리즈 / 라이젠5 / 라파엘 / DDR5 / 16GB / M.2 / 1TB / AMD / 그래픽 메모리: 8GB / 1Gbps 유선 / 파워서플라이 / 미들타워 / LED쿨러 / 용도: 게임용,"16GB, M.2 1TB",1782250
115,STCOM STAI-V147,i5-14400F / RTX 5060 / (인텔) B760 / OS미포함 / 600W / 인텔 / 코어 14세대 / 코어i5 / 랩터레이크-R / DDR5 / 16GB / M.2 / 512GB / NVIDIA / 그래픽 메모리: 8GB / 1Gbps 유선 / HDMI / DP포트 / 파워서플라이 / 미들타워 / 용도: 게임용,"16GB, M.2 512GB",1453590
116,타무즈 게이밍PC TZ330S6GCAA,7500F / RTX 5060 Ti / (AMD) B650 / OS미포함 / 700W / AMD / 라이젠 7000시리즈 / 라이젠5 / 라파엘 / DDR5 / 16GB / M.2 / 512GB / NVIDIA / 그래픽 메모리: 8GB / 1Gbps 유선 / HDMI / DP포트 / USB3.x 5Gbps / 파워서플라이 / 미들타워 / 어항형 / 용도: 게임용,"16GB, M.2 512GB",1610310
117,다나와표준PC 게임용 251109,5600 / RX 9060 / (AMD) A520 / OS미포함 / 500W / AMD / 라이젠 5000시리즈 / 라이젠5 / 버미어 / DDR4 / 32GB / M.2 / 1TB / AMD / 그래픽 메모리: 8GB / 1Gbps 유선 / HDMI / DP포트 / 파워서플라이 / 미들타워 / 어항형 / LED쿨러 / 용도: 게임용,"32GB, M.2 1TB",1839530
118,MSI MAG Codex Z2 B7NVL A17 Win11Home,7500F / RTX 5060 / (AMD) B650 / 윈도우11 / 600W / AMD / 라이젠 7000시리즈 / 라이젠5 / 라파엘 / DDR5 / 16GB / M.2 / 1TB / NVIDIA / 그래픽 메모리: 8GB / 2.5Gbps 유선 / HDMI / DP포트 / USB3.x 10Gbps / USB3.x 5Gbps / 파워서플라이 / 미들타워 / LED쿨러 / 용도: 게임용,"16GB, M.2 1TB",1796960
119,다나와표준PC 게임용 250509,5600 / RX 6600 / (AMD) B450 / OS미포함 / 700W / AMD / 라이젠 5000시리즈 / 라이젠5 / 버미어 / DDR4 / 16GB / SSD / 240GB / AMD / 그래픽 메모리: 8GB / 1Gbps 유선 / 파워서플라이 / 미들타워 / 어항형 / LED쿨러 / 용도: 게임용,"16GB, SSD 240GB",1228000
120,다나와표준PC DPG 게임용 260224,9800X3D / RTX 5070 Ti / (AMD) B850 / OS미포함 / 1050W / AMD / 라이젠 9000시리즈 / 라이젠7 / 그래니트 릿지 / DDR5 / 16GB / M.2 / 1TB / NVIDIA / 그래픽 메모리: 16GB / 1Gbps 유선 / HDMI / DP포트 / 파워서플라이 / 미들타워 / 수랭쿨러 / LED쿨러 / 용도: 게임용,"16GB, M.2 1TB",3926990
121,영웅컴퓨터 영웅 울트라게이밍 9700TS R7 9700X RTX5070Ti,9700X / RTX 5070 Ti / (AMD) B650 / OS미포함 / 800W / AMD / 라이젠 9000시리즈 / 라이젠7 / 그래니트 릿지 / DDR5 / 32GB / M.2 / 1TB / NVIDIA / 그래픽 메모리: 16GB / 1Gbps 유선 / HDMI / DP포트 / 파워서플라이 / 미들타워 / 어항형 / 수랭쿨러 / LED쿨러 / 용도: 게임용,"32GB, M.2 1TB",3629640
122,MSI MAG CODEX R2 A5NVL I08,225F / RTX 5060 / (인텔) H810 / OS미포함 / 600W / 인텔 / 코어울트라 시리즈2 / 코어 울트라5 / 애로우레이크 / 인텔 AI Boost / 13TOPS / DDR5 / 16GB / M.2 / 2TB / NVIDIA / 그래픽 메모리: 8GB / 2.5Gbps 유선 / HDMI / DP포트 / USB3.x 5Gbps / 파워서플라이 / 미들타워 / LED쿨러 / 용도: 게임용,"16GB, M.2 2TB",1915710
123,다나와표준PC DPG 게임용 260124,9800X3D / RX 9070 XT / (AMD) B850 / OS미포함 / 850W / AMD / 라이젠 9000시리즈 / 라이젠7 / 그래니트 릿지 / DDR5 / 16GB / M.2 / 1TB / AMD / 그래픽 메모리: 16GB / 1Gbps 유선 / HDMI / DP포트 / 파워서플라이 / 미들타워 / 어항형 / 수랭쿨러 / LED쿨러 / 용도: 게임용,"16GB, M.2 1TB",3650920
124,STCOM STAI-V228,9600X / RTX 5060 Ti / (AMD) A620 / OS미포함 / 700W / AMD / 라이젠 9000시리즈 / 라이젠5 / 그래니트 릿지 / DDR5 / 32GB / M.2 / 2TB / NVIDIA / 그래픽 메모리: 8GB / 1Gbps 유선 / HDMI / DP포트 / 파워서플라이 / 미들타워 / 용도: 게임용,"32GB, M.2 2TB",2139910
125,MSI MAG CODEX R2 A5NVL I08 Win11Pro,225F / RTX 5060 / (인텔) H810 / 윈도우11 프로 / 600W / 인텔 / 코어울트라 시리즈2 / 코어 울트라5 / 애로우레이크 / 인텔 AI Boost / 13TOPS / DDR5 / 16GB / M.2 / 1TB / NVIDIA / 그래픽 메모리: 8GB / 2.5Gbps 유선 / HDMI / DP포트 / USB3.x 5Gbps / 파워서플라이 / 미들타워 / LED쿨러 / 용도: 게임용,"16GB, M.2 1TB",1778470
126,다나와표준PC 전문가용 260228,9950X3D / RTX 5070 Ti / (AMD) X870E / OS미포함 / 1200W / AMD / 라이젠 9000시리즈 / 라이젠9 / 그래니트 릿지 / DDR5 / 16GB / HDD:4TB / M.2 / 1TB / NVIDIA / 그래픽 메모리: 16GB / 1Gbps 유선 / HDMI / DP포트 / 파워서플라이 / 미들타워 / 어항형 / 수랭쿨러 / LED쿨러 / 용도: 게임용,"16GB, M.2 1TB + HDD 4TB",5775000
127,다나와표준PC 전문가용 260127,285K / RTX 5070 / (인텔) B860 / OS미포함 / 1000W / 인텔 / 코어울트라 시리즈2 / 코어 울트라9 / 애로우레이크 / 인텔 AI Boost / 13TOPS / DDR5 / 32GB / HDD:4TB / M.2 / 1TB / NVIDIA / 그래픽 메모리: 12GB / 1Gbps 유선 / HDMI / DP포트 / 파워서플라이 / 미들타워 / 어항형 / 수랭쿨러 / LED쿨러 / 용도: 게임용,"32GB, M.2 1TB + HDD 4TB",4711500
128,다나와표준PC DPG 게임용 230524,7800X3D / RTX 4070 / (AMD) B650 / OS미포함 / 750W / AMD / 라이젠 7000시리즈 / 라이젠7 / 라파엘 / DDR5 / 32GB / M.2 / 500GB / NVIDIA / 그래픽 메모리: 12GB / 1Gbps 유선 / HDMI / DP포트 / 파워서플라이 / 미들타워 / 용도: 게임용,"32GB, M.2 500GB",2356000
129,다나와표준PC 게임용 251019,7800X3D / RTX 5060 Ti / (AMD) B850 / OS미포함 / 850W / AMD / 라이젠 7000시리즈 / 라이젠7 / 라파엘 / DDR5 / 16GB / M.2 / 1TB / NVIDIA / 그래픽 메모리: 16GB / 1Gbps 유선 / HDMI / DP포트 / 파워서플라이 / 빅타워 / 어항형 / LED쿨러 / 용도: 게임용,"16GB, M.2 1TB",2710000
130,STCOM STAI-V177,9600X / RX 9060 XT / (AMD) A620 / OS미포함 / 700W / AMD / 라이젠 9000시리즈 / 라이젠5 / 그래니트 릿지 / DDR5 / 32GB / M.2 / 1TB / AMD / 그래픽 메모리: 16GB / 1Gbps 유선 / HDMI / DP포트 / 파워서플라이 / 미들타워 / 용도: 게임용,"32GB, M.2 1TB",2039640
131,다나와표준PC 게임용 260118,7800X3D / RX 9070 / (AMD) B850 / OS미포함 / 750W / AMD / 라이젠 7000시리즈 / 라이젠7 / 라파엘 / DDR5 / 16GB / M.2 / 1TB / AMD / 그래픽 메모리: 16GB / 1Gbps 유선 / HDMI / DP포트 / 파워서플라이 / 빅타워 / 어항형 / LED쿨러 / 용도: 게임용,"16GB, M.2 1TB",2809180
132,MSI MAG Codex R2 A5NVL I08 U5-225F RTX 5060 게이밍,225F / RTX 5060 / (인텔) H810 / OS미포함 / 600W / 인텔 / 코어울트라 시리즈2 / 코어 울트라5 / 애로우레이크 / 인텔 AI Boost / 13TOPS / DDR5 / 16GB / M.2 / 1TB / NVIDIA / 그래픽 메모리: 8GB / 2.5Gbps 유선 / HDMI / DP포트 / USB3.x 5Gbps / 파워서플라이 / 미들타워 / LED쿨러 / 용도: 게임용,"16GB, M.2 1TB",1598000
133,STCOM STAI-V116,7800X3D / RTX 5070 / (AMD) B650 / OS미포함 / 850W / AMD / 라이젠 7000시리즈 / 라이젠7 / 라파엘 / DDR5 / 16GB / M.2 / 512GB / NVIDIA / 1Gbps 유선 / HDMI / DP포트 / 파워서플라이 / 미들타워 / 용도: 게임용,"16GB, M.2 512GB",2612260
134,다나와표준PC 게임용 260212,i7-14700K / RTX 5060 / (인텔) B760 / OS미포함 / 800W / 인텔 / 코어 14세대 / 코어i7 / 랩터레이크-R / DDR5 / 16GB / M.2 / 1TB / NVIDIA / 그래픽 메모리: 8GB / 1Gbps 유선 / HDMI / DP포트 / 파워서플라이 / 미들타워 / LED쿨러 / 용도: 게임용,"16GB, M.2 1TB",2590000
135,영웅컴퓨터 영웅 게이밍울트라 9657,9600X / RTX 5070 / (AMD) B650 / OS미포함 / 800W / AMD / 라이젠 9000시리즈 / 라이젠5 / 그래니트 릿지 / DDR5 / 32GB / M.2 / 1TB / NVIDIA / 그래픽 메모리: 12GB / 1Gbps 유선 / HDMI / DP포트 / 파워서플라이 / 미들타워 / 어항형 / LED쿨러 / 용도: 게임용,"32GB, M.2 1TB",2659670
136,다나와표준PC 게임용 260219,7800X3D / RX 9060 XT / (AMD) B850 / OS미포함 / 750W / AMD / 라이젠 7000시리즈 / 라이젠7 / 라파엘 / DDR5 / 16GB / M.2 / 1TB / AMD / 그래픽 메모리: 16GB / 1Gbps 유선 / HDMI / DP포트 / 파워서플라이 / 빅타워 / 어항형 / LED쿨러 / 용도: 게임용,"16GB, M.2 1TB",2738070
137,다나와표준PC 게임용 260220,245K / RTX 5060 / (인텔) H810 / OS미포함 / 850W / 인텔 / 코어울트라 시리즈2 / 코어 울트라5 / 애로우레이크 / 인텔 AI Boost / 13TOPS / DDR5 / 16GB / M.2 / 1TB / NVIDIA / 그래픽 메모리: 8GB / 1Gbps 유선 / HDMI / DP포트 / 파워서플라이 / 미들타워 / 수랭쿨러 / LED쿨러 / 용도: 게임용,"16GB, M.2 1TB",2381490
138,영웅컴퓨터 영웅 울트라게이밍 9700XS,9700X / RTX 5080 / (AMD) B650 / OS미포함 / 900W / AMD / 라이젠 9000시리즈 / 라이젠7 / 그래니트 릿지 / DDR5 / 32GB / M.2 / 1TB / NVIDIA / 그래픽 메모리: 16GB / 1Gbps 유선 / HDMI / DP포트 / 파워서플라이 / 미들타워 / 어항형 / 수랭쿨러 / LED쿨러 / 용도: 게임용,"32GB, M.2 1TB",4323730
139,STCOM 데스크프로 PC A96N56Ti 9600X 5060 Ti,9600X / RTX 5060 Ti / (AMD) A620 / OS미포함 / 700W / AMD / 라이젠 9000시리즈 / 라이젠5 / 그래니트 릿지 / DDR5 / 16GB / M.2 / 512GB / NVIDIA / 그래픽 메모리: 8GB / 1Gbps 유선 / HDMI / DP포트 / 파워서플라이 / 미들타워 / 용도: 게임용,"16GB, M.2 512GB",1611830
140,영웅컴퓨터 영웅 울트라게이밍 플러스 001,7800X3D / RTX 5070 / (AMD) B650 / OS미포함 / 800W / AMD / 라이젠 7000시리즈 / 라이젠7 / 라파엘 / DDR5 / 32GB / M.2 / 1TB / NVIDIA / 그래픽 메모리: 12GB / 1Gbps 유선 / HDMI / DP포트 / 파워서플라이 / 미들타워 / 어항형 / 수랭쿨러 / LED쿨러 / 용도: 게임용,"32GB, M.2 1TB",2905740
141,다나와표준PC 게임용 251011,7500F / RTX 5060 / (AMD) B650 / OS미포함 / 600W / AMD / 라이젠 7000시리즈 / 라이젠5 / 라파엘 / DDR5 / 32GB / M.2 / 1TB / NVIDIA / 그래픽 메모리: 8GB / 1Gbps 유선 / HDMI / DP포트 / 파워서플라이 / 미들타워 / LED쿨러 / 용도: 게임용,"32GB, M.2 1TB",2370000
142,타무즈 게이밍PC TZ33ER8GCAA,225F / RTX 5060 Ti / (인텔) H810 / OS미포함 / 700W / 인텔 / 코어울트라 시리즈2 / 코어 울트라5 / 애로우레이크 / 인텔 AI Boost / 13TOPS / DDR5 / 16GB / M.2 / 1TB / NVIDIA / 그래픽 메모리: 8GB / 1Gbps 유선 / HDMI / DP포트 / USB3.x 5Gbps / 파워서플라이 / 미들타워 / 어항형 / 용도: 게임용,"16GB, M.2 1TB",1601700
143,STCOM STAI-V68,i5-14400F / GTX 1660 SUPER / (인텔) H610 / OS미포함 / 600W / 인텔 / 코어 14세대 / 코어i5 / 랩터레이크-R / DDR4 / 32GB / M.2 / 1TB / NVIDIA / 1Gbps 유선 / 파워서플라이 / 미들타워 / 용도: 게임용,"32GB, M.2 1TB",1423160
144,다나와표준PC 게임용 260109,7500F / RX 6600 / (AMD) B650 / OS미포함 / 800W / AMD / 라이젠 7000시리즈 / 라이젠5 / 라파엘 / DDR5 / 16GB / M.2 / 512GB / AMD / 그래픽 메모리: 8GB / 1Gbps 유선 / 파워서플라이 / 미들타워 / 어항형 / LED쿨러 / 용도: 게임용,"16GB, M.2 512GB",1572990
145,다나와표준PC DPG 게임용 260123,9800X3D / RX 9060 XT / (AMD) B850 / OS미포함 / 850W / AMD / 라이젠 9000시리즈 / 라이젠7 / 그래니트 릿지 / DDR5 / 16GB / M.2 / 1TB / AMD / 그래픽 메모리: 16GB / 1Gbps 유선 / HDMI / DP포트 / 파워서플라이 / 미들타워 / 수랭쿨러 / LED쿨러 / 용도: 게임용,"16GB, M.2 1TB",3245260
146,다나와표준PC 전문가용 260126,9900X3D / RTX 5060 Ti / (AMD) X870E / OS미포함 / 850W / AMD / 라이젠 9000시리즈 / 라이젠9 / 그래니트 릿지 / DDR5 / 16GB / HDD:4TB / M.2 / 1TB / NVIDIA / 그래픽 메모리: 16GB / 1Gbps 유선 / HDMI / DP포트 / 파워서플라이 / 미들타워 / 어항형 / 수랭쿨러 / LED쿨러 / 용도: 게임용,"16GB, M.2 1TB + HDD 4TB",4259410
147,다나와표준PC DPG 게임용 260121,245K / RTX 5060 Ti / (인텔) B860 / OS미포함 / 850W / 인텔 / 코어울트라 시리즈2 / 코어 울트라5 / 애로우레이크 / 인텔 AI Boost / 13TOPS / DDR5 / 16GB / M.2 / 1TB / NVIDIA / 그래픽 메모리: 16GB / 1Gbps 유선 / HDMI / DP포트 / 파워서플라이 / 미들타워 / 어항형 / LED쿨러 / 용도: 게임용,"16GB, M.2 1TB",2941020
148,다나와표준PC 게임용 260110,7500F / RX 9060 / (AMD) B650 / OS미포함 / 700W / AMD / 라이젠 7000시리즈 / 라이젠5 / 라파엘 / DDR5 / 16GB / M.2 / 1TB / AMD / 그래픽 메모리: 8GB / 1Gbps 유선 / HDMI / DP포트 / 파워서플라이 / 미들타워 / 어항형 / LED쿨러 / 용도: 게임용,"16GB, M.2 1TB",1989990
149,STCOM STAI-V145 Win11Home,i5-12400F / RTX 5060 / (인텔) H610 / 윈도우11 / 600W / 인텔 / 코어 12세대 / 코어i5 / 엘더레이크 / DDR4 / 16GB / M.2 / 512GB / NVIDIA / 그래픽 메모리: 8GB / 1Gbps 유선 / HDMI / DP포트 / 파워서플라이 / 미들타워 / 용도: 게임용,"16GB, M.2 512GB",1422320
150,다나와표준PC 전문가용 250528,9800X3D / RTX 5080 / (AMD) X870E / OS미포함 / 1000W / AMD / 라이젠 9000시리즈 / 라이젠7 / 그래니트 릿지 / DDR5 / 16GB / HDD:4TB / M.2 / 1TB / NVIDIA / 그래픽 메모리: 16GB / 1Gbps 유선 / 파워서플라이 / 미들타워 / 수랭쿨러 / LED쿨러 / 용도: 게임용,"16GB, M.2 1TB + HDD 4TB",5440810
151,영웅컴퓨터 영웅 울트라게이밍 플러스 P002,i9-14900KF / RTX 5070 / (인텔) B760 / OS미포함 / 800W / 인텔 / 코어 14세대 / 코어i9 / 랩터레이크-R / DDR5 / 32GB / M.2 / 1TB / NVIDIA / 그래픽 메모리: 12GB / 1Gbps 유선 / HDMI / DP포트 / 파워서플라이 / 미들타워 / 어항형 / LED쿨러 / 용도: 게임용,"32GB, M.2 1TB",3039600
152,다나와표준PC 게임용 250716,i5-14400F / RTX 5060 / (인텔) B760 / OS미포함 / 850W / 인텔 / 코어 14세대 / 코어i5 / 랩터레이크-R / DDR5 / 16GB / M.2 / 500GB / NVIDIA / 그래픽 메모리: 8GB / 1Gbps 유선 / 파워서플라이 / 미들타워 / LED쿨러 / 용도: 게임용,"16GB, M.2 500GB",1797000
153,타무즈 게이밍 TZ310N1GCAA,i5-14400F / RTX 5060 Ti / (인텔) H610 / OS미포함 / 700W / 인텔 / 코어 14세대 / 코어i5 / 랩터레이크-R / DDR4 / 16GB / M.2 / 512GB / NVIDIA / 1Gbps 유선 / HDMI / DP포트 / USB3.x 5Gbps / 파워서플라이 / 미들타워 / 용도: 게임용,"16GB, M.2 512GB",1440140
154,STCOM STAI-V176,7500F / RX 9060 XT / (AMD) A620 / OS미포함 / 600W / AMD / 라이젠 7000시리즈 / 라이젠5 / 라파엘 / DDR5 / 32GB / M.2 / 1TB / AMD / 그래픽 메모리: 16GB / 1Gbps 유선 / HDMI / DP포트 / 파워서플라이 / 미들타워 / 용도: 게임용,"32GB, M.2 1TB",1969300
155,다나와표준PC 전문가용 260128,9950X3D / RTX 5070 / (AMD) X870 / OS미포함 / 1200W / AMD / 라이젠 9000시리즈 / 라이젠9 / 그래니트 릿지 / DDR5 / 16GB / HDD:4TB / M.2 / 1TB / NVIDIA / 그래픽 메모리: 12GB / 1Gbps 유선 / HDMI / DP포트 / 파워서플라이 / 미들타워 / 어항형 / 수랭쿨러 / LED쿨러 / 용도: 게임용,"16GB, M.2 1TB + HDD 4TB",4360830
156,STCOM STAI-V107 Win11Home,7500F / RTX 5060 Ti / (AMD) A620 / 윈도우11 / 700W / AMD / 라이젠 7000시리즈 / 라이젠5 / 라파엘 / DDR5 / 32GB / M.2 / 1TB / NVIDIA / 1Gbps 유선 / HDMI / DP포트 / 파워서플라이 / 미들타워 / 용도: 게임용,"32GB, M.2 1TB",2108640
157,피씨스토어 베스트 게이밍PC 울트라 7 265K RTX5060Ti,265K / RTX 5060 Ti / (인텔) B860 / OS미포함 / 700W / 인텔 / 코어울트라 시리즈2 / 코어 울트라7 / 애로우레이크 / 인텔 AI Boost / 13TOPS / DDR5 / 16GB / M.2 / 500GB / NVIDIA / 그래픽 메모리: 8GB / 1Gbps 유선 / HDMI / DP포트 / 파워서플라이 / 미들타워 / 어항형 / LED쿨러 / 용도: 게임용,"16GB, M.2 500GB",2228800
158,영웅컴퓨터 영웅 H게이밍 U7267 265KF RTX5070,265KF / RTX 5070 / (인텔) B860 / OS미포함 / 750W / 인텔 / 코어울트라 시리즈2 / 코어 울트라7 / 애로우레이크 / 인텔 AI Boost / 13TOPS / DDR5 / 32GB / M.2 / 1TB / NVIDIA / 그래픽 메모리: 12GB / 1Gbps 유선 / HDMI / DP포트 / 파워서플라이 / 미들타워 / 어항형 / LED쿨러 / 용도: 게임용,"32GB, M.2 1TB",2809660
159,다나와표준PC 게임용 251017,9600 / RTX 5070 / (AMD) B850 / OS미포함 / 750W / AMD / 라이젠 9000시리즈 / 라이젠5 / 그래니트 릿지 / DDR5 / 16GB / M.2 / 1TB / NVIDIA / 그래픽 메모리: 12GB / 1Gbps 유선 / HDMI / DP포트 / 파워서플라이 / 미들타워 / 어항형 / LED쿨러 / 용도: 게임용,"16GB, M.2 1TB",2790000
160,다나와표준PC 게임용 230811,i3-13100F / RX 6600 / (인텔) B660 / OS미포함 / 700W / 인텔 / 코어 13세대 / 코어i3 / 랩터레이크 / DDR4 / 16GB / SSD / 250GB / AMD / 그래픽 메모리: 8GB / 1Gbps 유선 / HDMI / DP포트 / 파워서플라이 / 미들타워 / 용도: 게임용,"16GB, SSD 250GB",858940
161,다나와표준PC 게임용 260214,7500F / RTX 5060 / (AMD) B650 / OS미포함 / 850W / AMD / 라이젠 7000시리즈 / 라이젠5 / 라파엘 / DDR5 / 16GB / M.2 / 1TB / NVIDIA / 그래픽 메모리: 8GB / 1Gbps 유선 / HDMI / DP포트 / 파워서플라이 / 미들타워 / LED쿨러 / 용도: 게임용,"16GB, M.2 1TB",2050000
162,영웅컴퓨터 영웅 게이밍울트라 7556X 7500X3D RTX5060,7500X3D / RTX 5060 / (AMD) A620 / OS미포함 / 750W / AMD / 라이젠 7000시리즈 / 라이젠5 / 라파엘 / DDR5 / 32GB / M.2 / 1TB / NVIDIA / 그래픽 메모리: 8GB / 1Gbps 유선 / HDMI / DP포트 / USB3.x 5Gbps / 파워서플라이 / 미들타워 / 어항형 / LED쿨러 / 용도: 게임용,"32GB, M.2 1TB",1967040
163,다나와표준PC 게임용 251119,7800X3D / RTX 5060 Ti / (AMD) B850 / OS미포함 / 750W / AMD / 라이젠 7000시리즈 / 라이젠7 / 라파엘 / DDR5 / 16GB / M.2 / 1TB / NVIDIA / 그래픽 메모리: 16GB / 1Gbps 유선 / HDMI / DP포트 / 파워서플라이 / 미들타워 / 어항형 / LED쿨러 / 용도: 게임용,"16GB, M.2 1TB",3199990
164,다나와 게임용PC AMD R7-7800X3D RTX5070 S6103,7800X3D / RTX 5070 / (AMD) B650 / OS미포함 / 800W / AMD / 라이젠 7000시리즈 / 라이젠7 / 라파엘 / DDR5 / 16GB / M.2 / 500GB / NVIDIA / 그래픽 메모리: 12GB / 2.5Gbps 유선 / HDMI / DP포트 / USB3.x 10Gbps / USB3.x 5Gbps / USB C타입 10Gbps / 파워서플라이 / 미들타워 / 어항형 / 수랭쿨러 / LED쿨러 / 용도: 게임용,"16GB, M.2 500GB",3275000
165,다나와표준PC 게임용 250717,7800X3D / RTX 5060 Ti / (AMD) B850 / OS미포함 / 800W / AMD / 라이젠 7000시리즈 / 라이젠7 / 라파엘 / DDR5 / 16GB / M.2 / 1TB / NVIDIA / 그래픽 메모리: 8GB / 1Gbps 유선 / 파워서플라이 / 미들타워 / 용도: 게임용,"16GB, M.2 1TB",2650000
166,다나와표준PC 게임용 251215,9600X / RX 9060 XT / (AMD) B850 / OS미포함 / 800W / AMD / 라이젠 9000시리즈 / 라이젠5 / 그래니트 릿지 / DDR5 / 16GB / M.2 / 1TB / AMD / 그래픽 메모리: 8GB / 1Gbps 유선 / HDMI / DP포트 / 파워서플라이 / 미들타워 / 어항형 / LED쿨러 / 용도: 게임용,"16GB, M.2 1TB",2050000
167,STCOM AI 스펙트럼 PC I27N57TiHD8T 270K RTX5070Ti,270K Plus / RTX 5070 Ti / (인텔) B860 / OS미포함 / 850W / 인텔 / 코어울트라 시리즈2 / 코어 울트라7 / 애로우레이크 / 인텔 AI Boost / 13TOPS / DDR5 / 32GB / HDD:8TB / M.2 / 2TB / NVIDIA / 그래픽 메모리: 16GB / 2.5Gbps 유선 / 802.11be(Wi-Fi 7) 무선 / 블루투스 / HDMI / DP포트 / 파워서플라이 / 미들타워 / 어항형 / 수랭쿨러 / LED쿨러 / 용도: 게임용,"32GB, M.2 2TB + HDD 8TB",4490880
168,다나와표준PC 게임용 260119,7800X3D / RX 9070 XT / (AMD) B850 / OS미포함 / 850W / AMD / 라이젠 7000시리즈 / 라이젠7 / 라파엘 / DDR5 / 16GB / M.2 / 1TB / AMD / 그래픽 메모리: 16GB / 1Gbps 유선 / HDMI / DP포트 / 파워서플라이 / 미들타워 / LED쿨러 / 용도: 게임용,"16GB, M.2 1TB",3245130
169,다나와표준PC 게임용 260111,7500F / RTX 5050 / (AMD) B650 / OS미포함 / 850W / AMD / 라이젠 7000시리즈 / 라이젠5 / 라파엘 / DDR5 / 16GB / M.2 / 1TB / NVIDIA / 그래픽 메모리: 8GB / 1Gbps 유선 / HDMI / DP포트 / 파워서플라이 / 미들타워 / LED쿨러 / 용도: 게임용,"16GB, M.2 1TB",1974290
170,제이씨현 제플PC 게이밍 익스프레션 G27,245K / RTX 5060 / (인텔) B860 / OS미포함 / 700W / 인텔 / 코어울트라 시리즈2 / 코어 울트라5 / 애로우레이크 / 인텔 AI Boost / 13TOPS / DDR5 / 32GB / M.2 / 1TB / NVIDIA / 그래픽 메모리: 8GB / 1Gbps 유선 / HDMI / DP포트 / 파워서플라이 / 미들타워 / 용도: 게임용,"32GB, M.2 1TB",1690000
171,포유컴퓨터 퍼포먼스PC 54 i7 14700F RTX5070Ti,i7-14700F / RTX 5070 Ti / (인텔) B760 / OS미포함 / 850W / 인텔 / 코어 14세대 / 코어i7 / 랩터레이크-R / DDR5 / 16GB / M.2 / 500GB / NVIDIA / 1Gbps 유선 / HDMI / DP포트 / 파워서플라이 / 미들타워 / 용도: 게임용,"16GB, M.2 500GB",3313920
172,다나와표준PC 게임용 260218,9600X / RTX 5060 Ti / (AMD) B850 / OS미포함 / 850W / AMD / 라이젠 9000시리즈 / 라이젠5 / 그래니트 릿지 / DDR5 / 16GB / M.2 / 1TB / NVIDIA / 그래픽 메모리: 16GB / 1Gbps 유선 / HDMI / DP포트 / 파워서플라이 / 미들타워 / 어항형 / LED쿨러 / 용도: 게임용,"16GB, M.2 1TB",2950000
173,다나와표준PC 게임용 250218,7800X3D / RTX 4060 / (AMD) B650 / OS미포함 / 700W / AMD / 라이젠 7000시리즈 / 라이젠7 / 라파엘 / DDR5 / 16GB / M.2 / 500GB / NVIDIA / 그래픽 메모리: 8GB / 1Gbps 유선 / HDMI / DP포트 / 파워서플라이 / 미들타워 / LED쿨러 / 용도: 게임용,"16GB, M.2 500GB",2903720
174,다나와표준PC 게임용 250512,i3-14100F / RTX 3050 / (인텔) H610 / OS미포함 / 800W / 인텔 / 코어 14세대 / 코어i3 / 랩터레이크-R / DDR5 / 16GB / M.2 / 512GB / NVIDIA / 그래픽 메모리: 6GB / 1Gbps 유선 / 파워서플라이 / 미들타워 / 어항형 / LED쿨러 / 용도: 게임용,"16GB, M.2 512GB",1390000
175,STCOM STAI-V53,i5-12400F / RX 580 / (인텔) B760 / OS미포함 / 600W / 인텔 / 코어 12세대 / 코어i5 / 엘더레이크 / DDR5 / 32GB / M.2 / 1TB / AMD / 1Gbps 유선 / 파워서플라이 / 미들타워 / 용도: 게임용,"32GB, M.2 1TB",1499600
176,영웅컴퓨터 게이밍울트라 7756 7700X3D RTX5060Ti,7700X3D / RTX 5060 Ti / (AMD) A620 / OS미포함 / 700W / AMD / 라이젠 7000시리즈 / 라이젠7 / 라파엘 / DDR5 / 32GB / M.2 / 1TB / NVIDIA / 그래픽 메모리: 8GB / 1Gbps 유선 / HDMI / DP포트 / 파워서플라이 / 미들타워 / 어항형 / LED쿨러 / 용도: 게임용,"32GB, M.2 1TB",2199620
177,영웅컴퓨터 영웅 게이밍울트라 7856 R7 7800X3D RTX5060,7800X3D / RTX 5060 / (AMD) A620 / OS미포함 / 700W / AMD / 라이젠 7000시리즈 / 라이젠7 / 라파엘 / DDR5 / 32GB / M.2 / 1TB / NVIDIA / 그래픽 메모리: 8GB / 1Gbps 유선 / HDMI / DP포트 / 파워서플라이 / 미들타워 / 어항형 / LED쿨러 / 용도: 게임용,"32GB, M.2 1TB",2059730
178,STCOM STAI-V138 Win11Home,5600 / RTX 5060 / (AMD) A520 / 윈도우11 / 600W / AMD / 라이젠 5000시리즈 / 라이젠5 / 버미어 / DDR4 / 16GB / M.2 / 512GB / NVIDIA / 그래픽 메모리: 8GB / 1Gbps 유선 / HDMI / DP포트 / 파워서플라이 / 미들타워 / 용도: 게임용,"16GB, M.2 512GB",1420340
179,다나와표준PC 게임용 251218,7800X3D / RX 9060 XT / (AMD) B650 / OS미포함 / 850W / AMD / 라이젠 7000시리즈 / 라이젠7 / 라파엘 / DDR5 / 16GB / M.2 / 1TB / AMD / 그래픽 메모리: 8GB / 1Gbps 유선 / HDMI / DP포트 / 파워서플라이 / 미들타워 / LED쿨러 / 용도: 게임용,"16GB, M.2 1TB",2220000
180,STCOM STAI-V137,9600X / RTX 5060 / (AMD) A620 / OS미포함 / 600W / AMD / 라이젠 9000시리즈 / 라이젠5 / 그래니트 릿지 / DDR5 / 16GB / M.2 / 512GB / NVIDIA / 그래픽 메모리: 8GB / 1Gbps 유선 / HDMI / DP포트 / 파워서플라이 / 미들타워 / 용도: 게임용,"16GB, M.2 512GB",1479350
181,다나와표준PC 게임용 260217,9600X / RTX 5060 / (AMD) B650 / OS미포함 / 850W / AMD / 라이젠 9000시리즈 / 라이젠5 / 그래니트 릿지 / DDR5 / 16GB / M.2 / 1TB / NVIDIA / 그래픽 메모리: 8GB / 1Gbps 유선 / HDMI / DP포트 / 파워서플라이 / 미들타워 / 어항형 / LED쿨러 / 용도: 게임용,"16GB, M.2 1TB",2250000
182,다나와 게임용PC 인텔 U7-265K RTX5060 Ti S6107,265K / RTX 5060 Ti / (인텔) B860 / OS미포함 / 650W / 인텔 / 코어울트라 시리즈2 / 코어 울트라7 / 애로우레이크 / 인텔 AI Boost / 13TOPS / DDR5 / 16GB / M.2 / 1TB / NVIDIA / 그래픽 메모리: 8GB / 5Gbps 유선 / 802.11be(Wi-Fi 7) 무선 / 블루투스 / HDMI / DP포트 / USB3.x 10Gbps / USB3.x 5Gbps / USB C타입 5Gbps / 썬더볼트4 / 파워서플라이 / 미들타워 / 어항형 / LED쿨러 / 용도: 게임용,"16GB, M.2 1TB",2800000
183,다나와표준PC 전문가용 260226,9900X3D / RTX 5070 / (AMD) X870 / OS미포함 / 1000W / AMD / 라이젠 9000시리즈 / 라이젠9 / 그래니트 릿지 / DDR5 / 16GB / HDD:4TB / M.2 / 1TB / NVIDIA / 그래픽 메모리: 12GB / 1Gbps 유선 / HDMI / DP포트 / 파워서플라이 / 미들타워 / 수랭쿨러 / LED쿨러 / 용도: 게임용,"16GB, M.2 1TB + HDD 4TB",4400000
184,다나와표준PC DPG 게임용 260221,265K / RTX 5060 Ti / (인텔) B860 / OS미포함 / 850W / 인텔 / 코어울트라 시리즈2 / 코어 울트라7 / 애로우레이크 / 인텔 AI Boost / 13TOPS / DDR5 / 16GB / M.2 / 1TB / NVIDIA / 그래픽 메모리: 16GB / 1Gbps 유선 / HDMI / DP포트 / 파워서플라이 / 미들타워 / LED쿨러 / 용도: 게임용,"16GB, M.2 1TB",3350000
185,다나와표준PC 게임용 260215,7500F / RX 9060 XT / (AMD) B850 / OS미포함 / 800W / AMD / 라이젠 7000시리즈 / 라이젠5 / 라파엘 / DDR5 / 16GB / M.2 / 1TB / AMD / 그래픽 메모리: 16GB / 1Gbps 유선 / HDMI / DP포트 / 파워서플라이 / 미들타워 / 어항형 / 용도: 게임용,"16GB, M.2 1TB",2400000
186,다나와표준PC 전문가용 250927,285K / RTX 5070 / (인텔) Z890 / OS미포함 / 1000W / 인텔 / 코어울트라 시리즈2 / 코어 울트라9 / 애로우레이크 / 인텔 AI Boost / 13TOPS / DDR5 / 32GB / HDD:4TB / M.2 / 1TB / NVIDIA / 그래픽 메모리: 12GB / 1Gbps 유선 / HDMI / DP포트 / 파워서플라이 / 미들타워 / 어항형 / 수랭쿨러 / LED쿨러 / 용도: 게임용,"32GB, M.2 1TB + HDD 4TB",4500000
187,STCOM STAI-V109,9600X / RTX 5060 Ti / (AMD) A620 / OS미포함 / 700W / AMD / 라이젠 9000시리즈 / 라이젠5 / 그래니트 릿지 / DDR5 / 32GB / M.2 / 1TB / NVIDIA / 1Gbps 유선 / HDMI / DP포트 / 파워서플라이 / 미들타워 / 용도: 게임용,"32GB, M.2 1TB",2051590
188,다나와표준PC 게임용 260211,7500F / RX 7600 / (AMD) B650 / OS미포함 / 1000W / AMD / 라이젠 7000시리즈 / 라이젠5 / 라파엘 / DDR5 / 16GB / M.2 / 1TB / AMD / 그래픽 메모리: 8GB / 1Gbps 유선 / HDMI / DP포트 / 파워서플라이 / 미들타워 / 어항형 / LED쿨러 / 용도: 게임용,"16GB, M.2 1TB",1974290
189,다나와표준PC DPG 게임용 250423,225F / RTX 5070 / (인텔) Z890 / OS미포함 / 750W / 인텔 / 코어울트라 시리즈2 / 코어 울트라5 / 애로우레이크 / 인텔 AI Boost / 13TOPS / DDR5 / 16GB / M.2 / 1TB / NVIDIA / 그래픽 메모리: 12GB / 1Gbps 유선 / 파워서플라이 / 미들타워 / 어항형 / 수랭쿨러 / LED쿨러 / 용도: 게임용,"16GB, M.2 1TB",3492800
190,피씨스토어 일사천리 게이밍 i5 14600KF RTX5060,i5-14600KF / RTX 5060 / (인텔) B760 / OS미포함 / 700W / 인텔 / 코어 14세대 / 코어i5 / 랩터레이크-R / DDR5 / 16GB / M.2 / 500GB / NVIDIA / 그래픽 메모리: 8GB / 1Gbps 유선 / HDMI / DP포트 / 파워서플라이 / 미들타워 / LED쿨러 / 용도: 게임용,"16GB, M.2 500GB",1896670
191,다나와표준PC 게임용 250916,i5-14400F / RTX 5070 Ti / (인텔) B760 / OS미포함 / 850W / 인텔 / 코어 14세대 / 코어i5 / 랩터레이크-R / DDR5 / 16GB / M.2 / 500GB / NVIDIA / 그래픽 메모리: 16GB / 1Gbps 유선 / HDMI / DP포트 / 파워서플라이 / 미들타워 / 어항형 / LED쿨러 / 용도: 게임용,"16GB, M.2 500GB",3230000
192,다나와표준PC DPG 게임용 250824,9800X3D / RTX 5070 / (AMD) X870E / OS미포함 / 1050W / AMD / 라이젠 9000시리즈 / 라이젠7 / 그래니트 릿지 / DDR5 / 16GB / M.2 / 500GB / NVIDIA / 그래픽 메모리: 12GB / 1Gbps 유선 / 파워서플라이 / 미들타워 / 어항형 / 수랭쿨러 / LED쿨러 / 용도: 게임용,"16GB, M.2 500GB",3520000
193,STCOM STAI-V149 Win11Home,i5-14400F / RTX 5060 / (인텔) H610 / 윈도우11 / 600W / 인텔 / 코어 14세대 / 코어i5 / 랩터레이크-R / DDR4 / 16GB / M.2 / 512GB / NVIDIA / 그래픽 메모리: 8GB / 1Gbps 유선 / HDMI / DP포트 / 파워서플라이 / 미들타워 / 용도: 게임용,"16GB, M.2 512GB",1524680
194,타무즈 게이밍PC TZ33ER8FBAA,225F / RTX 5060 / (인텔) H810 / OS미포함 / 600W / 인텔 / 코어울트라 시리즈2 / 코어 울트라5 / 애로우레이크 / 인텔 AI Boost / 13TOPS / DDR5 / 16GB / M.2 / 1TB / NVIDIA / 그래픽 메모리: 8GB / 1Gbps 유선 / HDMI / DP포트 / USB3.x 5Gbps / 파워서플라이 / 미들타워 / 어항형 / 용도: 게임용,"16GB, M.2 1TB",1505610
195,다나와표준PC 온라인강의용 251005,8600G / 760M / (AMD) A620 / OS미포함 / 700W / AMD / 라이젠 8000시리즈 / 라이젠5 / 피닉스 / DDR5 / 32GB / SSD / 240GB / AMD / 1Gbps 유선 / 파워서플라이 / 미들타워 / LED쿨러 / 용도: 게임용,"32GB, SSD 240GB",1350000
196,다나와표준PC 전문가용 260225,285K / RTX 5060 Ti / (인텔) B860 / OS미포함 / 850W / 인텔 / 코어울트라 시리즈2 / 코어 울트라9 / 애로우레이크 / 인텔 AI Boost / 13TOPS / DDR5 / 16GB / M.2 / 1TB / NVIDIA / 그래픽 메모리: 8GB / 1Gbps 유선 / HDMI / DP포트 / 파워서플라이 / 미들타워 / 어항형 / 수랭쿨러 / LED쿨러 / 용도: 게임용,"16GB, M.2 1TB",3850000
197,다나와표준PC 게임용 260209,7400F / RX 6600 / (AMD) B650 / OS미포함 / 800W / AMD / 라이젠 7000시리즈 / 라이젠5 / 라파엘 / DDR5 / 16GB / M.2 / 1TB / AMD / 그래픽 메모리: 8GB / 1Gbps 유선 / 파워서플라이 / 미들타워 / 어항형 / LED쿨러 / 용도: 게임용,"16GB, M.2 1TB",1601000
198,다나와표준PC 게임용 260115,9600X / RX 9060 XT / (AMD) B850 / OS미포함 / 800W / AMD / 라이젠 9000시리즈 / 라이젠5 / 그래니트 릿지 / DDR5 / 16GB / M.2 / 1TB / AMD / 그래픽 메모리: 16GB / 1Gbps 유선 / HDMI / DP포트 / 파워서플라이 / 미들타워 / 어항형 / LED쿨러 / 용도: 게임용,"16GB, M.2 1TB",2248000
199,다나와표준PC 게임용 260116,245K / RTX 5050 / (인텔) H810 / OS미포함 / 850W / 인텔 / 코어울트라 시리즈2 / 코어 울트라5 / 애로우레이크 / 인텔 AI Boost / 13TOPS / DDR5 / 16GB / M.2 / 1TB / NVIDIA / 그래픽 메모리: 8GB / 1Gbps 유선 / HDMI / DP포트 / 파워서플라이 / 미들타워 / 어항형 / LED쿨러 / 용도: 게임용,"16GB, M.2 1TB",1780000
200,포유컴퓨터 퍼포먼스PC 36 R5 9600X RTX5060,9600X / RTX 5060 / (AMD) B850 / OS미포함 / 700W / AMD / 라이젠 9000시리즈 / 라이젠5 / 그래니트 릿지 / DDR5 / 16GB / M.2 / 500GB / NVIDIA / 1Gbps 유선 / HDMI / DP포트 / 파워서플라이 / 미들타워 / LED쿨러 / 용도: 게임용,"16GB, M.2 500GB",4478390
201,MSI MAG CODEX R2 A5NVM Win11Pro,225F / RTX 5060 Ti / (인텔) H810 / 윈도우11 프로 / 600W / 인텔 / 코어울트라 시리즈2 / 코어 울트라5 / 애로우레이크 / 인텔 AI Boost / 13TOPS / DDR5 / 16GB / M.2 / 1TB / NVIDIA / 그래픽 메모리: 8GB / 2.5Gbps 유선 / HDMI / DP포트 / USB3.x 5Gbps / 파워서플라이 / 미들타워 / LED쿨러 / 용도: 게임용 / 구성변경상품,"16GB, M.2 1TB",1897190
202,포유컴퓨터 퍼포먼스PC 31 i5 14400F RTX5060,i5-14400F / RTX 5060 / (인텔) H610 / OS미포함 / 600W / 인텔 / 코어 14세대 / 코어i5 / 랩터레이크-R / DDR5 / 16GB / M.2 / 500GB / NVIDIA / 1Gbps 유선 / HDMI / DP포트 / 파워서플라이 / 미들타워 / LED쿨러 / 용도: 게임용,"16GB, M.2 500GB",1522560
203,다나와표준PC 게임용 250516,i5-14400F / RX 7600 / (인텔) B760 / OS미포함 / 800W / 인텔 / 코어 14세대 / 코어i5 / 랩터레이크-R / DDR5 / 16GB / M.2 / 512GB / AMD / 그래픽 메모리: 8GB / 1Gbps 유선 / 파워서플라이 / 미들타워 / 어항형 / LED쿨러 / 용도: 게임용,"16GB, M.2 512GB",1730000
204,영웅컴퓨터 게이밍울트라 7756 7700X3D RTX5060,7700X3D / RTX 5060 / (AMD) A620 / OS미포함 / 700W / AMD / 라이젠 7000시리즈 / 라이젠7 / 라파엘 / DDR5 / 32GB / M.2 / 1TB / NVIDIA / 그래픽 메모리: 8GB / 1Gbps 유선 / HDMI / DP포트 / 파워서플라이 / 미들타워 / 어항형 / LED쿨러 / 용도: 게임용,"32GB, M.2 1TB",2059630
205,영웅컴퓨터 영웅 게이밍울트라 7556G,7500F / RTX 5060 / (AMD) A620 / OS미포함 / 600W / AMD / 라이젠 7000시리즈 / 라이젠5 / 라파엘 / DDR5 / 16GB / M.2 / 500GB / NVIDIA / 그래픽 메모리: 8GB / 1Gbps 유선 / HDMI / DP포트 / 파워서플라이 / 미들타워 / 어항형 / LED쿨러 / 용도: 게임용,"16GB, M.2 512GB",1449680
206,영웅컴퓨터 게이밍울트라 7456 R5 7400F RTX5060,7400F / RTX 5060 / (AMD) A620 / OS미포함 / 600W / AMD / 라이젠 7000시리즈 / 라이젠5 / 라파엘 / DDR5 / 16GB / M.2 / 512GB / NVIDIA / 그래픽 메모리: 8GB / 1Gbps 유선 / HDMI / DP포트 / 파워서플라이 / 미들타워 / LED쿨러 / 용도: 게임용,"16GB, M.2 512GB",1429670
207,다나와표준PC 게임용 250913,9600X / RTX 5060 / (AMD) B850 / OS미포함 / 700W / AMD / 라이젠 9000시리즈 / 라이젠5 / 그래니트 릿지 / DDR5 / 16GB / M.2 / 500GB / NVIDIA / 그래픽 메모리: 8GB / 1Gbps 유선 / HDMI / DP포트 / 파워서플라이 / 미들타워 / LED쿨러 / 용도: 게임용,"16GB, M.2 500GB",1979000
208,다나와표준PC 온라인강의용 250908,i5-12400F / RTX 5060 / (인텔) B760 / OS미포함 / 600W / 인텔 / 코어 12세대 / 코어i5 / 엘더레이크 / DDR5 / 16GB / M.2 / 1TB / NVIDIA / 그래픽 메모리: 8GB / 1Gbps 유선 / HDMI / DP포트 / 파워서플라이 / 미들타워 / LED쿨러 / 용도: 게임용,"16GB, M.2 1TB",1760000
209,STCOM STAI-V178,7500F / RX 9070 XT / (AMD) A620 / OS미포함 / 850W / AMD / 라이젠 7000시리즈 / 라이젠5 / 라파엘 / DDR5 / 32GB / M.2 / 1TB / AMD / 그래픽 메모리: 16GB / 1Gbps 유선 / HDMI / DP포트 / 파워서플라이 / 미들타워 / 용도: 게임용,"32GB, M.2 1TB",2508860
210,STCOM STAI-V54,i5-12400F / RX 7600 / (인텔) B760 / OS미포함 / 600W / 인텔 / 코어 12세대 / 코어i5 / 엘더레이크 / DDR5 / 16GB / M.2 / 512GB / AMD / 1Gbps 유선 / 파워서플라이 / 미들타워 / 용도: 게임용,"16GB, M.2 512GB",1277880
211,STCOM STCP-AA31,9800X3D / RTX 5070 / (AMD) B850 / OS미포함 / 800W / AMD / 라이젠 9000시리즈 / 라이젠7 / 그래니트 릿지 / DDR5 / 32GB / M.2 / 2TB / NVIDIA / 그래픽 메모리: 12GB / 1Gbps 유선 / HDMI / DP포트 / 파워서플라이 / 미들타워 / 어항형 / 용도: 게임용,"32GB, M.2 2TB",3530000
212,STCOM STAI-V105 Win11Home,5600 / RTX 5060 Ti / (AMD) A520 / 윈도우11 / 700W / AMD / 라이젠 5000시리즈 / 라이젠5 / 버미어 / DDR4 / 32GB / M.2 / 1TB / NVIDIA / 1Gbps 유선 / HDMI / DP포트 / 파워서플라이 / 미들타워 / 용도: 게임용,"32GB, M.2 1TB",1866840
213,STCOM STAI-V25,7500F / RX 7600 / (AMD) B650 / OS미포함 / 600W / AMD / 라이젠 7000시리즈 / 라이젠5 / 라파엘 / DDR5 / 16GB / M.2 / 512GB / AMD / 1Gbps 유선 / 파워서플라이 / 미들타워 / 용도: 게임용,"16GB, M.2 512GB",1434280
214,STCOM 데스크프로 PC A56N56 5600 5060,5600 / RTX 5060 / (AMD) A520 / OS미포함 / 700W / AMD / 라이젠 5000시리즈 / 라이젠5 / 버미어 / DDR4 / 16GB / M.2 / 512GB / NVIDIA / 그래픽 메모리: 8GB / 1Gbps 유선 / HDMI / DP포트 / 파워서플라이 / 미들타워 / 용도: 게임용,"16GB, M.2 512GB",1241990
215,STCOM STAI-V52,i5-12400F / RX 580 / (인텔) B760 / OS미포함 / 600W / 인텔 / 코어 12세대 / 코어i5 / 엘더레이크 / DDR5 / 16GB / M.2 / 512GB / AMD / 1Gbps 유선 / 파워서플라이 / 미들타워 / 용도: 게임용,"16GB, M.2 512GB",1047880
216,다나와표준PC 게임용 251118,9700X / RX 9070 / (AMD) B850 / OS미포함 / 850W / AMD / 라이젠 9000시리즈 / 라이젠7 / 그래니트 릿지 / DDR5 / 16GB / M.2 / 1TB / AMD / 그래픽 메모리: 16GB / 1Gbps 유선 / HDMI / DP포트 / 파워서플라이 / 미들타워 / 어항형 / LED쿨러 / 용도: 게임용,"16GB, M.2 1TB",2850000
217,다나와표준PC 게임용 260213,7500F / RX 9060 / (AMD) B650 / OS미포함 / 700W / AMD / 라이젠 7000시리즈 / 라이젠5 / 라파엘 / DDR5 / 16GB / M.2 / 1TB / AMD / 그래픽 메모리: 8GB / 1Gbps 유선 / HDMI / DP포트 / 파워서플라이 / 미들타워 / LED쿨러 / 용도: 게임용,"16GB, M.2 1TB",2050000
218,다나와표준PC 게임용 250611,7500F / RTX 3050 / (AMD) B650 / OS미포함 / 800W / AMD / 라이젠 7000시리즈 / 라이젠5 / 라파엘 / DDR5 / 16GB / M.2 / 500GB / NVIDIA / 그래픽 메모리: 6GB / 1Gbps 유선 / 파워서플라이 / 미들타워 / 어항형 / LED쿨러 / 용도: 게임용,"16GB, M.2 500GB",1570000
219,STCOM STAI-V66,i5-12400F / RX 580 / (인텔) H610 / OS미포함 / 600W / 인텔 / 코어 12세대 / 코어i5 / 엘더레이크 / DDR4 / 32GB / M.2 / 1TB / AMD / 1Gbps 유선 / 파워서플라이 / 미들타워 / 용도: 게임용,"32GB, M.2 1TB",1265030
220,피씨스토어 베스트 게이밍 i5 13400F RTX5060,i5-13400F / RTX 5060 / (인텔) H610 / OS미포함 / 700W / 인텔 / 코어 13세대 / 코어i5 / 랩터레이크 / DDR5 / 16GB / M.2 / 1TB / NVIDIA / 그래픽 메모리: 8GB / 1Gbps 유선 / HDMI / DP포트 / 파워서플라이 / 미들타워 / LED쿨러 / 용도: 게임용,"16GB, M.2 1TB",1788590
221,다나와표준PC 전문가용 250928,9950X3D / RTX 5080 / (AMD) X870E / OS미포함 / 1200W / AMD / 라이젠 9000시리즈 / 라이젠9 / 그래니트 릿지 / DDR5 / 32GB / HDD:4TB / M.2 / 1TB / NVIDIA / 그래픽 메모리: 16GB / 1Gbps 유선 / HDMI / DP포트 / 파워서플라이 / 미들타워 / 어항형 / 수랭쿨러 / LED쿨러 / 용도: 게임용,"32GB, M.2 1TB + HDD 4TB",7700000
222,STCOM STAI-V144,9600X / RTX 5060 / (AMD) A620 / OS미포함 / 600W / AMD / 라이젠 9000시리즈 / 라이젠5 / 그래니트 릿지 / DDR5 / 32GB / M.2 / 1TB / NVIDIA / 그래픽 메모리: 8GB / 1Gbps 유선 / HDMI / DP포트 / 파워서플라이 / 미들타워 / 용도: 게임용,"32GB, M.2 1TB",1891510
223,STCOM STAI-V70,i5-14400F / RX 580 / (인텔) H610 / OS미포함 / 600W / 인텔 / 코어 14세대 / 코어i5 / 랩터레이크-R / DDR4 / 32GB / M.2 / 1TB / AMD / 1Gbps 유선 / 파워서플라이 / 미들타워 / 용도: 게임용,"32GB, M.2 1TB",1331040
224,영웅컴퓨터 울트라게이밍 P007 R7 7800X3D RTX5080,7800X3D / RTX 5080 / (AMD) B650 / OS미포함 / 900W / AMD / 라이젠 7000시리즈 / 라이젠7 / 라파엘 / DDR5 / 32GB / M.2 / 1TB / NVIDIA / 그래픽 메모리: 16GB / 1Gbps 유선 / HDMI / DP포트 / 파워서플라이 / 미들타워 / 어항형 / LED쿨러 / 용도: 게임용,"32GB, M.2 1TB",4319630
225,피씨스토어 베스트 게이밍 i5 13400F RTX3050,i5-13400F / RTX 3050 / (인텔) H610 / OS미포함 / 600W / 인텔 / 코어 13세대 / 코어i5 / 랩터레이크 / DDR5 / 16GB / M.2 / 500GB / NVIDIA / 그래픽 메모리: 6GB / 1Gbps 유선 / HDMI / DP포트 / 파워서플라이 / 미들타워 / 어항형 / LED쿨러 / 용도: 게임용,"16GB, M.2 500GB",1290390
226,다나와표준PC 게임용 250410,7500F / RTX 3050 / (AMD) A620 / OS미포함 / 750W / AMD / 라이젠 7000시리즈 / 라이젠5 / 라파엘 / DDR5 / 16GB / M.2 / 256GB / NVIDIA / 그래픽 메모리: 6GB / 1Gbps 유선 / 파워서플라이 / 미들타워 / 어항형 / LED쿨러 / 용도: 게임용,"16GB, M.2 256GB",1380000
227,STCOM STAI-V46,9800X3D / RX 7800 XT / (AMD) B650 / OS미포함 / 700W / AMD / 라이젠 9000시리즈 / 라이젠7 / 그래니트 릿지 / DDR5 / 32GB / M.2 / 1TB / AMD / 1Gbps 유선 / 파워서플라이 / 미들타워 / 용도: 게임용,"32GB, M.2 1TB",2870460
228,MSI MAG 코덱스 X5 11TGK-R3070,i7-11700KF / RTX 3070 / (인텔) Z590 / 윈도우10 / 850W / 인텔 / 코어 11세대 / 코어i7 / 로켓레이크S / DDR4 / 16GB / M.2 / 512GB / NVIDIA / 그래픽 메모리: 8GB / 7.1채널 / 1Gbps 유선 / 802.11ax(Wi-Fi 6) 무선 / 블루투스 / USB3.x 10Gbps / USB3.x 5Gbps / USB C타입 5Gbps / 파워서플라이 / 미들타워 / 용도: 게임용,"16GB, M.2 512GB",2789990
229,STCOM STAI-V51,i5-12400F / GTX 1660 SUPER / (인텔) B760 / OS미포함 / 600W / 인텔 / 코어 12세대 / 코어i5 / 엘더레이크 / DDR5 / 32GB / M.2 / 1TB / NVIDIA / 1Gbps 유선 / 파워서플라이 / 미들타워 / 용도: 게임용,"32GB, M.2 1TB",1604020
230,STCOM STAI-V27,7500F / RX 7800 XT / (AMD) B650 / OS미포함 / 700W / AMD / 라이젠 7000시리즈 / 라이젠5 / 라파엘 / DDR5 / 32GB / M.2 / 1TB / AMD / 1Gbps 유선 / 파워서플라이 / 미들타워 / 용도: 게임용,"32GB, M.2 1TB",2272920
231,STCOM STAI-V79,9600X / RX 9070 / (AMD) B650 / OS미포함 / 800W / AMD / 라이젠 9000시리즈 / 라이젠5 / 그래니트 릿지 / DDR5 / 32GB / M.2 / 1TB / AMD / 1Gbps 유선 / HDMI / DP포트 / 파워서플라이 / 미들타워 / 용도: 게임용,"32GB, M.2 1TB",2656040
232,다나와표준PC 게임용 251214,9600X / RTX 5060 / (AMD) B850 / OS미포함 / 1000W / AMD / 라이젠 9000시리즈 / 라이젠5 / 그래니트 릿지 / DDR5 / 16GB / M.2 / 1TB / NVIDIA / 그래픽 메모리: 8GB / 1Gbps 유선 / HDMI / DP포트 / 파워서플라이 / 미들타워 / 어항형 / LED쿨러 / 용도: 게임용,"16GB, M.2 1TB",2120000
233,STCOM STAI-V67,i5-14400F / GTX 1660 SUPER / (인텔) H610 / OS미포함 / 600W / 인텔 / 코어 14세대 / 코어i5 / 랩터레이크-R / DDR4 / 16GB / M.2 / 512GB / NVIDIA / 1Gbps 유선 / 파워서플라이 / 미들타워 / 용도: 게임용,"16GB, M.2 512GB",1061260
234,다나와표준PC 게임용 230909,5600 / GTX 1660 SUPER / (AMD) B550 / OS미포함 / 600W / AMD / 라이젠 5000시리즈 / 라이젠5 / 버미어 / DDR4 / 16GB / M.2 / 1TB / NVIDIA / 그래픽 메모리: 6GB / 1Gbps 유선 / HDMI / DP포트 / DVI / 파워서플라이 / 미들타워 / 용도: 게임용,"16GB, M.2 1TB",1350000
235,다나와표준PC DPG 게임용 251024,7800X3D / RX 9070 XT / (AMD) B850 / OS미포함 / 1050W / AMD / 라이젠 7000시리즈 / 라이젠7 / 라파엘 / DDR5 / 16GB / M.2 / 1TB / NVIDIA / 그래픽 메모리: 16GB / 1Gbps 유선 / 802.11ax(Wi-Fi 6) 무선 / 블루투스 / HDMI / DP포트 / 파워서플라이 / 빅타워 / 어항형 / 수랭쿨러 / LED쿨러 / 용도: 게임용,"16GB, M.2 1TB",3900000
236,다나와표준PC 전문가용 250926,9900X3D / RTX 5070 Ti / (AMD) X870E / OS미포함 / 1000W / AMD / 라이젠 9000시리즈 / 라이젠9 / 그래니트 릿지 / DDR5 / 16GB / HDD:2TB / M.2 / 1TB / NVIDIA / 그래픽 메모리: 16GB / 1Gbps 유선 / HDMI / DP포트 / 파워서플라이 / 빅타워 / 어항형 / 수랭쿨러 / LED쿨러 / 용도: 게임용,"16GB, M.2 1TB + HDD 2TB",4500000
237,STCOM STAI-V65,i5-12400F / GTX 1660 SUPER / (인텔) H610 / OS미포함 / 600W / 인텔 / 코어 12세대 / 코어i5 / 엘더레이크 / DDR4 / 32GB / M.2 / 1TB / NVIDIA / 1Gbps 유선 / 파워서플라이 / 미들타워 / 용도: 게임용,"32GB, M.2 1TB",1330260
238,피씨스토어 어항 PC 라이젠5 5600 GTX1660,5600 / GTX 1660 SUPER / (AMD) A520 / OS미포함 / 600W / AMD / 라이젠 5000시리즈 / 라이젠5 / 버미어 / DDR4 / 16GB / M.2 / 500GB / NVIDIA / 그래픽 메모리: 6GB / 1Gbps 유선 / 파워서플라이 / 미들타워 / LED쿨러 / 용도: 게임용,"16GB, M.2 500GB",1068110
239,다나와 게임용PC AMD R5-5600 RTX3050 S6105,5600 / RTX 3050 / (AMD) A520 / OS미포함 / 500W / AMD / 라이젠 5000시리즈 / 라이젠5 / 버미어 / DDR4 / 16GB / M.2 / 1TB / NVIDIA / 그래픽 메모리: 6GB / 1Gbps 유선 / HDMI / DP포트 / DVI / USB3.x 5Gbps / 파워서플라이 / 미들타워 / 어항형 / 용도: 게임용,"16GB, M.2 1TB",1570000
240,다나와표준PC 전문가용 250525,265 / RTX 3050 / (인텔) B860 / OS미포함 / 850W / 인텔 / 코어울트라 시리즈2 / 코어 울트라7 / 애로우레이크 / 인텔 AI Boost / 13TOPS / DDR5 / 16GB / M.2 / 1TB / NVIDIA / 그래픽 메모리: 6GB / 1Gbps 유선 / 파워서플라이 / 미들타워 / 어항형 / 수랭쿨러 / LED쿨러 / 용도: 게임용,"16GB, M.2 1TB",2200000
241,영웅컴퓨터 영웅컴퓨터 H게이밍 U5256 250KF RTX5060Ti,250KF Plus / RTX 5060 Ti / (인텔) B860 / OS미포함 / 750W / 인텔 / 코어울트라 시리즈2 / 코어 울트라5 / 애로우레이크 / 인텔 AI Boost / 13TOPS / DDR5 / 32GB / M.2 / 1TB / NVIDIA / 그래픽 메모리: 8GB / 1Gbps 유선 / HDMI / DP포트 / 파워서플라이 / 미들타워 / 어항형 / LED쿨러 / 용도: 게임용,"32GB, M.2 1TB",2219630
242,다나와표준PC 게임용 250909,7500F / RTX 5050 / (AMD) B650 / OS미포함 / 700W / AMD / 라이젠 7000시리즈 / 라이젠5 / 라파엘 / DDR5 / 16GB / M.2 / 512GB / NVIDIA / 그래픽 메모리: 8GB / 1Gbps 유선 / HDMI / DP포트 / 파워서플라이 / 미들타워 / 어항형 / LED쿨러 / 용도: 게임용,"16GB, M.2 512GB",1654000
243,STCOM STAI-V105,5600 / RTX 5060 Ti / (AMD) A520 / OS미포함 / 700W / AMD / 라이젠 5000시리즈 / 라이젠5 / 버미어 / DDR4 / 32GB / M.2 / 1TB / NVIDIA / 1Gbps 유선 / HDMI / DP포트 / 파워서플라이 / 미들타워 / 용도: 게임용,"32GB, M.2 1TB",1648630
244,영웅컴퓨터 영웅 게이밍울트라 7550 R5 7500F RTX5050,7500F / RTX 5050 / (AMD) A620 / OS미포함 / 600W / AMD / 라이젠 7000시리즈 / 라이젠5 / 라파엘 / DDR5 / 16GB / M.2 / 512GB / NVIDIA / 그래픽 메모리: 8GB / 1Gbps 유선 / HDMI / DP포트 / 파워서플라이 / 미들타워 / LED쿨러 / 용도: 게임용,"16GB, M.2 512GB",1349630
245,영웅컴퓨터 영웅 울트라게이밍 플러스 002,7500F / RTX 5070 / (AMD) B650 / OS미포함 / 800W / AMD / 라이젠 7000시리즈 / 라이젠5 / 라파엘 / DDR5 / 32GB / M.2 / 1TB / NVIDIA / 그래픽 메모리: 12GB / 1Gbps 유선 / HDMI / DP포트 / 파워서플라이 / 미들타워 / 어항형 / 수랭쿨러 / LED쿨러 / 용도: 게임용,"32GB, M.2 1TB",2609650
246,STCOM STAI-V188,5600 / RX 9060 / (AMD) A520 / OS미포함 / 600W / AMD / 라이젠 5000시리즈 / 라이젠5 / 버미어 / DDR4 / 32GB / M.2 / 1TB / AMD / 그래픽 메모리: 8GB / 1Gbps 유선 / 파워서플라이 / 미들타워 / 용도: 게임용,"32GB, M.2 1TB",1479560
247,영웅컴퓨터 영웅 게이밍울트라 7857T 7800X3D RTX5070Ti,7800X3D / RTX 5070 Ti / (AMD) B650 / OS미포함 / 800W / AMD / 라이젠 7000시리즈 / 라이젠7 / 라파엘 / DDR5 / 32GB / M.2 / 1TB / NVIDIA / 그래픽 메모리: 16GB / 2.5Gbps 유선 / HDMI / DP포트 / USB3.x 10Gbps / USB3.x 5Gbps / 파워서플라이 / 미들타워 / 어항형 / LED쿨러 / 용도: 게임용,"32GB, M.2 1TB",3534850
248,다나와표준PC 게임용 250510,7500F / RTX 3050 / (AMD) B650 / OS미포함 / 750W / AMD / 라이젠 7000시리즈 / 라이젠5 / 라파엘 / DDR5 / 16GB / M.2 / 256GB / NVIDIA / 그래픽 메모리: 6GB / 1Gbps 유선 / 파워서플라이 / 미들타워 / LED쿨러 / 용도: 게임용,"16GB, M.2 256GB",1340000
249,영웅컴퓨터 영웅 베이직 L3446,i5-14400F / RTX 5060 / (인텔) H610 / OS미포함 / 600W / 인텔 / 코어 14세대 / 코어i5 / 랩터레이크 / DDR4 / 16GB / M.2 / 500GB / NVIDIA / 그래픽 메모리: 8GB / 1Gbps 유선 / HDMI / DP포트 / 파워서플라이 / 미들타워 / LED쿨러 / 용도: 게임용,"16GB, M.2 500GB",1259950
250,다나와표준PC DPG 게임용 251022,7800X3D / RTX 5070 / (AMD) B850 / OS미포함 / 850W / AMD / 라이젠 7000시리즈 / 라이젠7 / 라파엘 / DDR5 / 16GB / M.2 / 1TB / NVIDIA / 그래픽 메모리: 12GB / 1Gbps 유선 / 802.11ax(Wi-Fi 6) 무선 / 블루투스 / HDMI / DP포트 / 파워서플라이 / 빅타워 / 수랭쿨러 / LED쿨러 / 용도: 게임용,"16GB, M.2 1TB",3500000
251,다나와표준PC DPG 게임용 250922,9800X3D / RTX 5060 Ti / (AMD) B850 / OS미포함 / 850W / AMD / 라이젠 9000시리즈 / 라이젠7 / 그래니트 릿지 / DDR5 / 16GB / M.2 / 1TB / NVIDIA / 그래픽 메모리: 16GB / 1Gbps 유선 / HDMI / DP포트 / 파워서플라이 / 미들타워 / 어항형 / LED쿨러 / 용도: 게임용,"16GB, M.2 1TB",3478620
252,다나와표준PC 게임용 250820,265KF / RTX 5060 / (인텔) B860 / OS미포함 / 800W / 인텔 / 코어울트라 시리즈2 / 코어 울트라7 / 애로우레이크 / 인텔 AI Boost / 13TOPS / DDR5 / 16GB / M.2 / 1TB / NVIDIA / 그래픽 메모리: 8GB / 1Gbps 유선 / HDMI / DP포트 / 파워서플라이 / 미들타워 / 어항형 / 수랭쿨러 / LED쿨러 / 용도: 게임용,"16GB, M.2 1TB",2530000
253,STCOM STAI-V50,i5-12400F / GTX 1660 SUPER / (인텔) B760 / OS미포함 / 600W / 인텔 / 코어 12세대 / 코어i5 / 엘더레이크 / DDR5 / 16GB / M.2 / 512GB / NVIDIA / 1Gbps 유선 / 파워서플라이 / 미들타워 / 용도: 게임용,"16GB, M.2 512GB",1148360
254,다나와표준PC 게임용 251217,7800X3D / RTX 5060 / (AMD) B650 / OS미포함 / 750W / AMD / 라이젠 7000시리즈 / 라이젠7 / 라파엘 / DDR5 / 16GB / M.2 / 1TB / NVIDIA / 그래픽 메모리: 8GB / 1Gbps 유선 / HDMI / DP포트 / 파워서플라이 / 빅타워 / 어항형 / LED쿨러 / 용도: 게임용,"16GB, M.2 1TB",2390000
255,다나와표준PC DPG 게임용 250823,265KF / RTX 5070 / (인텔) B860 / OS미포함 / 1000W / 인텔 / 코어울트라 시리즈2 / 코어 울트라7 / 애로우레이크 / 인텔 AI Boost / 13TOPS / DDR5 / 16GB / M.2 / 1TB / NVIDIA / 그래픽 메모리: 12GB / 1Gbps 유선 / HDMI / DP포트 / 파워서플라이 / 미들타워 / 어항형 / LED쿨러 / 용도: 게임용,"16GB, M.2 1TB",3498650
256,다나와표준PC DPG 게임용 250724,9800X3D / RTX 5070 / (AMD) X870E / OS미포함 / 1050W / AMD / 라이젠 9000시리즈 / 라이젠7 / 그래니트 릿지 / DDR5 / 16GB / M.2 / 500GB / NVIDIA / 그래픽 메모리: 12GB / 1Gbps 유선 / 파워서플라이 / 빅타워 / 어항형 / 수랭쿨러 / LED쿨러 / 용도: 게임용,"16GB, M.2 500GB",3440000
257,다나와표준PC 게임용 250714,7600X / RX 9060 XT / (AMD) B850 / OS미포함 / 850W / AMD / 라이젠 7000시리즈 / 라이젠5 / 라파엘 / DDR5 / 16GB / M.2 / 500GB / AMD / 그래픽 메모리: 8GB / 1Gbps 유선 / 파워서플라이 / 미들타워 / 어항형 / LED쿨러 / 용도: 게임용,"16GB, M.2 500GB",2050000
258,다나와표준PC 게임용 250711,7500F / RTX 5060 / (AMD) B650 / OS미포함 / 750W / AMD / 라이젠 7000시리즈 / 라이젠5 / 라파엘 / DDR5 / 16GB / M.2 / 500GB / NVIDIA / 그래픽 메모리: 8GB / 1Gbps 유선 / 파워서플라이 / 미들타워 / 어항형 / LED쿨러 / 용도: 게임용,"16GB, M.2 500GB",1750000
259,다나와표준PC 게임용 250617,7800X3D / RTX 5060 Ti / (AMD) B650 / OS미포함 / 850W / AMD / 라이젠 7000시리즈 / 라이젠7 / 라파엘 / DDR5 / 16GB / M.2 / 1TB / NVIDIA / 그래픽 메모리: 8GB / 1Gbps 유선 / 파워서플라이 / 미들타워 / LED쿨러 / 용도: 게임용,"16GB, M.2 1TB",2594000
260,STCOM STAI-V80,9800X3D / RX 9070 / (AMD) B650 / OS미포함 / 800W / AMD / 라이젠 9000시리즈 / 라이젠7 / 그래니트 릿지 / DDR5 / 32GB / M.2 / 1TB / AMD / 1Gbps 유선 / 파워서플라이 / 미들타워 / 용도: 게임용,"32GB, M.2 1TB",3148980
261,피씨스토어 감성 어항 PC 5600 RTX5060,5600 / RTX 5060 / (AMD) A520 / OS미포함 / 700W / AMD / 라이젠 5000시리즈 / 라이젠5 / 버미어 / DDR4 / 16GB / M.2 / 500GB / NVIDIA / 그래픽 메모리: 8GB / 1Gbps 유선 / HDMI / DP포트 / 파워서플라이 / 미들타워 / 어항형 / LED쿨러 / 용도: 게임용,"16GB, M.2 500GB",1464820
262,피씨스토어 일사천리 게이밍 i5 14400F RTX5060,i5-14400F / RTX 5060 / (인텔) H610 / OS미포함 / 700W / 인텔 / 코어 14세대 / 코어i5 / 랩터레이크-R / DDR5 / 16GB / M.2 / 500GB / NVIDIA / 그래픽 메모리: 8GB / 1Gbps 유선 / HDMI / DP포트 / 파워서플라이 / 미들타워 / LED쿨러 / 용도: 게임용,"16GB, M.2 500GB",1666810
263,다나와표준PC 게임용 250713,7500F / RTX 5060 Ti / (AMD) B650 / OS미포함 / 700W / AMD / 라이젠 7000시리즈 / 라이젠5 / 라파엘 / DDR5 / 16GB / M.2 / 500GB / NVIDIA / 그래픽 메모리: 8GB / 1Gbps 유선 / 파워서플라이 / 미들타워 / 어항형 / LED쿨러 / 용도: 게임용,"16GB, M.2 500GB",1925000
264,다나와표준PC DPG 게임용 251224,9800X3D / RX 9070 XT / (AMD) X870E / OS미포함 / 850W / AMD / 라이젠 9000시리즈 / 라이젠7 / 그래니트 릿지 / DDR5 / 16GB / M.2 / 1TB / AMD / 그래픽 메모리: 16GB / 1Gbps 유선 / HDMI / DP포트 / 파워서플라이 / 미들타워 / 어항형 / 수랭쿨러 / LED쿨러 / 용도: 게임용,"16GB, M.2 1TB",4176160
265,STCOM STAI-V108,9600X / RTX 5060 Ti / (AMD) A620 / OS미포함 / 700W / AMD / 라이젠 9000시리즈 / 라이젠5 / 그래니트 릿지 / DDR5 / 16GB / M.2 / 512GB / NVIDIA / 1Gbps 유선 / HDMI / DP포트 / 파워서플라이 / 미들타워 / 용도: 게임용,"16GB, M.2 512GB",1620110
266,다나와표준PC 전문가용 251027,285K / RTX 5070 / (인텔) Z890 / OS미포함 / 1000W / 인텔 / 코어울트라 시리즈2 / 코어 울트라9 / 애로우레이크 / 인텔 AI Boost / 13TOPS / DDR5 / 32GB / HDD:4TB / M.2 / 1TB / NVIDIA / 그래픽 메모리: 12GB / 1Gbps 유선 / 802.11ax(Wi-Fi 6) 무선 / 블루투스 / HDMI / DP포트 / 파워서플라이 / 미들타워 / 어항형 / 수랭쿨러 / LED쿨러 / 용도: 게임용,"32GB, M.2 1TB + HDD 4TB",5058570
267,STCOM STAI-V136,i5-14400F / RTX 5060 Ti / (인텔) H610 / OS미포함 / 700W / 인텔 / 코어 14세대 / 코어i5 / 랩터레이크-R / DDR4 / 32GB / M.2 / 1TB / NVIDIA / 그래픽 메모리: 8GB / 1Gbps 유선 / HDMI / DP포트 / 파워서플라이 / 미들타워 / 용도: 게임용,"32GB, M.2 1TB",1750750
268,MSI MAG CODEX R2 A5NVL I08 Win11Home,225F / RTX 5060 / (인텔) H810 / 윈도우11 / 600W / 인텔 / 코어울트라 시리즈2 / 코어 울트라5 / 애로우레이크 / 인텔 AI Boost / 13TOPS / DDR5 / 16GB / M.2 / 1TB / NVIDIA / 그래픽 메모리: 8GB / 2.5Gbps 유선 / HDMI / DP포트 / USB3.x 5Gbps / 파워서플라이 / 미들타워 / LED쿨러 / 용도: 게임용,"16GB, M.2 1TB",1778470
269,다나와표준PC 게임용 251219,7800X3D / RTX 5060 Ti / (AMD) B850 / OS미포함 / 750W / AMD / 라이젠 7000시리즈 / 라이젠7 / 라파엘 / DDR5 / 16GB / M.2 / 1TB / NVIDIA / 그래픽 메모리: 16GB / 1Gbps 유선 / HDMI / DP포트 / 파워서플라이 / 미들타워 / 용도: 게임용,"16GB, M.2 1TB",3040000
270,다나와표준PC 전문가용 251025,9800X3D / RTX 5060 Ti / (AMD) X870E / OS미포함 / 1000W / AMD / 라이젠 9000시리즈 / 라이젠7 / 그래니트 릿지 / DDR5 / 16GB / M.2 / 1TB / NVIDIA / 그래픽 메모리: 16GB / 1Gbps 유선 / 802.11ax(Wi-Fi 6) 무선 / 블루투스 / HDMI / DP포트 / 파워서플라이 / 미들타워 / 어항형 / 수랭쿨러 / LED쿨러 / 용도: 게임용,"16GB, M.2 1TB",4049990
271,다나와표준PC 게임용 251016,i5-14600KF / RTX 5060 / (인텔) B760 / OS미포함 / 750W / 인텔 / 코어 14세대 / 코어i5 / 랩터레이크-R / DDR5 / 16GB / M.2 / 500GB / NVIDIA / 그래픽 메모리: 8GB / 1Gbps 유선 / HDMI / DP포트 / 파워서플라이 / 미들타워 / 어항형 / LED쿨러 / 용도: 게임용,"16GB, M.2 500GB",1990000
272,다나와표준PC DPG 게임용 250923,265KF / RTX 5060 / (인텔) B860 / OS미포함 / 850W / 인텔 / 코어울트라 시리즈2 / 코어 울트라7 / 애로우레이크 / 인텔 AI Boost / 13TOPS / DDR5 / 16GB / M.2 / 1TB / NVIDIA / 그래픽 메모리: 8GB / 1Gbps 유선 / HDMI / DP포트 / 파워서플라이 / 미들타워 / 어항형 / 수랭쿨러 / LED쿨러 / 용도: 게임용,"16GB, M.2 1TB",2949000
273,다나와표준PC 게임용 250817,7800X3D / RTX 5060 / (AMD) B850 / OS미포함 / 850W / AMD / 라이젠 7000시리즈 / 라이젠7 / 라파엘 / DDR5 / 16GB / M.2 / 1TB / NVIDIA / 그래픽 메모리: 8GB / 1Gbps 유선 / HDMI / DP포트 / 파워서플라이 / 미들타워 / 수랭쿨러 / 용도: 게임용,"16GB, M.2 1TB",2400000
274,다나와표준PC 게임용 250715,7800X3D / RTX 5060 / (AMD) B850 / OS미포함 / 850W / AMD / 라이젠 7000시리즈 / 라이젠7 / 라파엘 / DDR5 / 16GB / M.2 / 512GB / NVIDIA / 그래픽 메모리: 8GB / 1Gbps 유선 / 파워서플라이 / 미들타워 / LED쿨러 / 용도: 게임용,"16GB, M.2 512GB",2350000
275,다나와표준PC DPG 게임용 250623,225F / RTX 5070 / (인텔) B860 / OS미포함 / 850W / 인텔 / 코어울트라 시리즈2 / 코어 울트라5 / 애로우레이크 / 인텔 AI Boost / 13TOPS / DDR5 / 16GB / M.2 / 1TB / NVIDIA / 그래픽 메모리: 12GB / 1Gbps 유선 / 파워서플라이 / 미들타워 / 수랭쿨러 / LED쿨러 / 용도: 게임용,"16GB, M.2 1TB",2996000
276,다나와표준PC 게임용 250620,265F / RTX 5070 / (인텔) B860 / OS미포함 / 850W / 인텔 / 코어울트라 시리즈2 / 코어 울트라7 / 애로우레이크 / 인텔 AI Boost / 13TOPS / DDR5 / 16GB / M.2 / 1TB / NVIDIA / 그래픽 메모리: 12GB / 1Gbps 유선 / 파워서플라이 / 미들타워 / 수랭쿨러 / LED쿨러 / 용도: 게임용,"16GB, M.2 1TB",2900000
277,STCOM STAI-V228 Win11Home,9600X / RTX 5060 Ti / (AMD) A620 / 윈도우11 / 700W / AMD / 라이젠 9000시리즈 / 라이젠5 / 그래니트 릿지 / DDR5 / 32GB / M.2 / 2TB / NVIDIA / 그래픽 메모리: 8GB / 1Gbps 유선 / HDMI / DP포트 / 파워서플라이 / 미들타워 / 용도: 게임용,"32GB, M.2 2TB",2369740
278,타무즈 게이밍PC TZ33ES6FBAA,7500F / RTX 5060 / (AMD) B650 / OS미포함 / 600W / AMD / 라이젠 7000시리즈 / 라이젠5 / 라파엘 / DDR5 / 16GB / M.2 / 1TB / NVIDIA / 그래픽 메모리: 8GB / 1Gbps 유선 / HDMI / DP포트 / USB3.x 5Gbps / 파워서플라이 / 미들타워 / 어항형 / 용도: 게임용,"16GB, M.2 1TB",1508720
279,STCOM 데스크프로 PC A75N56 7500F 5060,7500F / RTX 5060 / (AMD) A620 / OS미포함 / 700W / AMD / 라이젠 7000시리즈 / 라이젠5 / 라파엘 / DDR5 / 16GB / M.2 / 512GB / NVIDIA / 그래픽 메모리: 8GB / 1Gbps 유선 / HDMI / DP포트 / 파워서플라이 / 미들타워 / 용도: 게임용,"16GB, M.2 512GB",1453240
280,다나와표준PC 게임용 251111,7500F / RTX 5060 / (AMD) B650 / OS미포함 / 1000W / AMD / 라이젠 7000시리즈 / 라이젠5 / 라파엘 / DDR5 / 16GB / M.2 / 500GB / NVIDIA / 그래픽 메모리: 8GB / 1Gbps 유선 / HDMI / DP포트 / 파워서플라이 / 미들타워 / 어항형 / 용도: 게임용,"16GB, M.2 500GB",2050000
281,다나와표준PC DPG 게임용 250822,9800X3D / RTX 5060 Ti / (AMD) B850 / OS미포함 / 850W / AMD / 라이젠 9000시리즈 / 라이젠7 / 그래니트 릿지 / DDR5 / 16GB / M.2 / 1TB / NVIDIA / 그래픽 메모리: 16GB / 1Gbps 유선 / HDMI / DP포트 / 파워서플라이 / 미들타워 / 어항형 / 수랭쿨러 / LED쿨러 / 용도: 게임용,"16GB, M.2 1TB",3000000
282,STCOM STAI-V60,i5-14400F / RX 580 / (인텔) B760 / OS미포함 / 600W / 인텔 / 코어 14세대 / 코어i5 / 랩터레이크-R / DDR5 / 32GB / M.2 / 1TB / AMD / 1Gbps 유선 / 파워서플라이 / 미들타워 / 용도: 게임용,"32GB, M.2 1TB",1575040
283,다나와표준PC 게임용 250619,9800X3D / RTX 5070 / (AMD) X870E / OS미포함 / 850W / AMD / 라이젠 9000시리즈 / 라이젠7 / 그래니트 릿지 / DDR5 / 16GB / M.2 / 1TB / NVIDIA / 그래픽 메모리: 12GB / 1Gbps 유선 / 파워서플라이 / 미들타워 / 용도: 게임용,"16GB, M.2 1TB",3544000
284,제이씨현 제플PC 게이밍 익스프레션 G31,225F / RX 7600 / (인텔) H810 / OS미포함 / 600W / 인텔 / 코어울트라 시리즈2 / 코어 울트라5 / 애로우레이크 / DDR5 / 16GB / M.2 / 1TB / AMD / 1Gbps 유선 / HDMI / DP포트 / 파워서플라이 / 미들타워 / LED쿨러 / 용도: 게임용,"16GB, M.2 1TB",1390000
285,다나와표준PC 게임용 251114,9600 / RTX 5060 / (AMD) B650 / OS미포함 / 850W / AMD / 라이젠 9000시리즈 / 라이젠5 / 그래니트 릿지 / DDR5 / 16GB / M.2 / 512GB / NVIDIA / 그래픽 메모리: 8GB / 1Gbps 유선 / HDMI / DP포트 / 파워서플라이 / 미들타워 / LED쿨러 / 용도: 게임용,"16GB, M.2 512GB",2050000
286,STCOM STAI-V157 Win11Home,7500F / RX 9060 XT / (AMD) A620 / 윈도우11 / 600W / AMD / 라이젠 7000시리즈 / 라이젠5 / 라파엘 / DDR5 / 16GB / M.2 / 512GB / AMD / 그래픽 메모리: 8GB / 1Gbps 유선 / HDMI / DP포트 / 파워서플라이 / 미들타워 / 용도: 게임용,"16GB, M.2 512GB",1648760
287,마이피씨샵 DIY 게이밍 미니PC 14400F RTX4060,i5-14400F / RTX 4060 / (인텔) H610 / OS미포함 / 600W / 인텔 / 코어 14세대 / 코어i5 / 랩터레이크-R / DDR5 / 16GB / M.2 / 500GB / NVIDIA / 그래픽 메모리: 8GB / 1Gbps 유선 / HDMI / DP포트 / 파워서플라이 / 미니타워 / 용도: 게임용,"16GB, M.2 500GB",1850690
288,STCOM STCP-SA03,9800X3D / RTX 5070 / (AMD) B650E / OS미포함 / 850W / AMD / 라이젠 9000시리즈 / 라이젠7 / 라파엘 / DDR5 / 32GB / M.2 / 2TB / NVIDIA / 그래픽 메모리: 12GB / 1Gbps 유선 / HDMI / DP포트 / 파워서플라이 / 미들타워 / 어항형 / 수랭쿨러 / LED쿨러 / 용도: 게임용,"32GB, M.2 2TB",3652000
289,포유컴퓨터 퍼포먼스PC 38 R5 7400F RTX5070,7400F / RTX 5070 / (AMD) B650 / OS미포함 / 800W / AMD / 라이젠 7000시리즈 / 라이젠5 / 라파엘 / DDR5 / 16GB / M.2 / 500GB / NVIDIA / 1Gbps 유선 / HDMI / DP포트 / 파워서플라이 / 미들타워 / LED쿨러 / 용도: 게임용,"16GB, M.2 500GB",2179200
290,STCOM STAI-V104,5600 / RTX 5060 Ti / (AMD) A520 / OS미포함 / 700W / AMD / 라이젠 5000시리즈 / 라이젠5 / 버미어 / DDR4 / 16GB / M.2 / 512GB / NVIDIA / 1Gbps 유선 / HDMI / DP포트 / 파워서플라이 / 미들타워 / 용도: 게임용,"16GB, M.2 512GB",1322030
291,다나와표준PC DPG 게임용 250924,9800X3D / RTX 5070 / (AMD) X870E / OS미포함 / 850W / AMD / 라이젠 9000시리즈 / 라이젠7 / 그래니트 릿지 / DDR5 / 16GB / M.2 / 1TB / NVIDIA / 그래픽 메모리: 12GB / 1Gbps 유선 / HDMI / DP포트 / 파워서플라이 / 미들타워 / 어항형 / 수랭쿨러 / LED쿨러 / 용도: 게임용,"16GB, M.2 1TB",3820000
292,다나와표준PC 전문가용 250828,9950X3D / RTX 5080 / (AMD) X870E / OS미포함 / 1200W / AMD / 라이젠 9000시리즈 / 라이젠9 / 그래니트 릿지 / DDR5 / 16GB / HDD:4TB / M.2 / 1TB / NVIDIA / 그래픽 메모리: 16GB / 1Gbps 유선 / 파워서플라이 / 미들타워 / 어항형 / 수랭쿨러 / LED쿨러 / 용도: 게임용,"16GB, M.2 1TB + HDD 4TB",6900000
293,다나와표준PC 게임용 250809,7500F / RTX 5050 / (AMD) B650 / OS미포함 / 700W / AMD / 라이젠 7000시리즈 / 라이젠5 / 라파엘 / DDR5 / 16GB / SSD / 240GB / NVIDIA / 그래픽 메모리: 8GB / 1Gbps 유선 / HDMI / DP포트 / 파워서플라이 / 미들타워 / LED쿨러 / 용도: 게임용,"16GB, SSD 240GB",1505000
294,다나와표준PC 온라인강의용 250808,i5-12400F / RTX 3050 / (인텔) H610 / OS미포함 / 800W / 인텔 / 코어 12세대 / 코어i5 / 엘더레이크 / DDR5 / 16GB / M.2 / 500GB / NVIDIA / 그래픽 메모리: 6GB / 1Gbps 유선 / 파워서플라이 / 미들타워 / 어항형 / LED쿨러 / 용도: 게임용,"16GB, M.2 500GB",1440000
295,영웅컴퓨터 게이밍울트라 7757 7700X3D RTX5070,7700X3D / RTX 5070 / (AMD) B650 / OS미포함 / 800W / AMD / 라이젠 7000시리즈 / 라이젠7 / 라파엘 / DDR5 / 32GB / M.2 / 1TB / NVIDIA / 그래픽 메모리: 12GB / 1Gbps 유선 / HDMI / DP포트 / 파워서플라이 / 미들타워 / 어항형 / LED쿨러 / 용도: 게임용,"32GB, M.2 1TB",2789650
296,다나와표준PC 게임용 251209,7500F / RX 9060 / (AMD) B650 / OS미포함 / 750W / AMD / 라이젠 7000시리즈 / 라이젠5 / 라파엘 / DDR5 / 16GB / M.2 / 512GB / AMD / 그래픽 메모리: 8GB / 1Gbps 유선 / HDMI / DP포트 / 파워서플라이 / 미들타워 / 어항형 / LED쿨러 / 용도: 게임용,"16GB, M.2 512GB",1700000
297,다나와표준PC 게임용 250915,9600X / RX 9060 XT / (AMD) B850 / OS미포함 / 850W / AMD / 라이젠 9000시리즈 / 라이젠5 / 그래니트 릿지 / DDR5 / 16GB / M.2 / 500GB / AMD / 그래픽 메모리: 8GB / 1Gbps 유선 / HDMI / DP포트 / 파워서플라이 / 미들타워 / 어항형 / 용도: 게임용,"16GB, M.2 500GB",2250000
298,다나와표준PC 게임용 250914,9600X / RX 9070 XT / (AMD) B650 / OS미포함 / 850W / AMD / 라이젠 9000시리즈 / 라이젠5 / 그래니트 릿지 / DDR5 / 16GB / M.2 / 512GB / AMD / 그래픽 메모리: 16GB / 1Gbps 유선 / HDMI / DP포트 / 파워서플라이 / 미들타워 / LED쿨러 / 용도: 게임용,"16GB, M.2 512GB",2750000
299,다나와표준PC 게임용 250911,7500F / RTX 3050 / (AMD) B650 / OS미포함 / 800W / AMD / 라이젠 7000시리즈 / 라이젠5 / 라파엘 / DDR5 / 16GB / M.2 / 500GB / NVIDIA / 그래픽 메모리: 6GB / 1Gbps 유선 / HDMI / DP포트 / 파워서플라이 / 미들타워 / 어항형 / LED쿨러 / 용도: 게임용,"16GB, M.2 500GB",1465000
300,다나와표준PC 게임용 250420,265F / RTX 5070 / (인텔) Z890 / OS미포함 / 850W / 인텔 / 코어울트라 시리즈2 / 코어 울트라7 / 애로우레이크 / 인텔 AI Boost / 13TOPS / DDR5 / 16GB / M.2 / 1TB / NVIDIA / 그래픽 메모리: 12GB / 1Gbps 유선 / 파워서플라이 / 미들타워 / 어항형 / 수랭쿨러 / LED쿨러 / 용도: 게임용,"16GB, M.2 1TB",3650800
301,STCOM STAI-V58,i5-14400F / GTX 1660 SUPER / (인텔) B760 / OS미포함 / 600W / 인텔 / 코어 14세대 / 코어i5 / 랩터레이크-R / DDR5 / 32GB / M.2 / 1TB / NVIDIA / 1Gbps 유선 / 파워서플라이 / 미들타워 / 용도: 게임용,"32GB, M.2 1TB",1663360
302,다나와표준PC 게임용 260113,9600X / RTX 5060 / (AMD) B850 / OS미포함 / 800W / AMD / 라이젠 9000시리즈 / 라이젠5 / 그래니트 릿지 / DDR5 / 16GB / M.2 / 1TB / NVIDIA / 그래픽 메모리: 8GB / 1Gbps 유선 / HDMI / DP포트 / 파워서플라이 / 미들타워 / 어항형 / 용도: 게임용,"16GB, M.2 1TB",1990990
303,다나와표준PC DPG 게임용 251222,9800X3D / RTX 5060 / (AMD) B850 / OS미포함 / 750W / AMD / 라이젠 9000시리즈 / 라이젠7 / 그래니트 릿지 / DDR5 / 16GB / M.2 / 1TB / NVIDIA / 그래픽 메모리: 8GB / 1Gbps 유선 / HDMI / DP포트 / 파워서플라이 / 미들타워 / LED쿨러 / 용도: 게임용,"16GB, M.2 1TB",2840000
304,다나와표준PC DPG 게임용 251221,245K / RTX 5060 Ti / (인텔) B860 / OS미포함 / 850W / 인텔 / 코어울트라 시리즈2 / 코어 울트라5 / 애로우레이크 / 인텔 AI Boost / 13TOPS / DDR5 / 16GB / M.2 / 1TB / NVIDIA / 그래픽 메모리: 8GB / 1Gbps 유선 / HDMI / DP포트 / 파워서플라이 / 미들타워 / 어항형 / LED쿨러 / 용도: 게임용,"16GB, M.2 1TB",2344000
305,다나와표준PC 게임용 251213,9600X / RX 9060 / (AMD) B650 / OS미포함 / 700W / AMD / 라이젠 9000시리즈 / 라이젠5 / 그래니트 릿지 / DDR5 / 16GB / M.2 / 1TB / AMD / 그래픽 메모리: 8GB / 1Gbps 유선 / HDMI / DP포트 / 파워서플라이 / 미들타워 / 어항형 / LED쿨러 / 용도: 게임용,"16GB, M.2 1TB",2070000
306,다나와표준PC 게임용 251212,7600 / RTX 5060 / (AMD) B850 / OS미포함 / 850W / AMD / 라이젠 7000시리즈 / 라이젠5 / 라파엘 / DDR5 / 16GB / M.2 / 1TB / NVIDIA / 그래픽 메모리: 8GB / 1Gbps 유선 / HDMI / DP포트 / 파워서플라이 / 미들타워 / 어항형 / 용도: 게임용,"16GB, M.2 1TB",2140000
307,다나와표준PC 게임용 251211,7500F / RTX 5060 / (AMD) B650 / OS미포함 / 850W / AMD / 라이젠 7000시리즈 / 라이젠5 / 라파엘 / DDR5 / 16GB / M.2 / 1TB / NVIDIA / 그래픽 메모리: 8GB / 1Gbps 유선 / HDMI / DP포트 / 파워서플라이 / 미들타워 / LED쿨러 / 용도: 게임용,"16GB, M.2 1TB",2100000
308,다나와표준PC DPG 게임용 251021,245K / RTX 5060 / (인텔) B860 / OS미포함 / 850W / 인텔 / 코어울트라 시리즈2 / 코어 울트라5 / 애로우레이크 / 인텔 AI Boost / 13TOPS / DDR5 / 16GB / M.2 / 1TB / NVIDIA / 그래픽 메모리: 8GB / 1Gbps 유선 / 802.11ax(Wi-Fi 6) 무선 / 블루투스 / HDMI / DP포트 / 파워서플라이 / 미들타워 / LED쿨러 / 용도: 게임용,"16GB, M.2 1TB",2390000
309,다나와표준PC 게임용 251020,i5-14600KF / RX 9070 XT / (인텔) B760 / OS미포함 / 750W / 인텔 / 코어 14세대 / 코어i5 / 랩터레이크-R / DDR5 / 16GB / M.2 / 1TB / AMD / 그래픽 메모리: 16GB / 1Gbps 유선 / HDMI / DP포트 / 파워서플라이 / 미들타워 / 수랭쿨러 / LED쿨러 / 용도: 게임용,"16GB, M.2 1TB",3360000
310,다나와표준PC 게임용 251012,225F / RTX 5060 / (인텔) B860 / OS미포함 / 850W / 인텔 / 코어울트라 시리즈2 / 코어 울트라5 / 애로우레이크 / 인텔 AI Boost / 13TOPS / DDR5 / 16GB / M.2 / 500GB / NVIDIA / 그래픽 메모리: 8GB / 1Gbps 유선 / HDMI / DP포트 / 파워서플라이 / 미들타워 / 어항형 / LED쿨러 / 용도: 게임용,"16GB, M.2 500GB",1860000
311,다나와표준PC 게임용 250819,7800X3D / RTX 5070 / (AMD) B850 / OS미포함 / 750W / AMD / 라이젠 7000시리즈 / 라이젠7 / 라파엘 / DDR5 / 16GB / M.2 / 1TB / NVIDIA / 그래픽 메모리: 12GB / 1Gbps 유선 / HDMI / DP포트 / 파워서플라이 / 미들타워 / LED쿨러 / 용도: 게임용,"16GB, M.2 1TB",3600000
312,다나와표준PC 게임용 250814,9600X / RTX 5060 / (AMD) B650 / OS미포함 / 850W / AMD / 라이젠 9000시리즈 / 라이젠5 / 그래니트 릿지 / DDR5 / 16GB / M.2 / 500GB / NVIDIA / 그래픽 메모리: 8GB / 1Gbps 유선 / HDMI / DP포트 / 파워서플라이 / 미들타워 / 어항형 / LED쿨러 / 용도: 게임용,"16GB, M.2 500GB",2020000
313,다나와표준PC 전문가용 250727,285K / RTX 5080 / (인텔) Z890 / OS미포함 / 1000W / 인텔 / 코어울트라 시리즈2 / 코어 울트라9 / 애로우레이크 / 인텔 AI Boost / 13TOPS / DDR5 / 16GB / HDD:4TB / M.2 / 512GB / NVIDIA / 그래픽 메모리: 16GB / 1Gbps 유선 / 파워서플라이 / 미들타워 / 어항형 / 수랭쿨러 / LED쿨러 / 용도: 게임용,"16GB, M.2 512GB + HDD 4TB",6080900
314,다나와표준PC 전문가용 250725,265K / RTX 5070 / (인텔) B860 / OS미포함 / 1000W / 인텔 / 코어울트라 시리즈2 / 코어 울트라7 / 애로우레이크 / 인텔 AI Boost / 13TOPS / DDR5 / 16GB / M.2 / 512GB / NVIDIA / 그래픽 메모리: 12GB / 1Gbps 유선 / 파워서플라이 / 미들타워 / 어항형 / 수랭쿨러 / LED쿨러 / 용도: 게임용,"16GB, M.2 512GB",3490000
315,다나와표준PC 전문가용 250627,265KF / RTX 5070 / (인텔) Z890 / OS미포함 / 1050W / 인텔 / 코어울트라 시리즈2 / 코어 울트라7 / 애로우레이크 / 인텔 AI Boost / 13TOPS / DDR5 / 16GB / HDD:4TB / M.2 / 512GB / NVIDIA / 그래픽 메모리: 12GB / 1Gbps 유선 / 파워서플라이 / 미들타워 / 어항형 / 수랭쿨러 / LED쿨러 / 용도: 게임용,"16GB, M.2 512GB + HDD 4TB",3694000
316,다나와표준PC 게임용 250615,7600 / RTX 5060 / (AMD) B850 / OS미포함 / 700W / AMD / 라이젠 7000시리즈 / 라이젠5 / 라파엘 / DDR5 / 16GB / M.2 / 512GB / NVIDIA / 그래픽 메모리: 8GB / 1Gbps 유선 / 파워서플라이 / 미들타워 / 어항형 / LED쿨러 / 용도: 게임용,"16GB, M.2 512GB",2300000
317,STCOM STAI-V78,7800X3D / RX 9070 / (AMD) B650 / OS미포함 / 800W / AMD / 라이젠 7000시리즈 / 라이젠7 / 라파엘 / DDR5 / 32GB / M.2 / 1TB / AMD / 1Gbps 유선 / 파워서플라이 / 미들타워 / 용도: 게임용,"32GB, M.2 1TB",3006940
318,다나와표준PC 게임용 250419,9800X3D / RTX 5070 / (AMD) B850 / OS미포함 / 850W / AMD / 라이젠 9000시리즈 / 라이젠7 / 그래니트 릿지 / DDR5 / 16GB / M.2 / 1TB / NVIDIA / 그래픽 메모리: 12GB / 1Gbps 유선 / 파워서플라이 / 미들타워 / 용도: 게임용,"16GB, M.2 1TB",3600000
319,STCOM STAI-V55,i5-12400F / RX 7600 / (인텔) B760 / OS미포함 / 600W / 인텔 / 코어 12세대 / 코어i5 / 엘더레이크 / DDR5 / 32GB / M.2 / 1TB / AMD / 1Gbps 유선 / 파워서플라이 / 미들타워 / 용도: 게임용,"32GB, M.2 1TB",1747340
320,다나와표준PC 게임용 251117,9700X / RX 9060 XT / (AMD) B650 / OS미포함 / 750W / AMD / 라이젠 9000시리즈 / 라이젠7 / 그래니트 릿지 / DDR5 / 16GB / M.2 / 512GB / AMD / 그래픽 메모리: 8GB / 1Gbps 유선 / HDMI / DP포트 / 파워서플라이 / 미들타워 / LED쿨러 / 용도: 게임용,"16GB, M.2 512GB",2250000
321,STCOM STAI-V82,5600 / GTX 1660 SUPER / (AMD) A520 / OS미포함 / 600W / AMD / 라이젠 5000시리즈 / 라이젠5 / 버미어 / DDR4 / 32GB / M.2 / 1TB / NVIDIA / 1Gbps 유선 / 파워서플라이 / 미들타워 / 용도: 게임용,"32GB, M.2 1TB",1247520
322,다나와표준PC 전문가용 250728,9950X3D / RTX 5080 / (AMD) X870E / OS미포함 / 1200W / AMD / 라이젠 9000시리즈 / 라이젠9 / 그래니트 릿지 / DDR5 / 16GB / HDD:4TB / M.2 / 1TB / NVIDIA / 그래픽 메모리: 16GB / 1Gbps 유선 / 파워서플라이 / 미들타워 / 어항형 / 수랭쿨러 / 용도: 게임용,"16GB, M.2 1TB + HDD 4TB",6700000
323,MSI MAG Codex R2 A5NVM I19 I5-14400F RTX 5060 Ti 게이밍,i5-14400F / RTX 5060 Ti / (인텔) H610 / OS미포함 / 600W / 인텔 / 코어 14세대 / 코어i5 / 랩터레이크-R / DDR4 / 16GB / M.2 / 1TB / NVIDIA / 그래픽 메모리: 8GB / 1Gbps 유선 / HDMI / DP포트 / USB3.x 5Gbps / 파워서플라이 / 미들타워 / LED쿨러 / 용도: 게임용,"16GB, M.2 1TB",1503000
324,다나와표준PC 게임용 250614,7600 / RTX 5060 Ti / (AMD) B850 / OS미포함 / 800W / AMD / 라이젠 7000시리즈 / 라이젠5 / 라파엘 / DDR5 / 16GB / M.2 / 500GB / NVIDIA / 그래픽 메모리: 8GB / 1Gbps 유선 / 파워서플라이 / 미들타워 / 어항형 / LED쿨러 / 용도: 게임용,"16GB, M.2 500GB",2250000
325,다나와표준PC 전문가용 250427,265KF / RTX 3050 / (인텔) Z890 / OS미포함 / 1000W / 인텔 / 코어울트라 시리즈2 / 코어 울트라7 / 애로우레이크 / 인텔 AI Boost / 13TOPS / DDR5 / 16GB / HDD:4TB / M.2 / 1TB / NVIDIA / 그래픽 메모리: 6GB / 1Gbps 유선 / 파워서플라이 / 미들타워 / 어항형 / 수랭쿨러 / LED쿨러 / 용도: 게임용,"16GB, M.2 1TB + HDD 4TB",2600000
326,STCOM STAI-V59,i5-14400F / RX 580 / (인텔) B760 / OS미포함 / 600W / 인텔 / 코어 14세대 / 코어i5 / 랩터레이크-R / DDR5 / 16GB / M.2 / 512GB / AMD / 1Gbps 유선 / 파워서플라이 / 미들타워 / 용도: 게임용,"16GB, M.2 512GB",1147740
327,다나와표준PC DPG 게임용 251121,7800X3D / RX 9060 XT / (AMD) B650 / OS미포함 / 750W / AMD / 라이젠 7000시리즈 / 라이젠7 / 라파엘 / DDR5 / 16GB / M.2 / 1TB / AMD / 그래픽 메모리: 16GB / 1Gbps 유선 / HDMI / DP포트 / 파워서플라이 / 빅타워 / 어항형 / LED쿨러 / 용도: 게임용,"16GB, M.2 1TB",3195550
328,다나와표준PC 게임용 251113,7600 / RX 9060 / (AMD) B650 / OS미포함 / 700W / AMD / 라이젠 7000시리즈 / 라이젠5 / 라파엘 / DDR5 / 16GB / M.2 / 512GB / AMD / 그래픽 메모리: 8GB / 1Gbps 유선 / HDMI / DP포트 / 파워서플라이 / 미들타워 / 어항형 / 용도: 게임용,"16GB, M.2 512GB",1900000
329,다나와표준PC DPG 게임용 250624,7800X3D / RTX 5070 / (AMD) X870E / OS미포함 / 850W / AMD / 라이젠 7000시리즈 / 라이젠7 / 라파엘 / DDR5 / 16GB / M.2 / 500GB / NVIDIA / 그래픽 메모리: 12GB / 1Gbps 유선 / 파워서플라이 / 미들타워 / 어항형 / 수랭쿨러 / LED쿨러 / 용도: 게임용,"16GB, M.2 500GB",3250000
330,STCOM STAI-V69,i5-14400F / RX 580 / (인텔) H610 / OS미포함 / 600W / 인텔 / 코어 14세대 / 코어i5 / 랩터레이크-R / DDR4 / 16GB / M.2 / 512GB / AMD / 1Gbps 유선 / 파워서플라이 / 미들타워 / 용도: 게임용,"16GB, M.2 512GB",969140
331,다나와표준PC 게임용 220809,5500 / RX 6500 XT / (AMD) A520 / OS미포함 / 500W / AMD / 라이젠 5000시리즈 / 라이젠5 / 세잔 / DDR4 / 16GB / M.2 / 500GB / AMD / 그래픽 메모리: 4GB / 1Gbps 유선 / HDMI / DP포트 / USB3.x 5Gbps / 파워서플라이 / 미들타워 / 용도: 게임용,"16GB, M.2 500GB",1713140
332,STCOM STAI-V143 Win11Home,7500F / RTX 5060 / (AMD) A620 / 윈도우11 / 600W / AMD / 라이젠 7000시리즈 / 라이젠5 / 라파엘 / DDR5 / 32GB / M.2 / 1TB / NVIDIA / 그래픽 메모리: 8GB / 1Gbps 유선 / HDMI / DP포트 / 파워서플라이 / 미들타워 / 용도: 게임용,"32GB, M.2 1TB",2019120
333,다나와표준PC 게임용 250618,7800X3D / RTX 5060 Ti / (AMD) B850 / OS미포함 / 800W / AMD / 라이젠 7000시리즈 / 라이젠7 / 라파엘 / DDR5 / 16GB / M.2 / 1TB / NVIDIA / 그래픽 메모리: 16GB / 1Gbps 유선 / 파워서플라이 / 미들타워 / 어항형 / LED쿨러 / 용도: 게임용,"16GB, M.2 1TB",2987190
334,STCOM STAI-V141,5600 / RTX 5060 / (AMD) A520 / OS미포함 / 600W / AMD / 라이젠 5000시리즈 / 라이젠5 / 버미어 / DDR4 / 32GB / M.2 / 1TB / NVIDIA / 그래픽 메모리: 8GB / 1Gbps 유선 / HDMI / DP포트 / 파워서플라이 / 미들타워 / 용도: 게임용,"32GB, M.2 1TB",1539150
335,영웅컴퓨터 영웅 울트라게이밍 플러스 P004 285K RTX5070,285K / RTX 5070 / (인텔) B860 / OS미포함 / 800W / 인텔 / 코어울트라 시리즈2 / 코어 울트라9 / 애로우레이크 / 인텔 AI Boost / 13TOPS / DDR5 / 32GB / M.2 / 1TB / NVIDIA / 그래픽 메모리: 12GB / 1Gbps 유선 / HDMI / DP포트 / 파워서플라이 / 미들타워 / 어항형 / 수랭쿨러 / LED쿨러 / 용도: 게임용,"32GB, M.2 1TB",3219610
336,STCOM STAI-V135,i5-14400F / RTX 5060 Ti / (인텔) H610 / OS미포함 / 700W / 인텔 / 코어 14세대 / 코어i5 / 랩터레이크-R / DDR4 / 16GB / M.2 / 512GB / NVIDIA / 그래픽 메모리: 8GB / 1Gbps 유선 / HDMI / DP포트 / 파워서플라이 / 미들타워 / 용도: 게임용,"16GB, M.2 512GB",1426910
337,포유컴퓨터 퍼포먼스PC 48 R5 7400F RX9070,7400F / RX 9070 / (AMD) B650 / OS미포함 / 800W / AMD / 라이젠 7000시리즈 / 라이젠5 / 라파엘 / DDR5 / 16GB / M.2 / 500GB / AMD / 1Gbps 유선 / HDMI / DP포트 / 파워서플라이 / 미들타워 / LED쿨러 / 용도: 게임용,"16GB, M.2 500GB",1761600
338,STCOM STAI-V187,5600 / RX 9060 / (AMD) A520 / OS미포함 / 600W / AMD / 라이젠 5000시리즈 / 라이젠5 / 버미어 / DDR4 / 16GB / M.2 / 512GB / AMD / 그래픽 메모리: 8GB / 1Gbps 유선 / 파워서플라이 / 미들타워 / 용도: 게임용,"16GB, M.2 512GB",1123300
339,STCOM STAI-V155,5600 / RX 9060 XT / (AMD) A520 / OS미포함 / 600W / AMD / 라이젠 5000시리즈 / 라이젠5 / 버미어 / DDR4 / 16GB / M.2 / 512GB / AMD / 그래픽 메모리: 8GB / 1Gbps 유선 / HDMI / DP포트 / 파워서플라이 / 미들타워 / 용도: 게임용,"16GB, M.2 512GB",1181580
340,MSI MAG Codex R2 A15NVN 에센셜 I05-E U5-225F RTX 5060 Ti 게이밍,225F / RTX 5060 Ti / (인텔) H810 / OS미포함 / 600W / 인텔 / 코어울트라 시리즈2 / 코어 울트라5 / 애로우레이크 / 인텔 AI Boost / 13TOPS / DDR5 / 16GB / M.2 / 1TB / NVIDIA / 그래픽 메모리: 16GB / 2.5Gbps 유선 / HDMI / DP포트 / USB3.x 5Gbps / 파워서플라이 / 미들타워 / LED쿨러 / 용도: 게임용,"16GB, M.2 1TB",1749540
341,STCOM STAI-V193,i5-14400F / RX 9060 / (인텔) H610 / OS미포함 / 600W / 인텔 / 코어 14세대 / 코어i5 / 랩터레이크-R / DDR4 / 16GB / M.2 / 512GB / AMD / 그래픽 메모리: 8GB / 1Gbps 유선 / 파워서플라이 / 미들타워 / 용도: 게임용,"16GB, M.2 512GB",1177600
342,STCOM STAI-V149,i5-14400F / RTX 5060 / (인텔) H610 / OS미포함 / 600W / 인텔 / 코어 14세대 / 코어i5 / 랩터레이크-R / DDR4 / 16GB / M.2 / 512GB / NVIDIA / 그래픽 메모리: 8GB / 1Gbps 유선 / HDMI / DP포트 / 파워서플라이 / 미들타워 / 용도: 게임용,"16GB, M.2 512GB",1311910
343,STCOM STAI-V139,i5-12400F / RTX 5060 / (인텔) B760 / OS미포함 / 600W / 인텔 / 코어 12세대 / 코어i5 / 엘더레이크 / DDR5 / 16GB / M.2 / 512GB / NVIDIA / 그래픽 메모리: 8GB / 1Gbps 유선 / HDMI / DP포트 / 파워서플라이 / 미들타워 / 용도: 게임용,"16GB, M.2 512GB",1382750
344,다나와표준PC 게임용 250610,7500F / RTX 3050 / (AMD) B650 / OS미포함 / 700W / AMD / 라이젠 7000시리즈 / 라이젠5 / 라파엘 / DDR5 / 16GB / M.2 / 500GB / NVIDIA / 그래픽 메모리: 6GB / 1Gbps 유선 / 파워서플라이 / 미들타워 / LED쿨러 / 용도: 게임용,"16GB, M.2 500GB",1490000
345,STCOM STAI-V96,i5-12400F / RTX 5060 Ti / (인텔) H610 / OS미포함 / 700W / 인텔 / 코어 12세대 / 코어i5 / 엘더레이크 / DDR4 / 16GB / M.2 / 512GB / NVIDIA / 1Gbps 유선 / HDMI / DP포트 / 파워서플라이 / 미들타워 / 용도: 게임용,"16GB, M.2 512GB",1353310
346,다나와표준PC 게임용 240818,7800X3D / RTX 4060 Ti / (AMD) B650 / OS미포함 / 850W / AMD / 라이젠 7000시리즈 / 라이젠7 / 라파엘 / DDR5 / 16GB / M.2 / 500GB / NVIDIA / 그래픽 메모리: 8GB / 1Gbps 유선 / HDMI / DP포트 / 파워서플라이 / 미들타워 / 용도: 게임용,"16GB, M.2 500GB",1834880
347,영웅컴퓨터 영웅 H게이밍 4460F I5-14400F RTX5060,i5-14400F / RTX 5060 / (인텔) H610 / OS미포함 / 600W / 인텔 / 코어 14세대 / 코어i5 / 랩터레이크-R / DDR5 / 16GB / M.2 / 500GB / NVIDIA / 그래픽 메모리: 8GB / 1Gbps 유선 / HDMI / DP포트 / 파워서플라이 / 미들타워 / 용도: 게임용,"16GB, M.2 500GB",1459600
348,다나와표준PC 게임용 251010,7500F / RX 9060 XT / (AMD) B850 / OS미포함 / 1000W / AMD / 라이젠 7000시리즈 / 라이젠5 / 라파엘 / DDR5 / 16GB / M.2 / 1TB / AMD / 그래픽 메모리: 8GB / 1Gbps 유선 / 802.11ax(Wi-Fi 6E) 무선 / 블루투스 / HDMI / DP포트 / 파워서플라이 / 미들타워 / LED쿨러 / 용도: 게임용,"16GB, M.2 1TB",2050000
349,다나와표준PC 전문가용 250625,265 / RTX 3050 / (인텔) B860 / OS미포함 / 850W / 인텔 / 코어울트라 시리즈2 / 코어 울트라7 / 애로우레이크 / 인텔 AI Boost / 13TOPS / DDR5 / 16GB / M.2 / 512GB / NVIDIA / 그래픽 메모리: 6GB / 1Gbps 유선 / 파워서플라이 / 미들타워 / 어항형 / 수랭쿨러 / LED쿨러 / 용도: 게임용,"16GB, M.2 512GB",2304300
350,다나와표준PC 전문가용 251128,9950X3D / RTX 5080 / (AMD) X870E / OS미포함 / 1200W / AMD / 라이젠 9000시리즈 / 라이젠9 / 그래니트 릿지 / DDR5 / 16GB / HDD:4TB / M.2 / 1TB / NVIDIA / 그래픽 메모리: 16GB / 1Gbps 유선 / HDMI / DP포트 / 파워서플라이 / 미들타워 / 어항형 / 수랭쿨러 / LED쿨러 / 용도: 게임용,"16GB, M.2 1TB + HDD 4TB",6232530
351,다나와표준PC DPG 게임용 251124,9800X3D / RX 9070 XT / (AMD) B850 / OS미포함 / 850W / AMD / 라이젠 9000시리즈 / 라이젠7 / 그래니트 릿지 / DDR5 / 16GB / M.2 / 1TB / AMD / 그래픽 메모리: 16GB / 1Gbps 유선 / HDMI / DP포트 / 파워서플라이 / 미들타워 / 어항형 / 수랭쿨러 / 용도: 게임용,"16GB, M.2 1TB",4199990
352,다나와표준PC 게임용 251116,245K / RTX 5060 / (인텔) B860 / OS미포함 / 850W / 인텔 / 코어울트라 시리즈2 / 코어 울트라5 / 애로우레이크 / 인텔 AI Boost / 13TOPS / DDR5 / 16GB / M.2 / 1TB / NVIDIA / 그래픽 메모리: 8GB / 1Gbps 유선 / HDMI / DP포트 / 파워서플라이 / 미들타워 / LED쿨러 / 용도: 게임용,"16GB, M.2 1TB",2320000
353,다나와표준PC 게임용 251112,i5-14400F / RTX 5050 / (인텔) B760 / OS미포함 / 800W / 인텔 / 코어 14세대 / 코어i5 / 랩터레이크-R / DDR5 / 16GB / M.2 / 1TB / NVIDIA / 그래픽 메모리: 8GB / 1Gbps 유선 / HDMI / DP포트 / 파워서플라이 / 미들타워 / 어항형 / LED쿨러 / 용도: 게임용,"16GB, M.2 1TB",1804390
354,다나와표준PC 전문가용 251026,9800X3D / RTX 5070 / (AMD) X870E / OS미포함 / 1000W / AMD / 라이젠 9000시리즈 / 라이젠7 / 그래니트 릿지 / DDR5 / 16GB / HDD:2TB / M.2 / 1TB / NVIDIA / 그래픽 메모리: 12GB / 1Gbps 유선 / 802.11ax(Wi-Fi 6) 무선 / 블루투스 / HDMI / DP포트 / 파워서플라이 / 미들타워 / 어항형 / 수랭쿨러 / LED쿨러 / 용도: 게임용,"16GB, M.2 1TB + HDD 2TB",4448730
355,다나와표준PC 게임용 251014,7600 / RTX 5060 Ti / (AMD) B650 / OS미포함 / 850W / AMD / 라이젠 7000시리즈 / 라이젠5 / 라파엘 / DDR5 / 16GB / M.2 / 1TB / NVIDIA / 그래픽 메모리: 8GB / 1Gbps 유선 / 802.11ax(Wi-Fi 6) 무선 / 블루투스 / HDMI / DP포트 / 파워서플라이 / 미들타워 / 어항형 / LED쿨러 / 용도: 게임용,"16GB, M.2 1TB",2500000
356,다나와표준PC DPG 게임용 250921,i5-14600KF / RTX 5060 / (인텔) B760 / OS미포함 / 750W / 인텔 / 코어 14세대 / 코어i5 / 랩터레이크-R / DDR5 / 16GB / M.2 / 1TB / NVIDIA / 그래픽 메모리: 8GB / 1Gbps 유선 / HDMI / DP포트 / 파워서플라이 / 미들타워 / 수랭쿨러 / LED쿨러 / 용도: 게임용,"16GB, M.2 1TB",2550000
357,다나와표준PC 게임용 250917,7800X3D / RTX 5060 / (AMD) B650 / OS미포함 / 800W / AMD / 라이젠 7000시리즈 / 라이젠7 / 라파엘 / DDR5 / 16GB / M.2 / 1TB / NVIDIA / 그래픽 메모리: 8GB / 1Gbps 유선 / HDMI / DP포트 / 파워서플라이 / 미들타워 / 어항형 / LED쿨러 / 용도: 게임용,"16GB, M.2 1TB",2450000
358,다나와표준PC 전문가용 250827,285K / RTX 5070 / (인텔) Z890 / OS미포함 / 1000W / 인텔 / 코어울트라 시리즈2 / 코어 울트라9 / 애로우레이크 / 인텔 AI Boost / 13TOPS / DDR5 / 16GB / HDD:4TB / M.2 / 512GB / NVIDIA / 그래픽 메모리: 12GB / 1Gbps 유선 / HDMI / DP포트 / 파워서플라이 / 미들타워 / 어항형 / 수랭쿨러 / LED쿨러 / 용도: 게임용,"16GB, M.2 512G + HDD 4TB",3580000
359,다나와표준PC 게임용 250813,9600X / RX 9060 XT / (AMD) B850 / OS미포함 / 700W / AMD / 라이젠 9000시리즈 / 라이젠5 / 그래니트 릿지 / DDR5 / 16GB / M.2 / 500GB / AMD / 그래픽 메모리: 8GB / 1Gbps 유선 / HDMI / DP포트 / 파워서플라이 / 미들타워 / 어항형 / LED쿨러 / 용도: 게임용,"16GB, M.2 500GB",1950000
360,다나와표준PC 게임용 250720,245K / RTX 5060 / (인텔) B860 / OS미포함 / 850W / 인텔 / 코어울트라 시리즈2 / 코어 울트라5 / 애로우레이크 / 인텔 AI Boost / 13TOPS / DDR5 / 16GB / M.2 / 1TB / NVIDIA / 그래픽 메모리: 8GB / 1Gbps 유선 / 파워서플라이 / 미들타워 / 수랭쿨러 / LED쿨러 / 용도: 게임용,"16GB, M.2 1TB",2600000
361,다나와표준PC 게임용 250710,7500F / RTX 3050 / (AMD) B650 / OS미포함 / 800W / AMD / 라이젠 7000시리즈 / 라이젠5 / 라파엘 / DDR5 / 16GB / M.2 / 500GB / NVIDIA / 그래픽 메모리: 6GB / 1Gbps 유선 / 파워서플라이 / 미들타워 / 어항형 / LED쿨러 / 용도: 게임용,"16GB, M.2 500GB",1590000
362,다나와표준PC DPG 게임용 250524,7800X3D / RTX 5070 / (AMD) X870E / OS미포함 / 850W / AMD / 라이젠 7000시리즈 / 라이젠7 / 라파엘 / DDR5 / 16GB / M.2 / 1TB / NVIDIA / 그래픽 메모리: 12GB / 1Gbps 유선 / 파워서플라이 / 미들타워 / 어항형 / 수랭쿨러 / LED쿨러 / 용도: 게임용,"16GB, M.2 1TB",3850000
363,다나와표준PC DPG 게임용 250522,7600 / RTX 5070 / (AMD) B850 / OS미포함 / 750W / AMD / 라이젠 7000시리즈 / 라이젠5 / 라파엘 / DDR5 / 16GB / M.2 / 1TB / NVIDIA / 그래픽 메모리: 12GB / 1Gbps 유선 / 파워서플라이 / 미들타워 / 수랭쿨러 / LED쿨러 / 용도: 게임용,"16GB, M.2 1TB",3249990
364,다나와표준PC DPG 게임용 250424,7800X3D / RTX 5070 / (AMD) B650 / OS미포함 / 850W / AMD / 라이젠 7000시리즈 / 라이젠7 / 라파엘 / DDR5 / 16GB / M.2 / 1TB / NVIDIA / 그래픽 메모리: 12GB / 1Gbps 유선 / 파워서플라이 / 미들타워 / 어항형 / 수랭쿨러 / LED쿨러 / 용도: 게임용,"16GB, M.2 1TB",3497130
365,STCOM STAI-V57,i5-14400F / GTX 1660 SUPER / (인텔) B760 / OS미포함 / 600W / 인텔 / 코어 14세대 / 코어i5 / 랩터레이크-R / DDR5 / 16GB / M.2 / 512GB / NVIDIA / 1Gbps 유선 / 파워서플라이 / 미들타워 / 용도: 게임용,"16GB, M.2 512GB",1237980
366,STCOM STAI-V45,7800X3D / RX 7800 XT / (AMD) B650 / OS미포함 / 700W / AMD / 라이젠 7000시리즈 / 라이젠7 / 라파엘 / DDR5 / 32GB / M.2 / 1TB / AMD / 1Gbps 유선 / 파워서플라이 / 미들타워 / 용도: 게임용,"32GB, M.2 1TB",2726580
367,피씨스토어 감성 어항 PC 5600 RTX5060Ti 240,5600 / RTX 5060 Ti / (AMD) A520 / OS미포함 / 700W / AMD / 라이젠 5000시리즈 / 라이젠5 / 버미어 / DDR4 / 16GB / M.2 / 500GB / NVIDIA / 그래픽 메모리: 8GB / 1Gbps 유선 / HDMI / DP포트 / 파워서플라이 / 미들타워 / 어항형 / LED쿨러 / 용도: 게임용,"16GB, M.2 500GB",1615520
368,STCOM STAI-V7 Win11,5600 / RX 7600 / (AMD) A520 / 윈도우11 / 600W / AMD / 라이젠 5000시리즈 / 라이젠5 / 버미어 / DDR4 / 16GB / M.2 / 512GB / AMD / 1Gbps 유선 / 파워서플라이 / 미들타워 / 용도: 게임용,"16GB, M.2 512GB",1316940
369,영웅컴퓨터 울트라게이밍 P006 i9-14900KF RTX5080,i9-14900KF / RTX 5080 / (인텔) B760 / OS미포함 / 900W / 인텔 / 코어 14세대 / 코어i9 / 랩터레이크-R / DDR5 / 32GB / M.2 / 1TB / NVIDIA / 그래픽 메모리: 16GB / 1Gbps 유선 / HDMI / DP포트 / 파워서플라이 / 미들타워 / 어항형 / LED쿨러 / 용도: 게임용,"32GB, M.2 1TB",4449610
370,영웅컴퓨터 영웅 게이밍SE 001 i5-12400F RTX5050,i5-12400F / RTX 5050 / (인텔) H610 / OS미포함 / 600W / 인텔 / 코어 12세대 / 코어i5 / 엘더레이크 / DDR4 / 16GB / M.2 / 512GB / NVIDIA / 그래픽 메모리: 8GB / 1Gbps 유선 / HDMI / DP포트 / 파워서플라이 / 미들타워 / 어항형 / 용도: 게임용,"16GB, M.2 512GB",1132960
371,다나와표준PC 게임용 250519,9800X3D / RTX 5070 / (AMD) B850 / OS미포함 / 850W / AMD / 라이젠 9000시리즈 / 라이젠7 / 그래니트 릿지 / DDR5 / 16GB / M.2 / 1TB / NVIDIA / 그래픽 메모리: 12GB / 1Gbps 유선 / 파워서플라이 / 미들타워 / 어항형 / 수랭쿨러 / LED쿨러 / 용도: 게임용,"16GB, M.2 1TB",3700000
372,영웅컴퓨터 영웅 울트라게이밍 플러스 003,9600X / RTX 5070 / (AMD) B650 / OS미포함 / 800W / AMD / 라이젠 9000시리즈 / 라이젠5 / 그래니트 릿지 / DDR5 / 32GB / M.2 / 1TB / NVIDIA / 그래픽 메모리: 12GB / 1Gbps 유선 / HDMI / DP포트 / 파워서플라이 / 미들타워 / 어항형 / 수랭쿨러 / LED쿨러 / 용도: 게임용,"32GB, M.2 1TB",2759640
373,다나와표준PC 게임용 250920,265KF / RTX 5060 / (인텔) B860 / OS미포함 / 850W / 인텔 / 코어울트라 시리즈2 / 코어 울트라7 / 애로우레이크 / 인텔 AI Boost / 13TOPS / DDR5 / 16GB / M.2 / 1TB / NVIDIA / 그래픽 메모리: 8GB / 1Gbps 유선 / HDMI / DP포트 / 파워서플라이 / 미들타워 / 수랭쿨러 / LED쿨러 / 용도: 게임용,"16GB, M.2 1TB",2700000
374,다나와표준PC 게임용 250918,7800X3D / RX 9060 XT / (AMD) B850 / OS미포함 / 750W / AMD / 라이젠 7000시리즈 / 라이젠7 / 라파엘 / DDR5 / 16GB / M.2 / 1TB / AMD / 그래픽 메모리: 16GB / 1Gbps 유선 / HDMI / DP포트 / 파워서플라이 / 빅타워 / 어항형 / LED쿨러 / 용도: 게임용,"16GB, M.2 1TB",2800000
375,다나와표준PC 게임용 250213,7500F / RTX 4060 / (AMD) B650 / OS미포함 / 600W / AMD / 라이젠 7000시리즈 / 라이젠5 / 라파엘 / DDR5 / 16GB / M.2 / 500GB / NVIDIA / 그래픽 메모리: 8GB / 1Gbps 유선 / HDMI / DP포트 / 파워서플라이 / 미들타워 / 어항형 / LED쿨러 / 용도: 게임용,"16GB, M.2 500GB",2304410
376,포유컴퓨터 퍼포먼스PC 56 i5 14400F RTX5070,i5-14400F / RTX 5070 / (인텔) B760 / OS미포함 / 800W / 인텔 / 코어 14세대 / 코어i5 / 랩터레이크-R / DDR5 / 16GB / M.2 / 500GB / NVIDIA / 1Gbps 유선 / HDMI / DP포트 / 파워서플라이 / 미들타워 / 용도: 게임용,"16GB, M.2 500GB",2229120
377,STCOM STAI-V160,9600X / RX 9060 XT / (AMD) A620 / OS미포함 / 700W / AMD / 라이젠 9000시리즈 / 라이젠5 / 그래니트 릿지 / DDR5 / 32GB / M.2 / 1TB / AMD / 그래픽 메모리: 8GB / 1Gbps 유선 / HDMI / DP포트 / 파워서플라이 / 미들타워 / 용도: 게임용,"32GB, M.2 1TB",2014420
378,다나와표준PC 게임용 250609,5600 / RX 6600 / (AMD) A520 / OS미포함 / 800W / AMD / 라이젠 5000시리즈 / 라이젠5 / 버미어 / DDR4 / 16GB / SSD / 240GB / AMD / 그래픽 메모리: 8GB / 1Gbps 유선 / 파워서플라이 / 미들타워 / 어항형 / LED쿨러 / 용도: 게임용,"16GB, SSD 240GB",1240000
379,다나와표준PC DPG 게임용 250422,7600 / RTX 5070 / (AMD) A620 / OS미포함 / 850W / AMD / 라이젠 7000시리즈 / 라이젠5 / 라파엘 / DDR5 / 16GB / M.2 / 1TB / NVIDIA / 그래픽 메모리: 12GB / 1Gbps 유선 / 파워서플라이 / 미들타워 / LED쿨러 / 용도: 게임용,"16GB, M.2 1TB",2949990
380,MSI MPG 인피니트 Z3 9900X RTX 5080 AI 게이밍,9900X / RTX 5080 / (AMD) B850 / OS미포함 / 850W / AMD / 라이젠 9000시리즈 / 라이젠9 / 그래니트 릿지 / DDR5 / 32GB / M.2 / 1TB / NVIDIA / 그래픽 메모리: 16GB / 7.1채널 / 5Gbps 유선 / 802.11ax(Wi-Fi 6E) 무선 / 블루투스 / HDMI / USB3.x 10Gbps / USB3.x 5Gbps / USB C타입 10Gbps / USB C타입 5Gbps / 파워서플라이 / 미들타워 / LED쿨러 / 4kg ~ 7kg / 용도: 게임용,"32GB, M.2 1TB",8690000
381,STCOM STAI-V156,5600 / RX 9060 XT / (AMD) A520 / OS미포함 / 600W / AMD / 라이젠 5000시리즈 / 라이젠5 / 버미어 / DDR4 / 32GB / M.2 / 1TB / AMD / 그래픽 메모리: 8GB / 1Gbps 유선 / HDMI / DP포트 / 파워서플라이 / 미들타워 / 용도: 게임용,"32GB, M.2 1TB",1536900
382,영웅컴퓨터 영웅 H게이밍 4656T I5-14600KF RTX5060Ti,i5-14600KF / RTX 5060 Ti / (인텔) B760 / OS미포함 / 750W / 인텔 / 코어 14세대 / 코어i5 / 랩터레이크-R / DDR5 / 32GB / M.2 / 1TB / NVIDIA / 그래픽 메모리: 8GB / 1Gbps 유선 / HDMI / DP포트 / 파워서플라이 / 미들타워 / 어항형 / LED쿨러 / 용도: 게임용,"32GB, M.2 1TB",2229630
383,STCOM STAI-V71,i5-14400F / RX 7600 / (인텔) H610 / OS미포함 / 600W / 인텔 / 코어 14세대 / 코어i5 / 랩터레이크-R / DDR4 / 16GB / M.2 / 512GB / AMD / 1Gbps 유선 / 파워서플라이 / 미들타워 / 용도: 게임용,"16GB, M.2 512GB",1205080
384,STCOM STAI-V158,7500F / RX 9060 XT / (AMD) A620 / OS미포함 / 600W / AMD / 라이젠 7000시리즈 / 라이젠5 / 라파엘 / DDR5 / 32GB / M.2 / 1TB / AMD / 그래픽 메모리: 8GB / 1Gbps 유선 / HDMI / DP포트 / 파워서플라이 / 미들타워 / 용도: 게임용,"32GB, M.2 1TB",1899740
385,영웅컴퓨터 영웅 울트라게이밍 U7265 265KF RTX5070Ti,265KF / RTX 5070 Ti / (인텔) B860 / OS미포함 / 800W / 인텔 / 코어울트라 시리즈2 / 코어 울트라7 / 애로우레이크 / 인텔 AI Boost / 13TOPS / DDR5 / 32GB / M.2 / 1TB / NVIDIA / 그래픽 메모리: 16GB / 1Gbps 유선 / HDMI / DP포트 / 파워서플라이 / 미들타워 / 어항형 / 수랭쿨러 / 용도: 게임용,"32GB, M.2 1TB",3709680
386,STCOM STAI-V234,7500F / RTX 5060 / (AMD) A620 / OS미포함 / 600W / AMD / 라이젠 7000시리즈 / 라이젠5 / 라파엘 / DDR5 / 32GB / M.2 / 2TB / NVIDIA / 그래픽 메모리: 8GB / 1Gbps 유선 / HDMI / DP포트 / 파워서플라이 / 미들타워 / 용도: 게임용,"32GB, M.2 2TB",1934750
387,다나와표준PC 게임용 250811,7500F / RTX 5060 Ti / (AMD) B850 / OS미포함 / 800W / AMD / 라이젠 7000시리즈 / 라이젠5 / 라파엘 / DDR5 / 16GB / M.2 / 500GB / NVIDIA / 그래픽 메모리: 16GB / 1Gbps 유선 / HDMI / DP포트 / 파워서플라이 / 미들타워 / LED쿨러 / 용도: 게임용,"16GB, M.2 500GB",2360000
388,다나와표준PC 게임용 230819,i5-13600KF / RTX 4060 Ti / (인텔) B760 / OS미포함 / 750W / 인텔 / 코어 13세대 / 코어i5 / 엘더레이크 / DDR5 / 16GB / M.2 / 1TB / NVIDIA / 그래픽 메모리: 8GB / 1Gbps 유선 / HDMI / DP포트 / 파워서플라이 / 미들타워 / 용도: 게임용,"16GB, M.2 1TB",1894000
389,STCOM STAI-V201,7500F / RTX 5050 / (AMD) A620 / OS미포함 / 600W / AMD / 라이젠 7000시리즈 / 라이젠5 / 라파엘 / DDR5 / 16GB / M.2 / 512GB / NVIDIA / 그래픽 메모리: 8GB / 파워서플라이 / 용도: 게임용,"16GB, M.2 512GB",1402480
390,다나와표준PC 게임용 260117,7800X3D / RTX 5060 / (AMD) B850 / OS미포함 / 800W / AMD / 라이젠 7000시리즈 / 라이젠7 / 라파엘 / DDR5 / 16GB / M.2 / 1TB / NVIDIA / 그래픽 메모리: 8GB / 1Gbps 유선 / HDMI / DP포트 / 파워서플라이 / 미들타워 / 어항형 / LED쿨러 / 용도: 게임용,"16GB, M.2 1TB",3099530
391,타무즈 게이밍 TZ310N3GCAA,i5-14400F / RTX 5060 Ti / (인텔) B760 / OS미포함 / 700W / 인텔 / 코어 14세대 / 코어i5 / 랩터레이크-R / DDR5 / 16GB / M.2 / 512GB / NVIDIA / 1Gbps 유선 / HDMI / DP포트 / USB3.x 5Gbps / 파워서플라이 / 미들타워 / 용도: 게임용,"16GB, M.2 512GB",1623320
392,영웅컴퓨터 영웅 울트라게이밍 플러스 004 R7 9700X RTX5070,9700X / RTX 5070 / (AMD) B650 / OS미포함 / 800W / AMD / 라이젠 9000시리즈 / 라이젠7 / 그래니트 릿지 / DDR5 / 32GB / M.2 / 1TB / NVIDIA / 그래픽 메모리: 12GB / 1Gbps 유선 / HDMI / DP포트 / 파워서플라이 / 미들타워 / 어항형 / 수랭쿨러 / LED쿨러 / 용도: 게임용,"32GB, M.2 1TB",2879610
393,타무즈 게이밍PC TZ30ES6FBAA,7500F / RTX 5060 / (AMD) B650 / OS미포함 / 600W / AMD / 라이젠 7000시리즈 / 라이젠5 / 라파엘 / DDR5 / 16GB / M.2 / 1TB / NVIDIA / 그래픽 메모리: 8GB / 1Gbps 유선 / HDMI / DP포트 / USB3.x 5Gbps / 파워서플라이 / 미들타워 / 용도: 게임용,"16GB, M.2 1TB",1513210
394,STCOM STAI-V119 Win11Home,9800X3D / RTX 5070 / (AMD) B650 / 윈도우11 / 850W / AMD / 라이젠 9000시리즈 / 라이젠7 / 그래니트 릿지 / DDR5 / 32GB / M.2 / 1TB / NVIDIA / 1Gbps 유선 / HDMI / DP포트 / 파워서플라이 / 미들타워 / 용도: 게임용,"32GB, M.2 1TB",3415960
395,MSI PRO DP180 14 i5-14400,i5-14400 / UHD 730 / (인텔) H610 / 윈도우11 프로 / 인텔 / 코어 14세대 / 코어i5 / 랩터레이크-R / DDR4 / 32GB / M.2 / 1TB / INTEL / 2.5Gbps 유선 / 1Gbps 유선 / 802.11ax(Wi-Fi 6E) 무선 / 블루투스 / 듀얼랜 / HDMI / DP포트 / D-SUB / USB3.x 5Gbps / USB C타입 10Gbps / 파워서플라이 / 미들타워 / 7.59kg / 용도: 게임용 / 구성변경상품,,
396,STCOM STAI-V106,7500F / RTX 5060 Ti / (AMD) A620 / OS미포함 / 700W / AMD / 라이젠 7000시리즈 / 라이젠5 / 라파엘 / DDR5 / 16GB / M.2 / 512GB / NVIDIA / 1Gbps 유선 / HDMI / DP포트 / 파워서플라이 / 미들타워 / 용도: 게임용,"16GB, M.2 512GB",1517990
397,다나와표준PC 전문가용 250226,9800X3D / RTX 4060 / (AMD) X870E / OS미포함 / 1200W / AMD / 라이젠 9000시리즈 / 라이젠7 / 그래니트 릿지 / DDR5 / 32GB / HDD:2TB / M.2 / 1TB / NVIDIA / 그래픽 메모리: 8GB / 2.5Gbps 유선 / 802.11be(Wi-Fi 7) 무선 / 블루투스 / HDMI / DP포트 / 파워서플라이 / 미들타워 / 어항형 / 수랭쿨러 / LED쿨러 / 용도: 게임용,"32GB, M.2 1TB + HDD 2TB",4007720
398,다나와표준PC DPG 게임용 250222,7600 / RTX 4060 / (AMD) B650 / OS미포함 / 850W / AMD / 라이젠 7000시리즈 / 라이젠5 / 라파엘 / DDR5 / 16GB / M.2 / 1TB / NVIDIA / 그래픽 메모리: 8GB / 1Gbps 유선 / HDMI / DP포트 / 파워서플라이 / 미들타워 / LED쿨러 / 용도: 게임용,"16GB, M.2 1TB",2701260
399,다나와표준PC 전문가용 251126,9950X / RTX 5070 Ti / (AMD) X870E / OS미포함 / 1000W / AMD / 라이젠 9000시리즈 / 라이젠9 / 그래니트 릿지 / DDR5 / 16GB / HDD:2TB / M.2 / 1TB / NVIDIA / 그래픽 메모리: 16GB / 1Gbps 유선 / HDMI / DP포트 / 파워서플라이 / 미들타워 / 어항형 / 수랭쿨러 / LED쿨러 / 용도: 게임용,"16GB, M.2 1TB + HDD 2TB",5399990
400,다나와표준PC 전문가용 250628,9800X3D / RX 7900 XTX / (AMD) X870E / OS미포함 / 1000W / AMD / 라이젠 9000시리즈 / 라이젠7 / 그래니트 릿지 / DDR5 / 16GB / HDD:4TB / M.2 / 1TB / AMD / 그래픽 메모리: 24GB / 1Gbps 유선 / 파워서플라이 / 빅타워 / 어항형 / 수랭쿨러 / LED쿨러 / 용도: 게임용,"16GB, M.2 1TB + HDD 4TB",4600000
401,다나와표준PC DPG 게임용 250622,7500F / RTX 5060 / (AMD) B650 / OS미포함 / 750W / AMD / 라이젠 7000시리즈 / 라이젠5 / 라파엘 / DDR5 / 16GB / M.2 / 1TB / NVIDIA / 그래픽 메모리: 8GB / 1Gbps 유선 / 파워서플라이 / 미들타워 / 수랭쿨러 / LED쿨러 / 용도: 게임용,"16GB, M.2 1TB",2052000
402,다나와표준PC 게임용 250612,i3-14100F / RTX 3050 / (인텔) H610 / OS미포함 / 750W / 인텔 / 코어 14세대 / 코어i3 / 랩터레이크-R / DDR5 / 16GB / M.2 / 500GB / NVIDIA / 그래픽 메모리: 6GB / 1Gbps 유선 / 파워서플라이 / 미들타워 / 어항형 / LED쿨러 / 용도: 게임용,"16GB, M.2 500GB",1390000
403,영웅컴퓨터 영웅 게이밍울트라 7556T R5 7500F RTX5060Ti,7500F / RTX 5060 Ti / (AMD) A620 / OS미포함 / 750W / AMD / 라이젠 7000시리즈 / 라이젠5 / 라파엘 / DDR5 / 32GB / M.2 / 1TB / NVIDIA / 그래픽 메모리: 8GB / 1Gbps 유선 / HDMI / DP포트 / 파워서플라이 / 미들타워 / 어항형 / LED쿨러 / 용도: 게임용,"32GB, M.2 1TB",1949670
404,다나와표준PC 게임용 250520,265F / RTX 5070 / (인텔) B860 / OS미포함 / 850W / 인텔 / 코어울트라 시리즈2 / 코어 울트라7 / 애로우레이크 / 인텔 AI Boost / 13TOPS / DDR5 / 16GB / M.2 / 1TB / NVIDIA / 그래픽 메모리: 12GB / 1Gbps 유선 / 파워서플라이 / 미들타워 / 수랭쿨러 / LED쿨러 / 용도: 게임용,"16GB, M.2 1TB",2740000
405,영웅컴퓨터 영웅 게이밍울트라 7557X 7500X3D RTX5070,7500X3D / RTX 5070 / (AMD) A620 / OS미포함 / 750W / AMD / 라이젠 7000시리즈 / 라이젠5 / 라파엘 / DDR5 / 32GB / M.2 / 1TB / NVIDIA / 그래픽 메모리: 12GB / 1Gbps 유선 / HDMI / DP포트 / USB3.x 5Gbps / 파워서플라이 / 미들타워 / 어항형 / LED쿨러 / 용도: 게임용,"32GB, M.2 1TB",2699610
406,다나와표준PC DPG 게임용 251223,9800X3D / RTX 5060 Ti / (AMD) B850 / OS미포함 / 850W / AMD / 라이젠 9000시리즈 / 라이젠7 / 그래니트 릿지 / DDR5 / 16GB / M.2 / 1TB / NVIDIA / 그래픽 메모리: 16GB / 1Gbps 유선 / HDMI / DP포트 / 파워서플라이 / 미들타워 / 수랭쿨러 / LED쿨러 / 용도: 게임용,"16GB, M.2 1TB",3600000
407,다나와표준PC 전문가용 251125,9800X3D / RTX 5070 Ti / (AMD) X870E / OS미포함 / 850W / AMD / 라이젠 9000시리즈 / 라이젠7 / 그래니트 릿지 / DDR5 / 16GB / M.2 / 1TB / NVIDIA / 그래픽 메모리: 16GB / 1Gbps 유선 / HDMI / DP포트 / 파워서플라이 / 미들타워 / 어항형 / 수랭쿨러 / LED쿨러 / 용도: 게임용,"16GB, M.2 1TB",5345990
408,STCOM STAI-V175,5600 / RX 9060 XT / (AMD) A520 / OS미포함 / 600W / AMD / 라이젠 5000시리즈 / 라이젠5 / 버미어 / DDR4 / 32GB / M.2 / 1TB / AMD / 그래픽 메모리: 16GB / 1Gbps 유선 / HDMI / DP포트 / 파워서플라이 / 미들타워 / 용도: 게임용,"32GB, M.2 1TB",1607400
409,다나와표준PC 게임용 250815,9600X / RX 9060 XT / (AMD) B850 / OS미포함 / 850W / AMD / 라이젠 9000시리즈 / 라이젠5 / 그래니트 릿지 / DDR5 / 16GB / M.2 / 512GB / AMD / 그래픽 메모리: 16GB / 1Gbps 유선 / HDMI / DP포트 / 파워서플라이 / 미들타워 / 어항형 / LED쿨러 / 용도: 게임용,"16GB, M.2 512GB",2250000
410,다나와표준PC 게임용 250709,7500F / RX 6600 / (AMD) B650 / OS미포함 / 700W / AMD / 라이젠 7000시리즈 / 라이젠5 / 라파엘 / DDR5 / 16GB / SSD / 240GB / AMD / 그래픽 메모리: 8GB / 1Gbps 유선 / 파워서플라이 / 미들타워 / LED쿨러 / 용도: 게임용,"16GB, SSD 240GB",1939000
411,다나와표준PC 게임용 250511,7500F / RTX 3050 / (AMD) B650 / OS미포함 / 800W / AMD / 라이젠 7000시리즈 / 라이젠5 / 라파엘 / DDR5 / 16GB / M.2 / 500GB / NVIDIA / 그래픽 메모리: 6GB / 1Gbps 유선 / 파워서플라이 / 미들타워 / 어항형 / LED쿨러 / 용도: 게임용,"16GB, M.2 500GB",1510000
412,다나와표준PC DPG 게임용 250421,i5-14600KF / RX 7600 / (인텔) B760 / OS미포함 / 850W / 인텔 / 코어 14세대 / 코어i5 / 랩터레이크-R / DDR5 / 16GB / M.2 / 1TB / AMD / 그래픽 메모리: 8GB / 1Gbps 유선 / 파워서플라이 / 미들타워 / LED쿨러 / 용도: 게임용,"16GB, M.2 1TB",1800000
413,다나와표준PC 게임용 250411,7500F / RTX 3050 / (AMD) B650 / OS미포함 / 800W / AMD / 라이젠 7000시리즈 / 라이젠5 / 라파엘 / DDR5 / 16GB / M.2 / 500GB / NVIDIA / 그래픽 메모리: 6GB / 1Gbps 유선 / 파워서플라이 / 미들타워 / 어항형 / LED쿨러 / 용도: 게임용,"16GB, M.2 500GB",1522800
414,영웅컴퓨터 영웅 울트라게이밍 T7265 265KF RTX5080,265KF / RTX 5080 / (인텔) B860 / OS미포함 / 900W / 인텔 / 코어울트라 시리즈2 / 코어 울트라7 / 애로우레이크 / 인텔 AI Boost / 13TOPS / DDR5 / 32GB / M.2 / 1TB / NVIDIA / 그래픽 메모리: 16GB / 1Gbps 유선 / HDMI / DP포트 / 파워서플라이 / 미들타워 / 어항형 / 수랭쿨러 / LED쿨러 / 용도: 게임용,"32GB, M.2 1TB",4333780
415,영웅컴퓨터 영웅 H게이밍 U7266,265KF / RTX 5060 Ti / (인텔) B860 / OS미포함 / 750W / 인텔 / 코어울트라 시리즈2 / 코어 울트라7 / 애로우레이크 / 인텔 AI Boost / 13TOPS / DDR5 / 32GB / M.2 / 1TB / NVIDIA / 그래픽 메모리: 8GB / 1Gbps 유선 / HDMI / DP포트 / 파워서플라이 / 미들타워 / 어항형 / 용도: 게임용,"32GB, M.2 1TB",2306570
416,영웅컴퓨터 영웅 울트라게이밍 U5245,245KF / RTX 5070 Ti / (인텔) B860 / OS미포함 / 800W / 인텔 / 코어울트라 시리즈2 / 코어 울트라5 / 애로우레이크 / 인텔 AI Boost / 13TOPS / DDR5 / 32GB / M.2 / 1TB / NVIDIA / 그래픽 메모리: 16GB / 1Gbps 유선 / HDMI / DP포트 / 파워서플라이 / 미들타워 / 어항형 / 수랭쿨러 / LED쿨러 / 용도: 게임용,"32GB, M.2 1TB",3529670
417,영웅컴퓨터 영웅 울트라게이밍 006 i9-14900KF RTX5070Ti,i9-14900KF / RTX 5070 Ti / (인텔) B760 / OS미포함 / 800W / 인텔 / 코어 14세대 / 코어i9 / 랩터레이크-R / DDR5 / 32GB / M.2 / 1TB / NVIDIA / 그래픽 메모리: 16GB / 1Gbps 유선 / HDMI / DP포트 / 파워서플라이 / 미들타워 / 어항형 / 수랭쿨러 / LED쿨러 / 용도: 게임용,"32GB, M.2 1TB",3809640
418,영웅컴퓨터 영웅 H게이밍 2570F 225F RTX5070,225F / RTX 5070 / (인텔) H810 / OS미포함 / 750W / 인텔 / 코어울트라 시리즈2 / 코어 울트라5 / 애로우레이크 / 인텔 AI Boost / 13TOPS / DDR5 / 32GB / M.2 / 1TB / NVIDIA / 그래픽 메모리: 12GB / 1Gbps 유선 / HDMI / DP포트 / 파워서플라이 / 미들타워 / 어항형 / LED쿨러 / 용도: 게임용,"32GB, M.2 1TB",2589640
419,STCOM STAI-V143,7500F / RTX 5060 / (AMD) A620 / OS미포함 / 600W / AMD / 라이젠 7000시리즈 / 라이젠5 / 라파엘 / DDR5 / 32GB / M.2 / 1TB / NVIDIA / 그래픽 메모리: 8GB / 1Gbps 유선 / HDMI / DP포트 / 파워서플라이 / 미들타워 / 용도: 게임용,"32GB, M.2 1TB",1796750
420,STCOM STAI-V145,i5-12400F / RTX 5060 / (인텔) H610 / OS미포함 / 600W / 인텔 / 코어 12세대 / 코어i5 / 엘더레이크 / DDR4 / 16GB / M.2 / 512GB / NVIDIA / 그래픽 메모리: 8GB / 1Gbps 유선 / HDMI / DP포트 / 파워서플라이 / 미들타워 / 용도: 게임용,"16GB, M.2 512GB",1242910
421,STCOM STAI-V153,i5-14400F / RX 9060 XT / (인텔) H610 / OS미포함 / 600W / 인텔 / 코어 14세대 / 코어i5 / 랩터레이크-R / DDR4 / 16GB / M.2 / 512GB / AMD / 그래픽 메모리: 8GB / 1Gbps 유선 / HDMI / DP포트 / 파워서플라이 / 미들타워 / 용도: 게임용,"16GB, M.2 512GB",1284040
422,다나와표준PC ULTIMAKE ULT-R500F-4060TI,7500F / RTX 4060 Ti / (AMD) A620 / OS미포함 / 750W / AMD / 라이젠 7000시리즈 / 라이젠5 / 라파엘 / DDR5 / 16GB / M.2 / 500GB / NVIDIA / 그래픽 메모리: 8GB / 1Gbps 유선 / HDMI / DP포트 / 파워서플라이 / 미들타워 / 어항형 / 용도: 게임용,"16GB, M.2 500GB",2713840
423,STCOM STAI-V235,9600X / RTX 5060 / (AMD) A620 / OS미포함 / 600W / AMD / 라이젠 9000시리즈 / 라이젠5 / 그래니트 릿지 / DDR5 / 32GB / M.2 / 2TB / NVIDIA / 그래픽 메모리: 8GB / 1Gbps 유선 / HDMI / DP포트 / 파워서플라이 / 미들타워 / 용도: 게임용,"32GB, M.2 2TB",2028590
424,STCOM STAI-V190,9600X / RX 9060 / (AMD) A620 / OS미포함 / 600W / AMD / 라이젠 9000시리즈 / 라이젠5 / 그래니트 릿지 / DDR5 / 32GB / M.2 / 1TB / AMD / 그래픽 메모리: 8GB / 1Gbps 유선 / 파워서플라이 / 미들타워 / 용도: 게임용,"32GB, M.2 1TB",1917600
425,다나와표준PC 게임용 250418,7800X3D / RTX 4060 / (AMD) B650 / OS미포함 / 750W / AMD / 라이젠 7000시리즈 / 라이젠7 / 라파엘 / DDR5 / 16GB / M.2 / 1TB / NVIDIA / 그래픽 메모리: 8GB / 1Gbps 유선 / 파워서플라이 / 미들타워 / 어항형 / LED쿨러 / 용도: 게임용,"16GB, M.2 1TB",2853040
426,영웅컴퓨터 영웅 울트라게이밍 플러스 P001,i7-14700KF / RTX 5070 / (인텔) B760 / OS미포함 / 800W / 인텔 / 코어 14세대 / 코어i7 / 랩터레이크-R / DDR5 / 32GB / M.2 / 1TB / NVIDIA / 그래픽 메모리: 12GB / 1Gbps 유선 / HDMI / DP포트 / 파워서플라이 / 미들타워 / 어항형 / LED쿨러 / 용도: 게임용,"32GB, M.2 1TB",2939640
427,영웅컴퓨터 울트라게이밍 P004,i7-14700KF / RTX 5080 / (인텔) B760 / OS미포함 / 900W / 인텔 / 코어 14세대 / 코어i7 / 랩터레이크-R / DDR5 / 32GB / M.2 / 1TB / NVIDIA / 그래픽 메모리: 16GB / 1Gbps 유선 / HDMI / DP포트 / 파워서플라이 / 미들타워 / 어항형 / LED쿨러 / 용도: 게임용,"32GB, M.2 1TB",4339640
428,영웅컴퓨터 영웅 H게이밍 U5247,245KF / RTX 5070 / (인텔) B860 / OS미포함 / 750W / 인텔 / 코어울트라 시리즈2 / 코어 울트라5 / 애로우레이크 / 인텔 AI Boost / 13TOPS / DDR5 / 32GB / M.2 / 1TB / NVIDIA / 그래픽 메모리: 12GB / 1Gbps 유선 / HDMI / DP포트 / 파워서플라이 / 미들타워 / 어항형 / LED쿨러 / 용도: 게임용,"32GB, M.2 1TB",2669680
429,STCOM STAI-V189,9600X / RX 9060 / (AMD) A620 / OS미포함 / 600W / AMD / 라이젠 9000시리즈 / 라이젠5 / 그래니트 릿지 / DDR5 / 16GB / M.2 / 512GB / AMD / 그래픽 메모리: 8GB / 1Gbps 유선 / 파워서플라이 / 미들타워 / 용도: 게임용,"16GB, M.2 512GB",1465460
430,STCOM STAI-V148,i5-14400F / RTX 5060 / (인텔) B760 / OS미포함 / 600W / 인텔 / 코어 14세대 / 코어i5 / 랩터레이크-R / DDR5 / 32GB / M.2 / 1TB / NVIDIA / 그래픽 메모리: 8GB / 1Gbps 유선 / HDMI / DP포트 / 파워서플라이 / 미들타워 / 용도: 게임용,"32GB, M.2 1TB",1865750
431,STCOM STAI-V152,i5-12400F / RX 9060 XT / (인텔) H610 / OS미포함 / 600W / 인텔 / 코어 12세대 / 코어i5 / 엘더레이크 / DDR4 / 32GB / M.2 / 1TB / AMD / 그래픽 메모리: 8GB / 1Gbps 유선 / HDMI / DP포트 / 파워서플라이 / 미들타워 / 용도: 게임용,"32GB, M.2 1TB",1547240
432,영웅컴퓨터 영웅 H게이밍 4757 i7-14700F RTX5070,i7-14700F / RTX 5070 / (인텔) B760 / OS미포함 / 700W / 인텔 / 코어 14세대 / 코어i7 / 랩터레이크-R / DDR5 / 32GB / M.2 / 1TB / NVIDIA / 그래픽 메모리: 12GB / 1Gbps 유선 / HDMI / DP포트 / 파워서플라이 / 미들타워 / 어항형 / LED쿨러 / 용도: 게임용,"32GB, M.2 1TB",2839680
433,STCOM STAI-V61,i5-14400F / RX 7600 / (인텔) B760 / OS미포함 / 600W / 인텔 / 코어 14세대 / 코어i5 / 랩터레이크-R / DDR5 / 16GB / M.2 / 512GB / AMD / 1Gbps 유선 / 파워서플라이 / 미들타워 / 용도: 게임용,"16GB, M.2 512GB",1382740
434,STCOM 데스크프로 PC A96N56 9600X 5060,9600X / RTX 5060 / (AMD) A620 / OS미포함 / 700W / AMD / 라이젠 9000시리즈 / 라이젠5 / 그래니트 릿지 / DDR5 / 16GB / M.2 / 512GB / NVIDIA / 그래픽 메모리: 8GB / 1Gbps 유선 / HDMI / DP포트 / 파워서플라이 / 미들타워 / 용도: 게임용,"16GB, M.2 512GB",1539720
435,STCOM STAI-V194,i5-14400F / RX 9060 / (인텔) H610 / OS미포함 / 600W / 인텔 / 코어 14세대 / 코어i5 / 랩터레이크-R / DDR4 / 32GB / M.2 / 1TB / AMD / 그래픽 메모리: 8GB / 1Gbps 유선 / 파워서플라이 / 미들타워 / 용도: 게임용,"32GB, M.2 1TB",1525360
436,STCOM STAI-V146,i5-12400F / RTX 5060 / (인텔) H610 / OS미포함 / 600W / 인텔 / 코어 12세대 / 코어i5 / 엘더레이크 / DDR4 / 32GB / M.2 / 1TB / NVIDIA / 그래픽 메모리: 8GB / 1Gbps 유선 / HDMI / DP포트 / 파워서플라이 / 미들타워 / 용도: 게임용,"32GB, M.2 1TB",1569510
437,STCOM STAI-V142,i5-12400F / RTX 5060 / (인텔) B760 / OS미포함 / 600W / 인텔 / 코어 12세대 / 코어i5 / 엘더레이크 / DDR5 / 32GB / M.2 / 1TB / NVIDIA / 그래픽 메모리: 8GB / 1Gbps 유선 / HDMI / DP포트 / 파워서플라이 / 미들타워 / 용도: 게임용,"32GB, M.2 1TB",1793990
438,STCOM STAI-V159,9600X / RX 9060 XT / (AMD) A620 / OS미포함 / 700W / AMD / 라이젠 9000시리즈 / 라이젠5 / 그래니트 릿지 / DDR5 / 16GB / M.2 / 512GB / AMD / 그래픽 메모리: 8GB / 1Gbps 유선 / HDMI / DP포트 / 파워서플라이 / 미들타워 / 용도: 게임용,"16GB, M.2 512GB",1528120
439,다나와표준PC 전문가용 250426,9800X3D / RX 7600 / (AMD) B850 / OS미포함 / 1050W / AMD / 라이젠 9000시리즈 / 라이젠7 / 그래니트 릿지 / DDR5 / 16GB / HDD:2TB / M.2 / 1TB / AMD / 그래픽 메모리: 8GB / 1Gbps 유선 / 파워서플라이 / 미들타워 / 수랭쿨러 / 용도: 게임용,"16GB, M.2 1TB + HDD 2TB",3090000
440,타무즈 게이밍PC TZ33ES6GCAA,7500F / RTX 5060 Ti / (AMD) B650 / OS미포함 / 700W / AMD / 라이젠 7000시리즈 / 라이젠5 / 라파엘 / DDR5 / 16GB / M.2 / 1TB / NVIDIA / 그래픽 메모리: 8GB / 1Gbps 유선 / HDMI / DP포트 / USB3.x 5Gbps / 파워서플라이 / 미들타워 / 어항형 / 용도: 게임용,"16GB, M.2 1TB",1604910
441,다나와표준PC 게임용 230818,7800X3D / RTX 4060 Ti / (AMD) A620 / OS미포함 / 800W / AMD / 라이젠 7000시리즈 / 라이젠7 / 라파엘 / DDR5 / 16GB / M.2 / 1TB / NVIDIA / 그래픽 메모리: 8GB / 1Gbps 유선 / HDMI / DP포트 / 파워서플라이 / 미들타워 / 용도: 게임용,"16GB, M.2 1TB",1956000
442,타무즈 게이밍 TZ310N1FBAA,i5-14400F / RTX 5060 / (인텔) H610 / OS미포함 / 600W / 인텔 / 코어 14세대 / 코어i5 / 랩터레이크-R / DDR4 / 16GB / M.2 / 512GB / NVIDIA / 1Gbps 유선 / HDMI / DP포트 / USB3.x 5Gbps / 파워서플라이 / 미들타워 / 용도: 게임용,"16GB, M.2 512GB",1344080
443,다나와표준PC DPG 게임용 251123,i7-14700KF / RTX 5060 Ti / (인텔) Z790 / OS미포함 / 850W / 인텔 / 코어 14세대 / 코어i7 / 랩터레이크-R / DDR5 / 16GB / M.2 / 1TB / NVIDIA / 그래픽 메모리: 16GB / 1Gbps 유선 / HDMI / DP포트 / 파워서플라이 / 미들타워 / 수랭쿨러 / 용도: 게임용,"16GB, M.2 1TB",3590720
444,다나와표준PC 게임용 250415,7600 / RTX 4060 / (AMD) B650 / OS미포함 / 850W / AMD / 라이젠 7000시리즈 / 라이젠5 / 라파엘 / DDR5 / 16GB / M.2 / 512GB / NVIDIA / 그래픽 메모리: 8GB / 1Gbps 유선 / 파워서플라이 / 미들타워 / 어항형 / LED쿨러 / 용도: 게임용,"16GB, M.2 512GB",2362680
445,다나와표준PC 게임용 250409,5600 / RX 6600 / (AMD) B450 / OS미포함 / 650W / AMD / 라이젠 5000시리즈 / 라이젠5 / 버미어 / DDR4 / 16GB / SSD / 240GB / AMD / 그래픽 메모리: 8GB / 1Gbps 유선 / 파워서플라이 / 미들타워 / LED쿨러 / 용도: 게임용,"16GB, SSD 240GB",1350000
446,STCOM STAI-V227 Win11Home,7500F / RTX 5060 Ti / (AMD) A620 / 윈도우11 / 700W / AMD / 라이젠 7000시리즈 / 라이젠5 / 라파엘 / DDR5 / 32GB / M.2 / 2TB / NVIDIA / 그래픽 메모리: 8GB / 1Gbps 유선 / HDMI / DP포트 / 파워서플라이 / 미들타워 / 용도: 게임용,"32GB, M.2 2TB",2271980
447,타무즈 게이밍PC TZ320S6GCAA,7500F / RTX 5060 Ti / (AMD) B650 / OS미포함 / 700W / AMD / 라이젠 7000시리즈 / 라이젠5 / 라파엘 / DDR5 / 16GB / M.2 / 512GB / NVIDIA / 그래픽 메모리: 8GB / 1Gbps 유선 / HDMI / DP포트 / USB3.x 5Gbps / 파워서플라이 / 미들타워 / 용도: 게임용,"16GB, M.2 512GB",1650590
448,STCOM STAI-V107,7500F / RTX 5060 Ti / (AMD) A620 / OS미포함 / 700W / AMD / 라이젠 7000시리즈 / 라이젠5 / 라파엘 / DDR5 / 32GB / M.2 / 1TB / NVIDIA / 1Gbps 유선 / HDMI / DP포트 / 파워서플라이 / 미들타워 / 용도: 게임용,"32GB, M.2 1TB",1929230
449,STCOM STAI-V218,250K Plus / RTX 5060 Ti / (인텔) B860 / OS미포함 / 700W / 인텔 / 코어울트라 시리즈2 / 코어 울트라5 / 애로우레이크 / 인텔 AI Boost / 13TOPS / DDR5 / 32GB / M.2 / 1TB / NVIDIA / 그래픽 메모리: 8GB / 1Gbps 유선 / 파워서플라이 / 용도: 게임용,"32GB, M.2 1TB",2211670
450,다나와표준PC 전문가용 251127,285K / RTX 5080 / (인텔) Z890 / OS미포함 / 1000W / 인텔 / 코어울트라 시리즈2 / 코어 울트라9 / 애로우레이크 / 인텔 AI Boost / 13TOPS / DDR5 / 32GB / HDD:4TB / M.2 / 1TB / NVIDIA / 그래픽 메모리: 16GB / 1Gbps 유선 / HDMI / DP포트 / 파워서플라이 / 미들타워 / 어항형 / 수랭쿨러 / LED쿨러 / 용도: 게임용,"32GB, M.2 1TB + HDD 4TB",6400000
451,STCOM STAI-V221,225F / RTX 5060 / (인텔) H810 / OS미포함 / 700W / 인텔 / 코어울트라 시리즈2 / 코어 울트라5 / 애로우레이크 / 인텔 AI Boost / 13TOPS / DDR5 / 16GB / M.2 / 512GB / NVIDIA / 그래픽 메모리: 8GB / 1Gbps 유선 / 파워서플라이 / 용도: 게임용,"16GB, M.2 512GB",1422310
452,영웅컴퓨터 영웅컴퓨터 H게이밍 U5257 250KF RTX5070,250KF Plus / RTX 5070 / (인텔) B860 / OS미포함 / 750W / 인텔 / 코어울트라 시리즈2 / 코어 울트라5 / 애로우레이크 / 인텔 AI Boost / 13TOPS / DDR5 / 32GB / M.2 / 1TB / NVIDIA / 그래픽 메모리: 12GB / 1Gbps 유선 / HDMI / DP포트 / 파워서플라이 / 미들타워 / 어항형 / LED쿨러 / 용도: 게임용,"32GB, M.2 1TB",2719620
453,STCOM STAI-V226,5600 / RTX 5060 Ti / (AMD) A520 / OS미포함 / 700W / AMD / 라이젠 5000시리즈 / 라이젠5 / 버미어 / 인텔 AI Boost / 13TOPS / DDR4 / 32GB / M.2 / 2TB / NVIDIA / 그래픽 메모리: 8GB / 1Gbps 유선 / HDMI / DP포트 / 파워서플라이 / 미들타워 / 용도: 게임용,"32GB, M.2 2TB",1790310
454,STCOM STAI-V223,225F / RTX 5060 Ti / (인텔) H810 / OS미포함 / 700W / 인텔 / 코어울트라 시리즈2 / 코어 울트라5 / 애로우레이크 / 인텔 AI Boost / 13TOPS / DDR5 / 16GB / M.2 / 512GB / NVIDIA / 그래픽 메모리: 8GB / 1Gbps 유선 / 파워서플라이 / 용도: 게임용,"16GB, M.2 512GB",1527190
455,STCOM STAI-V216,250KF Plus / RTX 5060 / (인텔) B860 / OS미포함 / 700W / 인텔 / 코어울트라 시리즈2 / 코어 울트라5 / 애로우레이크 / 인텔 AI Boost / 13TOPS / DDR5 / 32GB / M.2 / 1TB / NVIDIA / 그래픽 메모리: 8GB / 1Gbps 유선 / HDMI / DP포트 / 파워서플라이 / 용도: 게임용,"32GB, M.2 1TB",2105870
456,STCOM STAI-V203,245KF / RTX 5060 / (인텔) H810 / OS미포함 / 600W / 인텔 / 코어울트라 시리즈2 / 코어 울트라5 / 애로우레이크 / DDR5 / 16GB / M.2 / 512GB / NVIDIA / 그래픽 메모리: 8GB / 파워서플라이 / 용도: 게임용,"16GB, M.2 512GB",1507870
457,STCOM STAI-V196,i5-12400F / RTX 5050 / (인텔) H610 / OS미포함 / 600W / 인텔 / 코어 12세대 / 코어i5 / 엘더레이크 / DDR4 / 32GB / M.2 / 1TB / NVIDIA / 그래픽 메모리: 8GB / 파워서플라이 / 용도: 게임용,"32GB, M.2 1TB",1541920
458,STCOM STAI-V191,i5-12400F / RX 9060 / (인텔) H610 / OS미포함 / 600W / 인텔 / 코어 12세대 / 코어i5 / 엘더레이크 / DDR4 / 16GB / M.2 / 512GB / AMD / 그래픽 메모리: 8GB / 1Gbps 유선 / 파워서플라이 / 미들타워 / 용도: 게임용,"16GB, M.2 512GB",1128000
459,STCOM STAI-V151,i5-12400F / RX 9060 XT / (인텔) H610 / OS미포함 / 600W / 인텔 / 코어 12세대 / 코어i5 / 엘더레이크 / DDR4 / 16GB / M.2 / 512GB / AMD / 그래픽 메모리: 8GB / 1Gbps 유선 / HDMI / DP포트 / 파워서플라이 / 미들타워 / 용도: 게임용,"16GB, M.2 512GB",1190980
460,영웅컴퓨터 영웅 H게이밍 4561F I5 14400F RTX5060Ti,i5-14400F / RTX 5060 Ti / (인텔) H610 / OS미포함 / 600W / 인텔 / 코어 14세대 / 코어i5 / 랩터레이크-R / DDR5 / 16GB / M.2 / 500GB / NVIDIA / 그래픽 메모리: 8GB / 1Gbps 유선 / HDMI / DP포트 / 파워서플라이 / 미들타워 / 어항형 / LED쿨러 / 용도: 게임용,"16GB, M.2 500GB",1549640
461,영웅컴퓨터 영웅 H게이밍 4457 i5-14400F RTX5070,i5-14400F / RTX 5070 / (인텔) B760 / OS미포함 / 700W / 인텔 / 코어 14세대 / 코어i5 / 랩터레이크-R / DDR5 / 32GB / M.2 / 1TB / NVIDIA / 그래픽 메모리: 12GB / 1Gbps 유선 / HDMI / DP포트 / 파워서플라이 / 미들타워 / 어항형 / LED쿨러 / 용도: 게임용,"32GB, M.2 1TB",2549620
462,영웅컴퓨터 영웅 울트라게이밍 T5245,245KF / RTX 5080 / (인텔) B860 / OS미포함 / 900W / 인텔 / 코어울트라 시리즈2 / 코어 울트라5 / 애로우레이크 / 인텔 AI Boost / 13TOPS / DDR5 / 32GB / M.2 / 1TB / NVIDIA / 그래픽 메모리: 16GB / 1Gbps 유선 / HDMI / DP포트 / 파워서플라이 / 미들타워 / 어항형 / 수랭쿨러 / LED쿨러 / 용도: 게임용,"32GB, M.2 1TB",4189660
463,영웅컴퓨터 영웅 H게이밍 4646K,i5-14600KF / RTX 5060 / (인텔) B760 / OS미포함 / 700W / 인텔 / 코어 14세대 / 코어i5 / 랩터레이크-R / DDR5 / 16GB / M.2 / 500GB / NVIDIA / 그래픽 메모리: 8GB / 1Gbps 유선 / HDMI / DP포트 / 파워서플라이 / 미들타워 / LED쿨러 / 용도: 게임용,"16GB, M.2 500GB",1639600
464,영웅컴퓨터 영웅 H게이밍 4746,i7-14700F / RTX 5060 / (인텔) B760 / OS미포함 / 700W / 인텔 / 코어 14세대 / 코어i7 / 랩터레이크-R / DDR5 / 16GB / M.2 / 500GB / NVIDIA / 그래픽 메모리: 8GB / 1Gbps 유선 / HDMI / DP포트 / 파워서플라이 / 미들타워 / LED쿨러 / 용도: 게임용,"16GB, M.2 500GB",1867160
465,영웅컴퓨터 영웅 울트라게이밍 004 I7-14700KF RTX5070Ti,i7-14700KF / RTX 5070 Ti / (인텔) B760 / OS미포함 / 800W / 인텔 / 코어 14세대 / 코어i7 / 랩터레이크-R / DDR5 / 32GB / M.2 / 1TB / NVIDIA / 그래픽 메모리: 16GB / 1Gbps 유선 / HDMI / DP포트 / 파워서플라이 / 미들타워 / 어항형 / LED쿨러 / 용도: 게임용,"32GB, M.2 1TB",3719590
466,STCOM STAI-V227,7500F / RTX 5060 Ti / (AMD) A620 / OS미포함 / 700W / AMD / 라이젠 7000시리즈 / 라이젠5 / 라파엘 / DDR5 / 32GB / M.2 / 2TB / NVIDIA / 그래픽 메모리: 8GB / 1Gbps 유선 / HDMI / DP포트 / 파워서플라이 / 미들타워 / 용도: 게임용,"32GB, M.2 2TB",2045150
467,STCOM STAI-V224,225F / RTX 5060 Ti / (인텔) H810 / OS미포함 / 700W / 인텔 / 코어울트라 시리즈2 / 코어 울트라5 / 애로우레이크 / 인텔 AI Boost / 13TOPS / DDR5 / 32GB / M.2 / 1TB / NVIDIA / 그래픽 메모리: 8GB / 1Gbps 유선 / 파워서플라이 / 용도: 게임용,"32GB, M.2 1TB",1938430
468,STCOM STAI-V222,225F / RTX 5060 / (인텔) H810 / OS미포함 / 700W / 인텔 / 코어울트라 시리즈2 / 코어 울트라5 / 애로우레이크 / 인텔 AI Boost / 13TOPS / DDR5 / 32GB / M.2 / 1TB / NVIDIA / 그래픽 메모리: 8GB / 1Gbps 유선 / 파워서플라이 / 용도: 게임용,"32GB, M.2 1TB",1833550
469,STCOM STAI-V217,250KF Plus / RTX 5060 Ti / (인텔) B860 / OS미포함 / 700W / 인텔 / 코어울트라 시리즈2 / 코어 울트라5 / 애로우레이크 / 인텔 AI Boost / 13TOPS / DDR5 / 16GB / M.2 / 512GB / NVIDIA / 그래픽 메모리: 8GB / 1Gbps 유선 / HDMI / DP포트 / 파워서플라이 / 용도: 게임용,"16GB, M.2 512GB",1800430
470,STCOM STAI-V206,245KF / RTX 5060 Ti / (인텔) H810 / OS미포함 / 700W / 인텔 / 코어울트라 시리즈2 / 코어 울트라5 / 애로우레이크 / DDR5 / 32GB / M.2 / 1TB / NVIDIA / 그래픽 메모리: 8GB / 파워서플라이 / 용도: 게임용,"32GB, M.2 1TB",2023990
471,STCOM STAI-V205,245KF / RTX 5060 Ti / (인텔) H810 / OS미포함 / 700W / 인텔 / 코어울트라 시리즈2 / 코어 울트라5 / 애로우레이크 / DDR5 / 16GB / M.2 / 512GB / NVIDIA / 그래픽 메모리: 8GB / 파워서플라이 / 용도: 게임용,"16GB, M.2 512GB",1608150
472,STCOM STAI-V197,i5-14400F / RTX 5050 / (인텔) H610 / OS미포함 / 600W / 인텔 / 코어 14세대 / 코어i5 / 랩터레이크-R / DDR4 / 16GB / M.2 / 512GB / NVIDIA / 그래픽 메모리: 8GB / 파워서플라이 / 용도: 게임용,"16GB, M.2 512GB",1255800
473,영웅컴퓨터 영웅 게이밍울트라 7550X 7500X3D RTX5050,7500X3D / RTX 5050 / (AMD) A620 / OS미포함 / 750W / AMD / 라이젠 7000시리즈 / 라이젠5 / 라파엘 / DDR5 / 32GB / M.2 / 1TB / NVIDIA / 그래픽 메모리: 8GB / 1Gbps 유선 / HDMI / DP포트 / USB3.x 5Gbps / 파워서플라이 / 미들타워 / 어항형 / LED쿨러 / 용도: 게임용,"32GB, M.2 1TB",1877110
474,다나와표준PC 게임용 251210,7500F / RX 6600 / (AMD) B650 / OS미포함 / 800W / AMD / 라이젠 7000시리즈 / 라이젠5 / 라파엘 / DDR5 / 16GB / M.2 / 1TB / AMD / 그래픽 메모리: 8GB / 1Gbps 유선 / HDMI / DP포트 / 파워서플라이 / 미들타워 / 어항형 / LED쿨러 / 용도: 게임용,"16GB, M.2 1TB",1550000
475,다나와표준PC 온라인강의용 250907,i5-14400 / RTX 5050 / (인텔) B760 / OS미포함 / 700W / 인텔 / 코어 14세대 / 코어i5 / 랩터레이크-R / DDR5 / 16GB / M.2 / 500GB / NVIDIA / 그래픽 메모리: 8GB / 1Gbps 유선 / HDMI / DP포트 / 파워서플라이 / 미들타워 / LED쿨러 / 용도: 게임용,"16GB, M.2 500GB",1950000
476,다나와표준PC 온라인강의용 250906,7500F / RX 6600 / (AMD) B650 / OS미포함 / 650W / AMD / 라이젠 7000시리즈 / 라이젠5 / 라파엘 / DDR5 / 16GB / M.2 / 256GB / AMD / 그래픽 메모리: 8GB / 1Gbps 유선 / 파워서플라이 / 미들타워 / 어항형 / LED쿨러 / 용도: 게임용,"16GB, M.2 256GB",1410000
477,다나와표준PC 게임용 250718,9600X / RX 9060 XT / (AMD) B850 / OS미포함 / 850W / AMD / 라이젠 9000시리즈 / 라이젠5 / 그래니트 릿지 / DDR5 / 16GB / M.2 / 1TB / AMD / 그래픽 메모리: 16GB / 1Gbps 유선 / 파워서플라이 / 빅타워 / 어항형 / LED쿨러 / 용도: 게임용,"16GB, M.2 1TB",2169000
478,STCOM STAI-V157,7500F / RX 9060 XT / (AMD) A620 / OS미포함 / 600W / AMD / 라이젠 7000시리즈 / 라이젠5 / 라파엘 / DDR5 / 16GB / M.2 / 512GB / AMD / 그래픽 메모리: 8GB / 1Gbps 유선 / HDMI / DP포트 / 파워서플라이 / 미들타워 / 용도: 게임용,"16GB, M.2 512GB",1446660
479,STCOM STAI-V154,i5-14400F / RX 9060 XT / (인텔) H610 / OS미포함 / 600W / 인텔 / 코어 14세대 / 코어i5 / 랩터레이크-R / DDR4 / 32GB / M.2 / 1TB / AMD / 그래픽 메모리: 8GB / 1Gbps 유선 / HDMI / DP포트 / 파워서플라이 / 미들타워 / 용도: 게임용,"32GB, M.2 1TB",1639360
480,STCOM STAI-V99,i5-14400F / RTX 5060 Ti / (인텔) B760 / OS미포함 / 700W / 인텔 / 코어 14세대 / 코어i5 / 랩터레이크-R / DDR5 / 32GB / M.2 / 1TB / NVIDIA / 1Gbps 유선 / HDMI / DP포트 / 파워서플라이 / 미들타워 / 용도: 게임용,"32GB, M.2 1TB",1975230
481,영웅컴퓨터 영웅 H게이밍 4657 i5-14600KF RTX5070,i5-14600KF / RTX 5070 / (인텔) B760 / OS미포함 / 750W / 인텔 / 코어 14세대 / 코어i5 / 랩터레이크-R / DDR5 / 32GB / M.2 / 1TB / NVIDIA / 그래픽 메모리: 12GB / 1Gbps 유선 / HDMI / DP포트 / 파워서플라이 / 미들타워 / 어항형 / LED쿨러 / 용도: 게임용,"32GB, M.2 1TB",2649670
482,다나와표준PC 게임용 250215,7600 / RTX 4060 / (AMD) B650 / OS미포함 / 800W / AMD / 라이젠 7000시리즈 / 라이젠5 / 라파엘 / DDR5 / 16GB / M.2 / 500GB / NVIDIA / 그래픽 메모리: 8GB / 1Gbps 유선 / HDMI / DP포트 / 파워서플라이 / 미들타워 / LED쿨러 / 용도: 게임용,"16GB, M.2 500GB",2410050
483,영웅컴퓨터 울트라게이밍 P002,i5-14600KF / RTX 5080 / (인텔) B760 / OS미포함 / 900W / 인텔 / 코어 14세대 / 코어i5 / 랩터레이크-R / DDR5 / 32GB / M.2 / 1TB / NVIDIA / 그래픽 메모리: 16GB / 1Gbps 유선 / HDMI / DP포트 / 파워서플라이 / 미들타워 / 어항형 / LED쿨러 / 용도: 게임용,"32GB, M.2 1TB",4163960
484,STCOM STAI-V215,250KF Plus / RTX 5060 / (인텔) B860 / OS미포함 / 700W / 인텔 / 코어울트라 시리즈2 / 코어 울트라5 / 애로우레이크 / 인텔 AI Boost / 13TOPS / DDR5 / 16GB / M.2 / 512GB / NVIDIA / 그래픽 메모리: 8GB / 1Gbps 유선 / HDMI / DP포트 / 파워서플라이 / 용도: 게임용,"16GB, M.2 512GB",1694630
485,STCOM STAI-V212,250KF Plus / RTX 5060 Ti / (인텔) B860 / OS미포함 / 700W / 인텔 / 코어울트라 시리즈2 / 코어 울트라5 / 애로우레이크 / 인텔 AI Boost / 13TOPS / DDR5 / 32GB / M.2 / 1TB / NVIDIA / 그래픽 메모리: 8GB / 파워서플라이 / 용도: 게임용,"32GB, M.2 1TB",2201550
486,STCOM STAI-V211,250KF Plus / RTX 5060 Ti / (인텔) B860 / OS미포함 / 700W / 인텔 / 코어울트라 시리즈2 / 코어 울트라5 / 애로우레이크 / DDR5 / 16GB / M.2 / 512GB / NVIDIA / 그래픽 메모리: 8GB / 파워서플라이 / 용도: 게임용,"16GB, M.2 512GB",1790310
487,STCOM STAI-V210,250KF Plus / RTX 5060 / (인텔) B860 / OS미포함 / 700W / 인텔 / 코어울트라 시리즈2 / 코어 울트라5 / 애로우레이크 / DDR5 / 32GB / M.2 / 1TB / NVIDIA / 그래픽 메모리: 8GB / 파워서플라이 / 용도: 게임용,"32GB, M.2 1TB",2095750
488,STCOM STAI-V209,250KF Plus / RTX 5060 / (인텔) B860 / OS미포함 / 700W / 인텔 / 코어울트라 시리즈2 / 코어 울트라5 / 애로우레이크 / DDR5 / 16GB / M.2 / 512GB / NVIDIA / 그래픽 메모리: 8GB / 파워서플라이 / 용도: 게임용,"16GB, M.2 512GB",1684510
489,STCOM STAI-V204,245KF / RTX 5060 / (인텔) H810 / OS미포함 / 600W / 인텔 / 코어울트라 시리즈2 / 코어 울트라5 / 애로우레이크 / DDR5 / 32GB / M.2 / 1TB / NVIDIA / 그래픽 메모리: 8GB / 파워서플라이 / 용도: 게임용,"32GB, M.2 1TB",1923710
490,STCOM STAI-V202,7500F / RTX 5050 / (AMD) A620 / OS미포함 / 600W / AMD / 라이젠 7000시리즈 / 라이젠5 / 라파엘 / DDR5 / 32GB / M.2 / 1TB / NVIDIA / 그래픽 메모리: 8GB / 파워서플라이 / 용도: 게임용,"32GB, M.2 1TB",1822660
491,STCOM STAI-V200,5600 / RTX 5050 / (AMD) A520 / OS미포함 / 600W / AMD / 라이젠 5000시리즈 / 라이젠5 / 버미어 / DDR4 / 32GB / M.2 / 1TB / NVIDIA / 그래픽 메모리: 8GB / 파워서플라이 / 용도: 게임용,"32GB, M.2 1TB",1550060
492,STCOM STAI-V198,i5-14400F / RTX 5050 / (인텔) H610 / OS미포함 / 600W / 인텔 / 코어 14세대 / 코어i5 / 랩터레이크-R / DDR4 / 32GB / M.2 / 1TB / NVIDIA / 그래픽 메모리: 8GB / 파워서플라이 / 용도: 게임용,"32GB, M.2 1TB",1637480
493,STCOM STAI-V195,i5-12400F / RTX 5050 / (인텔) H610 / OS미포함 / 600W / 인텔 / 코어 12세대 / 코어i5 / 엘더레이크 / DDR4 / 16GB / M.2 / 512GB / NVIDIA / 그래픽 메모리: 8GB / 파워서플라이 / 용도: 게임용,"16GB, M.2 512GB",1220120
494,영웅컴퓨터 게이밍울트라 7456T R5 7400F RTX5060Ti,7400F / RTX 5060 Ti / (AMD) A620 / OS미포함 / 600W / AMD / 라이젠 7000시리즈 / 라이젠5 / 라파엘 / DDR5 / 32GB / M.2 / 1TB / NVIDIA / 그래픽 메모리: 8GB / 1Gbps 유선 / HDMI / DP포트 / 파워서플라이 / 미들타워 / LED쿨러 / 용도: 게임용,"32GB, M.2 1TB",1907160
495,영웅컴퓨터 영웅 H게이밍 U5246,245KF / RTX 5060 Ti / (인텔) B860 / OS미포함 / 750W / 인텔 / 코어울트라 시리즈2 / 코어 울트라5 / 애로우레이크 / 인텔 AI Boost / 13TOPS / DDR5 / 32GB / M.2 / 1TB / NVIDIA / 그래픽 메모리: 8GB / 1Gbps 유선 / HDMI / DP포트 / 파워서플라이 / 미들타워 / 어항형 / LED쿨러 / 용도: 게임용,"32GB, M.2 1TB",2169600
496,영웅컴퓨터 영웅 게이밍울트라 7557TX 7500X3D RTX5070Ti,7500X3D / RTX 5070 Ti / (AMD) A620 / OS미포함 / 750W / AMD / 라이젠 7000시리즈 / 라이젠5 / 라파엘 / DDR5 / 32GB / M.2 / 1TB / NVIDIA / 그래픽 메모리: 12GB / 1Gbps 유선 / HDMI / DP포트 / USB3.x 5Gbps / 파워서플라이 / 미들타워 / 어항형 / LED쿨러 / 용도: 게임용,"32GB, M.2 1TB",3409610
497,다나와표준PC 게임용 251220,245K / RTX 5060 / (인텔) B860 / OS미포함 / 850W / 인텔 / 코어울트라 시리즈2 / 코어 울트라5 / 애로우레이크 / 인텔 AI Boost / 13TOPS / DDR5 / 16GB / M.2 / 1TB / NVIDIA / 그래픽 메모리: 8GB / 1Gbps 유선 / HDMI / DP포트 / 파워서플라이 / 미들타워 / 수랭쿨러 / LED쿨러 / 용도: 게임용,"16GB, M.2 1TB",2590000
498,다나와표준PC 게임용 251216,245K / RTX 5050 / (인텔) B860 / OS미포함 / 850W / 인텔 / 코어울트라 시리즈2 / 코어 울트라5 / 애로우레이크 / 인텔 AI Boost / 13TOPS / DDR5 / 16GB / M.2 / 1TB / NVIDIA / 그래픽 메모리: 8GB / 1Gbps 유선 / HDMI / DP포트 / 파워서플라이 / 미들타워 / LED쿨러 / 용도: 게임용,"16GB, M.2 1TB",1980000
499,다나와표준PC 게임용 251110,7500F / RX 6600 / (AMD) B650 / OS미포함 / 850W / AMD / 라이젠 7000시리즈 / 라이젠5 / 라파엘 / DDR5 / 16GB / M.2 / 512GB / AMD / 그래픽 메모리: 8GB / 1Gbps 유선 / HDMI / DP포트 / 파워서플라이 / 미들타워 / 어항형 / LED쿨러 / 용도: 게임용,"16GB, M.2 512GB",2078110
500,다나와표준PC 게임용 251009,7500F / RX 6600 / (AMD) B650 / OS미포함 / 700W / AMD / 라이젠 7000시리즈 / 라이젠5 / 라파엘 / DDR5 / 16GB / M.2 / 512GB / AMD / 그래픽 메모리: 8GB / 1Gbps 유선 / 802.11ax(Wi-Fi 6) 무선 / 블루투스 / HDMI / DP포트 / 파워서플라이 / 미들타워 / 어항형 / LED쿨러 / 용도: 게임용,"16GB, M.2 512GB",1699000
501,다나와표준PC 게임용 250912,i5-14400F / RTX 5060 Ti / (인텔) B760 / OS미포함 / 850W / 인텔 / 코어 14세대 / 코어i5 / 랩터레이크-R / DDR5 / 16GB / M.2 / 500GB / NVIDIA / 그래픽 메모리: 16GB / 1Gbps 유선 / HDMI / DP포트 / 파워서플라이 / 미들타워 / 어항형 / LED쿨러 / 용도: 게임용,"16GB, M.2 500GB",2320000
502,다나와표준PC 온라인강의용 250905,8600G / 760M / (AMD) B650 / OS미포함 / 700W / AMD / 라이젠 8000시리즈 / 라이젠5 / 피닉스 / DDR5 / 16GB / SSD / 240GB / AMD / 1Gbps 유선 / 파워서플라이 / 미들타워 / LED쿨러 / 용도: 게임용,"16GB, SSD 240GB",1775860
503,STCOM STAI-V192,i5-12400F / RX 9060 / (인텔) H610 / OS미포함 / 600W / 인텔 / 코어 12세대 / 코어i5 / 엘더레이크 / DDR4 / 32GB / M.2 / 1TB / AMD / 그래픽 메모리: 8GB / 1Gbps 유선 / 파워서플라이 / 미들타워 / 용도: 게임용,"32GB, M.2 1TB",1483320
504,STCOM STAI-V186,7500F / RX 9060 / (AMD) A620 / OS미포함 / 600W / AMD / 라이젠 7000시리즈 / 라이젠5 / 라파엘 / DDR5 / 16GB / M.2 / 512GB / AMD / 그래픽 메모리: 8GB / 1Gbps 유선 / 파워서플라이 / 미들타워 / 용도: 게임용,"16GB, M.2 512GB",1352660
505,STCOM STAI-V185,7500F / RX 9060 / (AMD) A620 / OS미포함 / 600W / AMD / 라이젠 7000시리즈 / 라이젠5 / 라파엘 / DDR5 / 32GB / M.2 / 1TB / AMD / 그래픽 메모리: 8GB / 1Gbps 유선 / 파워서플라이 / 미들타워 / 용도: 게임용,"32GB, M.2 1TB",1804800
506,STCOM STAI-V173,i5-12400F / RX 9060 XT / (인텔) H610 / OS미포함 / 600W / 인텔 / 코어 12세대 / 코어i5 / 엘더레이크 / DDR4 / 32GB / M.2 / 1TB / AMD / 그래픽 메모리: 16GB / 1Gbps 유선 / HDMI / DP포트 / 파워서플라이 / 미들타워 / 용도: 게임용,"32GB, M.2 1TB",1582400
507,다나와표준PC DPG 게임용 250821,i5-14600KF / RTX 5060 Ti / (인텔) B760 / OS미포함 / 850W / 인텔 / 코어 14세대 / 코어i5 / 랩터레이크-R / DDR5 / 16GB / M.2 / 1TB / NVIDIA / 그래픽 메모리: 16GB / 1Gbps 유선 / HDMI / DP포트 / 파워서플라이 / 미들타워 / LED쿨러 / 용도: 게임용,"16GB, M.2 1TB",2450000
508,다나와표준PC 온라인강의용 250806,7500F / RX 6600 / (AMD) B650 / OS미포함 / 700W / AMD / 라이젠 7000시리즈 / 라이젠5 / 라파엘 / DDR5 / 16GB / M.2 / 256GB / AMD / 그래픽 메모리: 8GB / 1Gbps 유선 / 파워서플라이 / 미들타워 / LED쿨러 / 용도: 게임용,"16GB, M.2 256GB",1669990
509,다나와표준PC DPG 게임용 250722,9800X3D / RTX 5070 / (AMD) X870E / OS미포함 / 850W / AMD / 라이젠 9000시리즈 / 라이젠7 / 그래니트 릿지 / DDR5 / 16GB / M.2 / 1TB / NVIDIA / 그래픽 메모리: 12GB / 1Gbps 유선 / 파워서플라이 / 미들타워 / 어항형 / 수랭쿨러 / LED쿨러 / 용도: 게임용,"16GB, M.2 1TB",3550000
510,다나와표준PC DPG 게임용 250621,i5-14600KF / RTX 5060 Ti / (인텔) B760 / OS미포함 / 850W / 인텔 / 코어 14세대 / 코어i5 / 랩터레이크-R / DDR5 / 16GB / M.2 / 1TB / NVIDIA / 그래픽 메모리: 16GB / 1Gbps 유선 / 파워서플라이 / 빅타워 / 어항형 / LED쿨러 / 용도: 게임용,"16GB, M.2 1TB",2348000
511,다나와표준PC 게임용 250613,7600 / RX 7600 / (AMD) B650 / OS미포함 / 800W / AMD / 라이젠 7000시리즈 / 라이젠5 / 라파엘 / DDR5 / 16GB / M.2 / 500GB / AMD / 그래픽 메모리: 8GB / 1Gbps 유선 / 파워서플라이 / 미들타워 / 어항형 / LED쿨러 / 용도: 게임용,"16GB, M.2 500GB",2133600
512,다나와표준PC 전문가용 250526,9800X3D / RX 7600 / (AMD) X870E / OS미포함 / 1050W / AMD / 라이젠 9000시리즈 / 라이젠7 / 그래니트 릿지 / DDR5 / 16GB / HDD:2TB / M.2 / 1TB / AMD / 그래픽 메모리: 8GB / 1Gbps 유선 / 파워서플라이 / 미들타워 / 어항형 / 수랭쿨러 / LED쿨러 / 용도: 게임용,"16GB, M.2 1TB + HDD 2TB",3590000
513,다나와표준PC DPG 게임용 250521,i5-14600KF / RTX 5060 Ti / (인텔) B760 / OS미포함 / 850W / 인텔 / 코어 14세대 / 코어i5 / 랩터레이크-R / DDR5 / 16GB / M.2 / 1TB / NVIDIA / 그래픽 메모리: 16GB / 1Gbps 유선 / 파워서플라이 / 미들타워 / LED쿨러 / 용도: 게임용,"16GB, M.2 1TB",2549000
514,다나와표준PC 게임용 250517,7800X3D / RTX 5060 Ti / (AMD) B850 / OS미포함 / 750W / AMD / 라이젠 7000시리즈 / 라이젠7 / 라파엘 / DDR5 / 16GB / M.2 / 1TB / NVIDIA / 그래픽 메모리: 16GB / 1Gbps 유선 / 파워서플라이 / 미들타워 / 어항형 / LED쿨러 / 용도: 게임용,"16GB, M.2 1TB",3378110
515,다나와표준PC 게임용 250514,7600 / RX 7600 / (AMD) B850 / OS미포함 / 750W / AMD / 라이젠 7000시리즈 / 라이젠5 / 라파엘 / DDR5 / 16GB / M.2 / 512GB / AMD / 그래픽 메모리: 8GB / 1Gbps 유선 / 파워서플라이 / 미들타워 / 어항형 / LED쿨러 / 용도: 게임용,"16GB, M.2 512GB",1800000
516,STCOM STAI-V72,i5-14400F / RX 7600 / (인텔) H610 / OS미포함 / 600W / 인텔 / 코어 14세대 / 코어i5 / 랩터레이크-R / DDR4 / 32GB / M.2 / 1TB / AMD / 1Gbps 유선 / 파워서플라이 / 미들타워 / 용도: 게임용,"32GB, M.2 1TB",1567920
517,STCOM STAI-V62,i5-14400F / RX 7600 / (인텔) B760 / OS미포함 / 600W / 인텔 / 코어 14세대 / 코어i5 / 랩터레이크-R / DDR5 / 32GB / M.2 / 1TB / AMD / 1Gbps 유선 / 파워서플라이 / 미들타워 / 용도: 게임용,"32GB, M.2 1TB",1844280
518,다나와표준PC 게임용 250214,7600 / RTX 4060 / (AMD) B650 / OS미포함 / 800W / AMD / 라이젠 7000시리즈 / 라이젠5 / 라파엘 / DDR5 / 16GB / M.2 / 500GB / NVIDIA / 그래픽 메모리: 8GB / 1Gbps 유선 / HDMI / DP포트 / 파워서플라이 / 미들타워 / LED쿨러 / 용도: 게임용,"16GB, M.2 500GB",2484270
519,다나와표준PC 게임용 250212,i3-14100F / RTX 3050 / (인텔) B760 / OS미포함 / 650W / 인텔 / 코어 14세대 / 코어i3 / 랩터레이크-R / DDR5 / 16GB / M.2 / 500GB / NVIDIA / 그래픽 메모리: 6GB / 1Gbps 유선 / HDMI / DP포트 / 파워서플라이 / 미들타워 / LED쿨러 / 용도: 게임용,"16GB, M.2 500GB",1914260
520,다나와표준PC 게임용 250211,7500F / RX 6600 / (AMD) A620 / OS미포함 / 600W / AMD / 라이젠 7000시리즈 / 라이젠5 / 라파엘 / DDR5 / 16GB / M.2 / 500GB / AMD / 그래픽 메모리: 8GB / 1Gbps 유선 / HDMI / DP포트 / 파워서플라이 / 미들타워 / LED쿨러 / 용도: 게임용,"16GB, M.2 500GB",2120000
521,다나와표준PC 게임용 250210,7500F / RTX 3050 / (AMD) A620 / OS미포함 / 700W / AMD / 라이젠 7000시리즈 / 라이젠5 / 라파엘 / DDR5 / 16GB / M.2 / 256GB / NVIDIA / 그래픽 메모리: 6GB / 1Gbps 유선 / HDMI / DP포트 / 파워서플라이 / 미들타워 / 어항형 / LED쿨러 / 용도: 게임용,"16GB, M.2 256GB",2010980
522,STCOM STCP-i5,i5-14400F / RTX 5060 / (인텔) H610 / OS미포함 / 600W / 인텔 / 코어 14세대 / 코어i5 / 랩터레이크-R / DDR4 / 32GB / M.2 / 1TB / NVIDIA / 그래픽 메모리: 8GB / 1Gbps 유선 / HDMI / DP포트 / 파워서플라이 / 미들타워 / LED쿨러 / 용도: 게임용,"32GB, M.2 1TB",1598000
523,제이씨현 제플PC 게이밍 익스프레션 G33,7800X3D / RX 9070 XT / (AMD) B650 / OS미포함 / 850W / AMD / 라이젠 7000시리즈 / 라이젠7 / 라파엘 / DDR5 / 32GB / M.2 / 1TB / AMD / 그래픽 메모리: 16GB / 1Gbps 유선 / HDMI / DP포트 / 파워서플라이 / 미들타워 / LED쿨러 / 용도: 게임용,"32GB, M.2 1TB",2890000
524,다나와표준PC DPG 게임용 251023,265KF / RTX 5060 Ti / (인텔) B860 / OS미포함 / 850W / 인텔 / 코어울트라 시리즈2 / 코어 울트라7 / 애로우레이크 / 인텔 AI Boost / 13TOPS / DDR5 / 16GB / M.2 / 1TB / NVIDIA / 그래픽 메모리: 16GB / 1Gbps 유선 / HDMI / DP포트 / 파워서플라이 / 미들타워 / 어항형 / 수랭쿨러 / LED쿨러 / 용도: 게임용,"16GB, M.2 1TB",3170000
525,다나와표준PC ULTIMAKE ULT-IU285K-5070,285K / RTX 5070 / (인텔) Z890 / OS미포함 / 1000W / 인텔 / 코어울트라 시리즈2 / 코어 울트라9 / 애로우레이크 / 인텔 AI Boost / 13TOPS / DDR5 / 64GB / M.2 / 1TB / NVIDIA / 그래픽 메모리: 12GB / 1Gbps 유선 / HDMI / DP포트 / 파워서플라이 / 미들타워 / 수랭쿨러 / LED쿨러 / 용도: 게임용,"64GB, M.2 1TB",6948050
526,다나와표준PC 게임용 260120,245K / RTX 5060 / (인텔) H810 / OS미포함 / 750W / 인텔 / 코어울트라 시리즈2 / 코어 울트라5 / 애로우레이크 / 인텔 AI Boost / 13TOPS / DDR5 / 16GB / M.2 / 1TB / NVIDIA / 그래픽 메모리: 8GB / 1Gbps 유선 / HDMI / DP포트 / 파워서플라이 / 미들타워 / 수랭쿨러 / LED쿨러 / 용도: 게임용,"16GB, M.2 1TB",3156760
527,STCOM STAI-V140 Win11Home,7500F / RTX 5060 / (AMD) A620 / 윈도우11 / 600W / AMD / 라이젠 7000시리즈 / 라이젠5 / 라파엘 / DDR5 / 16GB / M.2 / 512GB / NVIDIA / 그래픽 메모리: 8GB / 1Gbps 유선 / HDMI / DP포트 / 파워서플라이 / 미들타워 / 용도: 게임용,"16GB, M.2 512GB",1617740
528,다나와표준PC 전문가용 250626,9800X3D / RX 7600 / (AMD) B850 / OS미포함 / 1050W / AMD / 라이젠 9000시리즈 / 라이젠7 / 그래니트 릿지 / DDR5 / 16GB / HDD:2TB / M.2 / 1TB / AMD / 그래픽 메모리: 8GB / 1Gbps 유선 / 파워서플라이 / 미들타워 / 어항형 / 수랭쿨러 / LED쿨러 / 용도: 게임용,"16GB, M.2 1TB + HDD 2TB",3040000
529,다나와표준PC DPG 게임용 250523,225F / RTX 5070 / (인텔) Z890 / OS미포함 / 850W / 인텔 / 코어울트라 시리즈2 / 코어 울트라5 / 애로우레이크 / 인텔 AI Boost / 13TOPS / DDR5 / 16GB / M.2 / 1TB / NVIDIA / 그래픽 메모리: 12GB / 1Gbps 유선 / 파워서플라이 / 미들타워 / 어항형 / LED쿨러 / 용도: 게임용,"16GB, M.2 1TB",3550000
530,다나와표준PC 게임용 250515,7600 / RTX 5060 Ti / (AMD) B850 / OS미포함 / 850W / AMD / 라이젠 7000시리즈 / 라이젠5 / 라파엘 / DDR5 / 16GB / M.2 / 512GB / NVIDIA / 그래픽 메모리: 16GB / 1Gbps 유선 / 파워서플라이 / 미들타워 / 어항형 / LED쿨러 / 용도: 게임용,"16GB, M.2 512GB",2150000
531,다나와표준PC 게임용 250220,i7-14700KF / RX 7700 XT / (인텔) B760 / OS미포함 / 750W / 인텔 / 코어 14세대 / 코어i7 / 랩터레이크-R / DDR5 / 16GB / M.2 / 1TB / AMD / 그래픽 메모리: 12GB / 1Gbps 유선 / HDMI / DP포트 / 파워서플라이 / 미들타워 / 어항형 / 수랭쿨러 / LED쿨러 / 용도: 게임용,"16GB, M.2 1TB",3088100
532,마이피씨샵 명품 DIY 게이밍 14400F RTX5060,i5-14400F / RTX 5060 / (인텔) H610 / OS미포함 / 600W / 인텔 / 코어 14세대 / 코어i5 / 랩터레이크-R / DDR5 / 16GB / M.2 / 500GB / NVIDIA / 그래픽 메모리: 8GB / 1Gbps 유선 / HDMI / DP포트 / 파워서플라이 / 미들타워 / 용도: 게임용,"16GB, M.2 500GB",1634490
533,타무즈 게이밍PC TZ300S6FAA,7500F / RTX 5060 / (AMD) B650 / OS미포함 / 600W / AMD / 라이젠 7000시리즈 / 라이젠5 / 라파엘 / DDR5 / 16GB / M.2 / 512GB / NVIDIA / 그래픽 메모리: 8GB / 1Gbps 유선 / HDMI / DP포트 / USB3.x 5Gbps / USB C타입 5Gbps / 파워서플라이 / 미들타워 / 용도: 게임용,"16GB, M.2 512GB",1497310
534,STCOM STAI-V108 Win11Home,9600X / RTX 5060 Ti / (AMD) A620 / 윈도우11 / 700W / AMD / 라이젠 9000시리즈 / 라이젠5 / 그래니트 릿지 / DDR5 / 16GB / M.2 / 512GB / NVIDIA / 1Gbps 유선 / HDMI / DP포트 / 파워서플라이 / 미들타워 / 용도: 게임용,"16GB, M.2 512GB",1829240
535,STCOM STAI-V117,7800X3D / RTX 5070 / (AMD) B650 / OS미포함 / 850W / AMD / 라이젠 7000시리즈 / 라이젠7 / 라파엘 / DDR5 / 32GB / M.2 / 1TB / NVIDIA / 1Gbps 유선 / HDMI / DP포트 / 파워서플라이 / 미들타워 / 용도: 게임용,"32GB, M.2 1TB",3021160
536,STCOM STAI-V97,i5-12400F / RTX 5060 Ti / (인텔) H610 / OS미포함 / 700W / 인텔 / 코어 12세대 / 코어i5 / 엘더레이크 / DDR4 / 32GB / M.2 / 1TB / NVIDIA / 1Gbps 유선 / HDMI / DP포트 / 파워서플라이 / 미들타워 / 용도: 게임용,"32GB, M.2 1TB",1728990
537,STCOM STAI-V226 Win11Home,5600 / RTX 5060 Ti / (AMD) A520 / 윈도우11 / 700W / AMD / 라이젠 5000시리즈 / 라이젠5 / 버미어 / 인텔 AI Boost / 13TOPS / DDR4 / 32GB / M.2 / 2TB / NVIDIA / 그래픽 메모리: 8GB / 1Gbps 유선 / HDMI / DP포트 / 파워서플라이 / 미들타워 / 용도: 게임용,"32GB, M.2 2TB",2011600
538,다나와표준PC 전문가용 251225,265K / RTX 5060 / (인텔) B860 / OS미포함 / 700W / 인텔 / 코어울트라 시리즈2 / 코어 울트라7 / 애로우레이크 / 인텔 AI Boost / 13TOPS / DDR5 / 32GB / M.2 / 1TB / NVIDIA / 그래픽 메모리: 8GB / 1Gbps 유선 / HDMI / DP포트 / 파워서플라이 / 미들타워 / 어항형 / 수랭쿨러 / LED쿨러 / 용도: 게임용,"32GB, M.2 1TB",3700000
539,마이피씨샵 25Y 게이밍 마스터 7500F RTX5060Ti,7500F / RTX 5060 Ti / (AMD) A620 / OS미포함 / 650W / AMD / 라이젠 7000시리즈 / 라이젠5 / 라파엘 / DDR5 / 16GB / M.2 / 500GB / NVIDIA / 그래픽 메모리: 8GB / 1Gbps 유선 / HDMI / DP포트 / 파워서플라이 / 미들타워 / 어항형 / LED쿨러 / 용도: 게임용,"16GB, M.2 500GB",1766060
540,STCOM STAI-V155 Win11Home,5600 / RX 9060 XT / (AMD) A520 / 윈도우11 / 600W / AMD / 라이젠 5000시리즈 / 라이젠5 / 버미어 / DDR4 / 16GB / M.2 / 512GB / AMD / 그래픽 메모리: 8GB / 1Gbps 유선 / HDMI / DP포트 / 파워서플라이 / 미들타워 / 용도: 게임용,"16GB, M.2 512GB",1363440
541,마이피씨샵 게이밍 마스터 7500X3D RTX5060 Ti,7500X3D / RTX 5060 Ti / (AMD) B650 / OS미포함 / 600W / AMD / 라이젠 7000시리즈 / 라이젠5 / 라파엘 / DDR5 / 16GB / M.2 / 512GB / NVIDIA / 그래픽 메모리: 8GB / 1Gbps 유선 / HDMI / DP포트 / 파워서플라이 / 미들타워 / LED쿨러 / 용도: 게임용,"16GB, M.2 512GB",2088000
542,다나와 게임용PC AMD R7-9800X3D RTX5070Ti S6106,9800X3D / RTX 5070 Ti / (AMD) B650 / OS미포함 / 800W / AMD / 라이젠 9000시리즈 / 라이젠7 / 그래니트 릿지 / DDR5 / 16GB / M.2 / 1TB / NVIDIA / 그래픽 메모리: 16GB / 2.5Gbps 유선 / HDMI / DP포트 / USB3.x 10Gbps / USB3.x 5Gbps / USB C타입 10Gbps / 파워서플라이 / 미들타워 / LED쿨러 / 용도: 게임용,"16GB, M.2 1TB",4200000
543,STCOM STAI-V187 Win11Home,5600 / RX 9060 / (AMD) A520 / 윈도우11 / 600W / AMD / 라이젠 5000시리즈 / 라이젠5 / 버미어 / DDR4 / 16GB / M.2 / 512GB / AMD / 그래픽 메모리: 8GB / 1Gbps 유선 / 파워서플라이 / 미들타워 / 용도: 게임용,"16GB, M.2 512GB",1334800
544,마이피씨샵 게이밍 마스터 7500F RTX5050,7500F / RTX 5050 / (AMD) A620 / OS미포함 / 600W / AMD / 라이젠 7000시리즈 / 라이젠5 / 라파엘 / DDR5 / 16GB / M.2 / 512GB / NVIDIA / 그래픽 메모리: 8GB / 1Gbps 유선 / HDMI / DP포트 / 파워서플라이 / 미들타워 / LED쿨러 / 용도: 게임용,"16GB, M.2 512GB",1534490
545,다나와표준PC 전문가용 250925,265K / RTX 5060 Ti / (인텔) B860 / OS미포함 / 1050W / 인텔 / 코어울트라 시리즈2 / 코어 울트라7 / 애로우레이크 / 인텔 AI Boost / 13TOPS / DDR5 / 16GB / M.2 / 1TB / NVIDIA / 그래픽 메모리: 16GB / 1Gbps 유선 / HDMI / DP포트 / 파워서플라이 / 미들타워 / 어항형 / 수랭쿨러 / LED쿨러 / 용도: 게임용,"16GB, M.2 1TB",3620150
546,다나와표준PC 전문가용 250726,9900X3D / RTX 5070 Ti / (AMD) X870E / OS미포함 / 1050W / AMD / 라이젠 9000시리즈 / 라이젠9 / 그래니트 릿지 / DDR5 / 16GB / HDD:2TB / M.2 / 1TB / NVIDIA / 그래픽 메모리: 16GB / 1Gbps 유선 / 파워서플라이 / 빅타워 / 어항형 / 수랭쿨러 / LED쿨러 / 용도: 게임용,"16GB, M.2 1TB + HDD 2TB",4899000
547,다나와표준PC 전문가용 250425,265 / RTX 3050 / (인텔) B860 / OS미포함 / 850W / 인텔 / 코어울트라 시리즈2 / 코어 울트라7 / 애로우레이크 / 인텔 AI Boost / 13TOPS / DDR5 / 16GB / M.2 / 1TB / NVIDIA / 그래픽 메모리: 6GB / 1Gbps 유선 / 파워서플라이 / 미들타워 / 어항형 / 수랭쿨러 / LED쿨러 / 용도: 게임용,"16GB, M.2 1TB",2700000
548,다나와표준PC 전문가용 251226,9900X3D / RX 9070 / (AMD) X870E / OS미포함 / 1000W / AMD / 라이젠 9000시리즈 / 라이젠9 / 그래니트 릿지 / DDR5 / 16GB / HDD:2TB / M.2 / 1TB / AMD / 그래픽 메모리: 16GB / 1Gbps 유선 / HDMI / DP포트 / 파워서플라이 / 미들타워 / 어항형 / 수랭쿨러 / 용도: 게임용,"16GB, M.2 1TB + HDD 2TB",4300000
549,다나와표준PC 게임용 251018,7800X3D / RTX 5060 / (AMD) B650 / OS미포함 / 850W / AMD / 라이젠 7000시리즈 / 라이젠7 / 라파엘 / DDR5 / 16GB / M.2 / 1TB / NVIDIA / 그래픽 메모리: 8GB / 1Gbps 유선 / HDMI / DP포트 / 파워서플라이 / 빅타워 / 어항형 / LED쿨러 / 용도: 게임용,"16GB, M.2 1TB",2440000
550,다나와표준PC 게임용 251015,9600 / RX 9060 XT / (AMD) B850 / OS미포함 / 850W / AMD / 라이젠 9000시리즈 / 라이젠5 / 그래니트 릿지 / DDR5 / 16GB / M.2 / 500GB / AMD / 그래픽 메모리: 16GB / 1Gbps 유선 / 802.11ax(Wi-Fi 6) 무선 / 블루투스 / HDMI / DP포트 / 파워서플라이 / 미들타워 / 어항형 / LED쿨러 / 용도: 게임용,"16GB, M.2 500GB",2090000
551,다나와표준PC 게임용 251013,7600 / RTX 5060 / (AMD) B850 / OS미포함 / 850W / AMD / 라이젠 7000시리즈 / 라이젠5 / 라파엘 / DDR5 / 16GB / M.2 / 500GB / NVIDIA / 그래픽 메모리: 8GB / 1Gbps 유선 / 802.11ax(Wi-Fi 6) 무선 / 블루투스 / HDMI / DP포트 / 파워서플라이 / 미들타워 / LED쿨러 / 용도: 게임용,"16GB, M.2 500GB",1990000
552,다나와표준PC 게임용 250919,7800X3D / RTX 5060 Ti / (AMD) B850 / OS미포함 / 850W / AMD / 라이젠 7000시리즈 / 라이젠7 / 라파엘 / DDR5 / 16GB / M.2 / 1TB / NVIDIA / 그래픽 메모리: 16GB / 1Gbps 유선 / HDMI / DP포트 / 파워서플라이 / 미들타워 / 용도: 게임용,"16GB, M.2 1TB",3514420
553,다나와표준PC DPG 게임용 250721,i5-14600KF / RTX 5060 Ti / (인텔) B760 / OS미포함 / 1000W / 인텔 / 코어 14세대 / 코어i5 / 랩터레이크-R / DDR5 / 16GB / M.2 / 1TB / NVIDIA / 그래픽 메모리: 16GB / 1Gbps 유선 / 파워서플라이 / 미들타워 / 어항형 / LED쿨러 / 용도: 게임용,"16GB, M.2 1TB",2600000
554,다나와표준PC 게임용 250712,i5-12400F / RTX 3050 / (인텔) H610 / OS미포함 / 800W / 인텔 / 코어 12세대 / 코어i5 / 엘더레이크 / DDR5 / 16GB / M.2 / 500GB / NVIDIA / 그래픽 메모리: 6GB / 1Gbps 유선 / 파워서플라이 / 미들타워 / 어항형 / LED쿨러 / 용도: 게임용,"16GB, M.2 500GB",1580000
555,STCOM STAI-V150,i5-14400F / RTX 5060 / (인텔) H610 / OS미포함 / 600W / 인텔 / 코어 14세대 / 코어i5 / 랩터레이크-R / DDR4 / 32GB / M.2 / 1TB / NVIDIA / 그래픽 메모리: 8GB / 1Gbps 유선 / HDMI / DP포트 / 파워서플라이 / 미들타워 / 용도: 게임용,"32GB, M.2 1TB",1676020
556,다나와표준PC 전문가용 250527,265KF / RTX 5070 / (인텔) Z890 / OS미포함 / 1050W / 인텔 / 코어울트라 시리즈2 / 코어 울트라7 / 애로우레이크 / 인텔 AI Boost / 13TOPS / DDR5 / 16GB / HDD:4TB / M.2 / 1TB / NVIDIA / 그래픽 메모리: 12GB / 1Gbps 유선 / 파워서플라이 / 빅타워 / 어항형 / 수랭쿨러 / LED쿨러 / 용도: 게임용,"16GB, M.2 1TB + HDD 4TB",3942000
557,다나와표준PC 게임용 250513,7600 / RTX 5060 Ti / (AMD) B650 / OS미포함 / 700W / AMD / 라이젠 7000시리즈 / 라이젠5 / 라파엘 / DDR5 / 16GB / M.2 / 512GB / NVIDIA / 그래픽 메모리: 16GB / 1Gbps 유선 / 파워서플라이 / 미들타워 / LED쿨러 / 용도: 게임용,"16GB, M.2 512GB",2691040
558,STCOM STAI-V44,9800X3D / RX 7700 XT / (AMD) B650 / OS미포함 / 700W / AMD / 라이젠 9000시리즈 / 라이젠7 / 그래니트 릿지 / DDR5 / 32GB / M.2 / 1TB / AMD / 1Gbps 유선 / 파워서플라이 / 미들타워 / 용도: 게임용,"32GB, M.2 1TB",2810130
559,STCOM STAI-V81,i5-14400F / RX 9070 XT / (인텔) B760 / OS미포함 / 800W / 인텔 / 코어 14세대 / 코어i5 / 랩터레이크-R / DDR5 / 32GB / M.2 / 1TB / AMD / 1Gbps 유선 / 파워서플라이 / 미들타워 / 용도: 게임용,"32GB, M.2 1TB",2568080
560,다나와표준PC 전문가용 250428,9800X3D / RTX 5070 / (AMD) X870E / OS미포함 / 1000W / AMD / 라이젠 9000시리즈 / 라이젠7 / 그래니트 릿지 / DDR5 / 16GB / HDD:4TB / M.2 / 1TB / NVIDIA / 그래픽 메모리: 12GB / 1Gbps 유선 / 파워서플라이 / 빅타워 / 어항형 / 수랭쿨러 / LED쿨러 / 용도: 게임용,"16GB, M.2 1TB + HDD 4TB",4484800
561,다나와표준PC 게임용 250416,i5-14400F / RTX 4060 / (인텔) B760 / OS미포함 / 750W / 인텔 / 코어 14세대 / 코어i5 / 랩터레이크-R / DDR5 / 16GB / M.2 / 500GB / NVIDIA / 그래픽 메모리: 8GB / 1Gbps 유선 / 파워서플라이 / 미들타워 / LED쿨러 / 용도: 게임용,"16GB, M.2 500GB",2260390
562,다나와표준PC 게임용 250413,7600 / RTX 4060 / (AMD) B650 / OS미포함 / 700W / AMD / 라이젠 7000시리즈 / 라이젠5 / 라파엘 / DDR5 / 16GB / M.2 / 512GB / NVIDIA / 그래픽 메모리: 8GB / 1Gbps 유선 / 파워서플라이 / 미들타워 / LED쿨러 / 용도: 게임용,"16GB, M.2 512GB",2340680
563,다나와표준PC DPG 게임용 250224,7800X3D / RX 7800 XT / (AMD) B850 / OS미포함 / 850W / AMD / 라이젠 7000시리즈 / 라이젠7 / 라파엘 / DDR5 / 16GB / M.2 / 2TB / AMD / 그래픽 메모리: 16GB / 5Gbps 유선 / 1Gbps 유선 / 802.11be(Wi-Fi 7) 무선 / HDMI / DP포트 / 파워서플라이 / 미들타워 / 어항형 / 수랭쿨러 / LED쿨러 / 용도: 게임용,"16GB, M.2 2TB",3789060
564,다나와표준PC DPG 게임용 250221,i5-14600KF / RTX 4060 / (인텔) B760 / OS미포함 / 800W / 인텔 / 코어 14세대 / 코어i5 / 랩터레이크-R / DDR5 / 16GB / M.2 / 500GB / NVIDIA / 그래픽 메모리: 8GB / 1Gbps 유선 / HDMI / DP포트 / 파워서플라이 / 미들타워 / 어항형 / LED쿨러 / 용도: 게임용,"16GB, M.2 500GB",2506700
565,다나와표준PC 게임용 250219,9700X / RTX 4060 / (AMD) B650 / OS미포함 / 850W / AMD / 라이젠 9000시리즈 / 라이젠7 / 그래니트 릿지 / DDR5 / 16GB / M.2 / 1TB / NVIDIA / 그래픽 메모리: 8GB / 1Gbps 유선 / HDMI / DP포트 / 파워서플라이 / 미들타워 / LED쿨러 / 용도: 게임용,"16GB, M.2 1TB",2794690
566,다나와표준PC 게임용 250209,5600 / RTX 3050 / (AMD) B450 / OS미포함 / 700W / AMD / 라이젠 5000시리즈 / 라이젠5 / 버미어 / DDR4 / 16GB / SSD / 240GB / NVIDIA / 그래픽 메모리: 6GB / 1Gbps 유선 / HDMI / DP포트 / 파워서플라이 / 미들타워 / 어항형 / LED쿨러 / 용도: 게임용,"16GB, SSD 240GB",1893530
567,다나와표준PC DPG 게임용 230823,i7-13700K / RTX 4070 Ti / (인텔) B760 / OS미포함 / 850W / 인텔 / 코어 13세대 / 코어i7 / 엘더레이크 / DDR5 / 32GB / M.2 / 1TB / NVIDIA / 그래픽 메모리: 12GB / 1Gbps 유선 / 802.11ax(Wi-Fi 6) 무선 / 블루투스 / HDMI / DP포트 / 파워서플라이 / 미들타워 / 용도: 게임용,"32GB, M.2 1TB",2833600
568,마이피씨샵 명품 DIY 5600 GTX1650,5600 / GTX 1650 / (AMD) A520 / OS미포함 / 500W / AMD / 라이젠 5000시리즈 / 라이젠5 / 버미어 / DDR4 / 16GB / M.2 / 500GB / NVIDIA / 그래픽 메모리: 4GB / 1Gbps 유선 / HDMI / DP포트 / 파워서플라이 / 미들타워 / 용도: 게임용,"16GB, M.2 500GB",1250000
569,타무즈 게이밍PC TZ310S6GCAA,7500F / RTX 5060 Ti / (AMD) B650 / OS미포함 / 700W / AMD / 라이젠 7000시리즈 / 라이젠5 / 라파엘 / DDR5 / 16GB / M.2 / 512GB / NVIDIA / 그래픽 메모리: 8GB / 1Gbps 유선 / HDMI / DP포트 / USB3.x 5Gbps / USB C타입 5Gbps / 파워서플라이 / 미들타워 / 용도: 게임용,"16GB, M.2 512GB",1635350
570,타무즈 게이밍PC TZ300S6GCAA,7500F / RTX 5060 Ti / (AMD) B650 / OS미포함 / 700W / AMD / 라이젠 7000시리즈 / 라이젠5 / 라파엘 / DDR5 / 16GB / M.2 / 512GB / NVIDIA / 그래픽 메모리: 8GB / 1Gbps 유선 / HDMI / DP포트 / USB3.x 5Gbps / 파워서플라이 / 미들타워 / 용도: 게임용,"16GB, M.2 512GB",1614630
571,STCOM STAI-V192 Win11Home,i5-12400F / RX 9060 / (인텔) H610 / 윈도우11 / 600W / 인텔 / 코어 12세대 / 코어i5 / 엘더레이크 / DDR4 / 32GB / M.2 / 1TB / AMD / 그래픽 메모리: 8GB / 1Gbps 유선 / 파워서플라이 / 미들타워 / 용도: 게임용,"32GB, M.2 1TB",1658760
572,STCOM STAI-V139 Win11Home,i5-12400F / RTX 5060 / (인텔) B760 / 윈도우11 / 600W / 인텔 / 코어 12세대 / 코어i5 / 엘더레이크 / DDR5 / 16GB / M.2 / 512GB / NVIDIA / 그래픽 메모리: 8GB / 1Gbps 유선 / HDMI / DP포트 / 파워서플라이 / 미들타워 / 용도: 게임용,"16GB, M.2 512GB",1595180
573,마이피씨샵 25Y 게이밍 마스터 7800X3D RTX5060,7800X3D / RTX 5060 / (AMD) A620 / OS미포함 / 600W / AMD / 라이젠 7000시리즈 / 라이젠7 / 라파엘 / DDR5 / 16GB / M.2 / 500GB / NVIDIA / 그래픽 메모리: 8GB / 1Gbps 유선 / HDMI / DP포트 / 파워서플라이 / 미들타워 / 어항형 / 수랭쿨러 / LED쿨러 / 용도: 게임용,"16GB, M.2 500GB",2449990
574,STCOM STAI-V207,245KF / RTX 5070 / (인텔) B860 / OS미포함 / 850W / 인텔 / 코어울트라 시리즈2 / 코어 울트라5 / 애로우레이크 / DDR5 / 16GB / M.2 / 512GB / NVIDIA / 그래픽 메모리: 12GB / 파워서플라이 / 용도: 게임용,"16GB, M.2 512GB",2377280
575,STCOM STAI-V135 Win11Home,i5-14400F / RTX 5060 Ti / (인텔) H610 / 윈도우11 / 700W / 인텔 / 코어 14세대 / 코어i5 / 랩터레이크-R / DDR4 / 16GB / M.2 / 512GB / NVIDIA / 그래픽 메모리: 8GB / 1Gbps 유선 / HDMI / DP포트 / 파워서플라이 / 미들타워 / 용도: 게임용,"16GB, M.2 512GB",1641240
576,STCOM STAI-V98,i5-14400F / RTX 5060 Ti / (인텔) B760 / OS미포함 / 700W / 인텔 / 코어 14세대 / 코어i5 / 랩터레이크-R / DDR5 / 16GB / M.2 / 512GB / NVIDIA / 1Gbps 유선 / HDMI / DP포트 / 파워서플라이 / 미들타워 / 용도: 게임용,"16GB, M.2 512GB",1627990
577,STCOM STAI-V45 Win11Home,7800X3D / RX 7800 XT / (AMD) B650 / 윈도우11 / 700W / AMD / 라이젠 7000시리즈 / 라이젠7 / 라파엘 / DDR5 / 32GB / M.2 / 1TB / AMD / 1Gbps 유선 / 파워서플라이 / 미들타워 / 용도: 게임용,"32GB, M.2 1TB",2909970
578,다나와표준PC 게임용 250217,7800X3D / RTX 4060 / (AMD) B650 / OS미포함 / 800W / AMD / 라이젠 7000시리즈 / 라이젠7 / 라파엘 / DDR5 / 16GB / M.2 / 500GB / NVIDIA / 그래픽 메모리: 8GB / 1Gbps 유선 / 802.11ax(Wi-Fi 6) 무선 / 블루투스 / HDMI / DP포트 / 파워서플라이 / 미들타워 / LED쿨러 / 용도: 게임용,"16GB, M.2 500GB",2956360
579,다나와표준PC 게임용 251115,9600 / RTX 5060 Ti / (AMD) B850 / OS미포함 / 800W / AMD / 라이젠 9000시리즈 / 라이젠5 / 그래니트 릿지 / DDR5 / 16GB / M.2 / 500GB / NVIDIA / 그래픽 메모리: 16GB / 1Gbps 유선 / HDMI / DP포트 / 파워서플라이 / 미들타워 / LED쿨러 / 용도: 게임용,"16GB, M.2 500GB",3035990
580,STCOM STAI-V191 Win11Home,i5-12400F / RX 9060 / (인텔) H610 / 윈도우11 / 600W / 인텔 / 코어 12세대 / 코어i5 / 엘더레이크 / DDR4 / 16GB / M.2 / 512GB / AMD / 그래픽 메모리: 8GB / 1Gbps 유선 / 파워서플라이 / 미들타워 / 용도: 게임용,"16GB, M.2 512GB",1338560
581,STCOM STAI-V156 Win11Home,5600 / RX 9060 XT / (AMD) A520 / 윈도우11 / 600W / AMD / 라이젠 5000시리즈 / 라이젠5 / 버미어 / DDR4 / 32GB / M.2 / 1TB / AMD / 그래픽 메모리: 8GB / 1Gbps 유선 / HDMI / DP포트 / 파워서플라이 / 미들타워 / 용도: 게임용,"32GB, M.2 1TB",1711200
582,STCOM STAI-V118,9800X3D / RTX 5070 / (AMD) B650 / OS미포함 / 850W / AMD / 라이젠 9000시리즈 / 라이젠7 / 그래니트 릿지 / DDR5 / 16GB / M.2 / 512GB / NVIDIA / 1Gbps 유선 / HDMI / DP포트 / 파워서플라이 / 미들타워 / 용도: 게임용,"16GB, M.2 512GB",2795560
583,STCOM STAI-V2 Win11,5600 / GTX 1660 SUPER / (AMD) A520 / 윈도우11 / 600W / AMD / 라이젠 5000시리즈 / 라이젠5 / 버미어 / DDR4 / 16GB / M.2 / 512GB / NVIDIA / 1Gbps 유선 / 파워서플라이 / 미들타워 / 용도: 게임용,"16GB, M.2 512GB",1149080
584,마이피씨샵 명품 DIY 게이밍 14400F RTX4060Ti,i5-14400F / RTX 4060 Ti / (인텔) H610 / OS미포함 / 600W / 인텔 / 코어 14세대 / 코어i5 / 랩터레이크-R / DDR5 / 16GB / M.2 / 500GB / NVIDIA / 그래픽 메모리: 8GB / 1Gbps 유선 / HDMI / DP포트 / 파워서플라이 / 미들타워 / 용도: 게임용,"16GB, M.2 500GB",1919040
585,MSI MPG 인피니트 Z3 9900X RTX 5080 AI 게이밍 Win11Home,9900X / RTX 5080 / (AMD) B850 / 윈도우11 / 850W / AMD / 라이젠 9000시리즈 / 라이젠9 / 그래니트 릿지 / DDR5 / 32GB / M.2 / 1TB / NVIDIA / 그래픽 메모리: 16GB / 7.1채널 / 5Gbps 유선 / 802.11ax(Wi-Fi 6E) 무선 / 블루투스 / HDMI / USB3.x 10Gbps / USB3.x 5Gbps / USB C타입 10Gbps / USB C타입 5Gbps / 파워서플라이 / 미들타워 / LED쿨러 / 4kg ~ 7kg / 용도: 게임용 / 구성변경상품,"32GB, M.2 1TB",8589000
586,STCOM STAI-V23,9600X / RTX 4070 SUPER / (AMD) B650 / OS미포함 / 800W / AMD / 라이젠 9000시리즈 / 라이젠5 / 그래니트 릿지 / DDR5 / 32GB / M.2 / 1TB / NVIDIA / 1Gbps 유선 / 파워서플라이 / 미들타워 / 용도: 게임용,"32GB, M.2 1TB",2753280
587,STCOM STAI-V106 Win11Home,7500F / RTX 5060 Ti / (AMD) A620 / 윈도우11 / 700W / AMD / 라이젠 7000시리즈 / 라이젠5 / 라파엘 / DDR5 / 16GB / M.2 / 512GB / NVIDIA / 1Gbps 유선 / HDMI / DP포트 / 파워서플라이 / 미들타워 / 용도: 게임용,"16GB, M.2 512GB",1733360
588,마이피씨샵 게이밍 마스터 5600 RTX4060,5600 / RTX 4060 / (AMD) A520 / OS미포함 / 600W / AMD / 라이젠 5000시리즈 / 라이젠5 / 버미어 / DDR4 / 16GB / M.2 / 500GB / NVIDIA / 그래픽 메모리: 8GB / 1Gbps 유선 / HDMI / DP포트 / 파워서플라이 / 미들타워 / LED쿨러 / 용도: 게임용,"16GB, M.2 500GB",1741740
589,STCOM STAI-V144 Win11Home,9600X / RTX 5060 / (AMD) A620 / 윈도우11 / 600W / AMD / 라이젠 9000시리즈 / 라이젠5 / 그래니트 릿지 / DDR5 / 32GB / M.2 / 1TB / NVIDIA / 그래픽 메모리: 8GB / 1Gbps 유선 / HDMI / DP포트 / 파워서플라이 / 미들타워 / 용도: 게임용,"32GB, M.2 1TB",2070000
590,다나와표준PC ULTIMAKE ULT-R800X3D-4070 SUPER,7800X3D / RTX 4070 SUPER / (AMD) B650 / OS미포함 / 850W / AMD / 라이젠 7000시리즈 / 라이젠7 / 라파엘 / DDR5 / 64GB / M.2 / 500GB / NVIDIA / 그래픽 메모리: 12GB / 1Gbps 유선 / HDMI / DP포트 / 파워서플라이 / 미들타워 / 어항형 / 수랭쿨러 / 용도: 게임용,"64GB, M.2 500GB",4637590
591,다나와표준PC 전문가용 251227,285K / RTX 5060 Ti / (인텔) Z890 / OS미포함 / 850W / 인텔 / 코어울트라 시리즈2 / 코어 울트라9 / 애로우레이크 / 인텔 AI Boost / 13TOPS / DDR5 / 32GB / HDD:2TB / M.2 / 1TB / NVIDIA / 그래픽 메모리: 16GB / 1Gbps 유선 / HDMI / DP포트 / 파워서플라이 / 미들타워 / 어항형 / 수랭쿨러 / LED쿨러 / 용도: 게임용,"32GB, M.2 1TB + HDD 2TB",4796530
592,STCOM STCP-i61,250K Plus / RTX 5060 Ti / (인텔) B860 / OS미포함 / 700W / 인텔 / 코어울트라 시리즈2 / 코어 울트라5 / 애로우레이크 / 인텔 AI Boost / 13TOPS / DDR5 / 32GB / M.2 / 512GB / NVIDIA / 그래픽 메모리: 8GB / 1Gbps 유선 / HDMI / DP포트 / 파워서플라이 / 미들타워 / LED쿨러 / 용도: 게임용,"32GB, M.2 512GB",2265000
593,타무즈 게이밍PC TZ330S6FBAA,7500F / RTX 5060 / (AMD) B650 / OS미포함 / 600W / AMD / 라이젠 7000시리즈 / 라이젠5 / 라파엘 / DDR5 / 16GB / M.2 / 1TB / NVIDIA / 그래픽 메모리: 8GB / 1Gbps 유선 / HDMI / DP포트 / USB3.x 5Gbps / 파워서플라이 / 미들타워 / 어항형 / 용도: 게임용,"16GB, M.2 1TB",1579120
594,타무즈 게이밍PC TZ320S6FBAA,7500F / RTX 5060 / (AMD) B650 / OS미포함 / 600W / AMD / 라이젠 7000시리즈 / 라이젠5 / 라파엘 / DDR5 / 16GB / M.2 / 512GB / NVIDIA / 그래픽 메모리: 8GB / 1Gbps 유선 / HDMI / DP포트 / USB3.x 5Gbps / USB C타입 5Gbps / 파워서플라이 / 미들타워 / 용도: 게임용,"16GB, M.2 512GB",1554400
595,STCOM STAI-V148 Win11Home,i5-14400F / RTX 5060 / (인텔) B760 / 윈도우11 / 600W / 인텔 / 코어 14세대 / 코어i5 / 랩터레이크-R / DDR5 / 32GB / M.2 / 1TB / NVIDIA / 그래픽 메모리: 8GB / 1Gbps 유선 / HDMI / DP포트 / 파워서플라이 / 미들타워 / 용도: 게임용,"32GB, M.2 1TB",2088680
596,서린씨앤아이 서린컴퓨터 SRC0049,9850X3D / RX 9070 XT / (AMD) B850 / OS미포함 / 850W / AMD / 라이젠 9000시리즈 / 라이젠7 / 그래니트 릿지 / DDR5 / 32GB / M.2 / 1TB / AMD / 그래픽 메모리: 16GB / 1Gbps 유선 / HDMI / DP포트 / 파워서플라이 / 미들타워 / 어항형 / LED쿨러 / 용도: 게임용,"32GB, M.2 1TB",3894050
597,STCOM STAI-V220,250K Plus / RTX 5070 / (인텔) B860 / OS미포함 / 850W / 인텔 / 코어울트라 시리즈2 / 코어 울트라5 / 애로우레이크 / 인텔 AI Boost / 13TOPS / DDR5 / 32GB / M.2 / 1TB / NVIDIA / 그래픽 메모리: 12GB / 1Gbps 유선 / 파워서플라이 / 용도: 게임용,"32GB, M.2 1TB",2852920
598,타무즈 게이밍PC TZ310S6FBAA,7500F / RTX 5060 / (AMD) B650 / OS미포함 / 600W / AMD / 라이젠 7000시리즈 / 라이젠5 / 라파엘 / DDR5 / 16GB / M.2 / 1TB / NVIDIA / 그래픽 메모리: 8GB / 1Gbps 유선 / HDMI / DP포트 / USB3.x 5Gbps / USB C타입 5Gbps / 파워서플라이 / 미들타워 / 용도: 게임용,"16GB, M.2 1TB",1608550
599,타무즈 게이밍 TZ310N3FBAA,i5-14400F / RTX 5060 / (인텔) B760 / OS미포함 / 600W / 인텔 / 코어 14세대 / 코어i5 / 랩터레이크-R / DDR5 / 16GB / M.2 / 512GB / NVIDIA / 1Gbps 유선 / HDMI / DP포트 / USB3.x 5Gbps / 파워서플라이 / 미들타워 / 용도: 게임용,"16GB, M.2 512GB",1543500
600,STCOM STAI-V146 Win11Home,i5-12400F / RTX 5060 / (인텔) H610 / 윈도우11 / 600W / 인텔 / 코어 12세대 / 코어i5 / 엘더레이크 / DDR4 / 32GB / M.2 / 1TB / NVIDIA / 그래픽 메모리: 8GB / 1Gbps 유선 / HDMI / DP포트 / 파워서플라이 / 미들타워 / 용도: 게임용,"32GB, M.2 1TB",1786940
601,STCOM STAI-V141 Win11Home,5600 / RTX 5060 / (AMD) A520 / 윈도우11 / 600W / AMD / 라이젠 5000시리즈 / 라이젠5 / 버미어 / DDR4 / 32GB / M.2 / 1TB / NVIDIA / 그래픽 메모리: 8GB / 1Gbps 유선 / HDMI / DP포트 / 파워서플라이 / 미들타워 / 용도: 게임용,"32GB, M.2 1TB",1754980
602,마이피씨샵 25Y 게이밍 마스터 9600 RTX5060,9600 / RTX 5060 / (AMD) A620 / OS미포함 / 600W / AMD / 라이젠 9000시리즈 / 라이젠5 / 그래니트 릿지 / DDR5 / 16GB / M.2 / 500GB / NVIDIA / 그래픽 메모리: 8GB / 1Gbps 유선 / HDMI / DP포트 / 파워서플라이 / 미들타워 / 어항형 / LED쿨러 / 용도: 게임용,"16GB, M.2 500GB",2006400
603,마이피씨샵 25Y 게이밍 마스터 225F RTX5060,225F / RTX 5060 / (인텔) H810 / OS미포함 / 700W / 인텔 / 코어울트라 시리즈2 / 코어 울트라5 / 애로우레이크 / 인텔 AI Boost / 13TOPS / DDR5 / 16GB / M.2 / 500GB / NVIDIA / 그래픽 메모리: 8GB / 1Gbps 유선 / HDMI / DP포트 / 파워서플라이 / 미들타워 / 어항형 / LED쿨러 / 용도: 게임용,"16GB, M.2 500GB",1766060
604,마이피씨샵 25Y 게이밍 마스터 7500F RTX5060,7500F / RTX 5060 / (AMD) A620 / OS미포함 / 600W / AMD / 라이젠 7000시리즈 / 라이젠5 / 라파엘 / DDR5 / 16GB / M.2 / 500GB / NVIDIA / 그래픽 메모리: 8GB / 1Gbps 유선 / HDMI / DP포트 / 파워서플라이 / 미들타워 / 어항형 / LED쿨러 / 용도: 게임용,"16GB, M.2 500GB",1898990
605,STCOM STAI-V235 Win11Home,9600X / RTX 5060 / (AMD) A620 / 윈도우11 / 600W / AMD / 라이젠 9000시리즈 / 라이젠5 / 그래니트 릿지 / DDR5 / 32GB / M.2 / 2TB / NVIDIA / 그래픽 메모리: 8GB / 1Gbps 유선 / HDMI / DP포트 / 파워서플라이 / 미들타워 / 용도: 게임용,"32GB, M.2 2TB",2208920
606,STCOM STAI-V234 Win11Home,7500F / RTX 5060 / (AMD) A620 / 윈도우11 / 600W / AMD / 라이젠 7000시리즈 / 라이젠5 / 라파엘 / DDR5 / 32GB / M.2 / 2TB / NVIDIA / 그래픽 메모리: 8GB / 1Gbps 유선 / HDMI / DP포트 / 파워서플라이 / 미들타워 / 용도: 게임용,"32GB, M.2 2TB",2159180
607,STCOM STAI-V194 Win11Home,i5-14400F / RX 9060 / (인텔) H610 / 윈도우11 / 600W / 인텔 / 코어 14세대 / 코어i5 / 랩터레이크-R / DDR4 / 32GB / M.2 / 1TB / AMD / 그래픽 메모리: 8GB / 1Gbps 유선 / 파워서플라이 / 미들타워 / 용도: 게임용,"32GB, M.2 1TB",1732360
608,STCOM STAI-V188 Win11Home,5600 / RX 9060 / (AMD) A520 / 윈도우11 / 600W / AMD / 라이젠 5000시리즈 / 라이젠5 / 버미어 / DDR4 / 32GB / M.2 / 1TB / AMD / 그래픽 메모리: 8GB / 1Gbps 유선 / 파워서플라이 / 미들타워 / 용도: 게임용,"32GB, M.2 1TB",1690120
609,STCOM STAI-V174 Win11Home,i5-14400F / RX 9060 XT / (인텔) H610 / 윈도우11 / 600W / 인텔 / 코어 14세대 / 코어i5 / 랩터레이크-R / DDR4 / 32GB / M.2 / 1TB / AMD / 그래픽 메모리: 16GB / 1Gbps 유선 / HDMI / DP포트 / 파워서플라이 / 미들타워 / 용도: 게임용,"32GB, M.2 1TB",1920420
610,STCOM STAI-V177 Win11Home,9600X / RX 9060 XT / (AMD) A620 / 윈도우11 / 700W / AMD / 라이젠 9000시리즈 / 라이젠5 / 그래니트 릿지 / DDR5 / 32GB / M.2 / 1TB / AMD / 그래픽 메모리: 16GB / 1Gbps 유선 / HDMI / DP포트 / 파워서플라이 / 미들타워 / 용도: 게임용,"32GB, M.2 1TB",2286080
611,STCOM STAI-V152 Win11Home,i5-12400F / RX 9060 XT / (인텔) H610 / 윈도우11 / 600W / 인텔 / 코어 12세대 / 코어i5 / 엘더레이크 / DDR4 / 32GB / M.2 / 1TB / AMD / 그래픽 메모리: 8GB / 1Gbps 유선 / HDMI / DP포트 / 파워서플라이 / 미들타워 / 용도: 게임용,"32GB, M.2 1TB",1720400
612,STCOM STAI-V151 Win11Home,i5-12400F / RX 9060 XT / (인텔) H610 / 윈도우11 / 600W / 인텔 / 코어 12세대 / 코어i5 / 엘더레이크 / DDR4 / 16GB / M.2 / 512GB / AMD / 그래픽 메모리: 8GB / 1Gbps 유선 / HDMI / DP포트 / 파워서플라이 / 미들타워 / 용도: 게임용,"16GB, M.2 512GB",1402480
613,STCOM STAI-V119,9800X3D / RTX 5070 / (AMD) B650 / OS미포함 / 850W / AMD / 라이젠 9000시리즈 / 라이젠7 / 그래니트 릿지 / DDR5 / 32GB / M.2 / 1TB / NVIDIA / 1Gbps 유선 / HDMI / DP포트 / 파워서플라이 / 미들타워 / 용도: 게임용,"32GB, M.2 1TB",3137200
614,다나와표준PC 게임용 250412,i3-14100F / RTX 3050 / (인텔) H610 / OS미포함 / 700W / 인텔 / 코어 14세대 / 코어i3 / 랩터레이크-R / DDR5 / 16GB / M.2 / 500GB / NVIDIA / 그래픽 메모리: 6GB / 1Gbps 유선 / 파워서플라이 / 미들타워 / 어항형 / LED쿨러 / 용도: 게임용,"16GB, M.2 500GB",1360000
615,STCOM STAI-V46 Win11Home,9800X3D / RX 7800 XT / (AMD) B650 / 윈도우11 / 700W / AMD / 라이젠 9000시리즈 / 라이젠7 / 그래니트 릿지 / DDR5 / 32GB / M.2 / 1TB / AMD / 1Gbps 유선 / 파워서플라이 / 미들타워 / 용도: 게임용,"32GB, M.2 1TB",3052260
616,다나와표준PC 전문가용 250228,9800X3D / RX 7800 XT / (AMD) X870 / OS미포함 / 1050W / AMD / 라이젠 9000시리즈 / 라이젠7 / 그래니트 릿지 / DDR5 / 32GB / HDD:4TB / M.2 / 1TB / AMD / 그래픽 메모리: 16GB / 5Gbps 유선 / 802.11be(Wi-Fi 7) 무선 / 블루투스 / HDMI / DP포트 / 파워서플라이 / 미들타워 / 어항형 / 수랭쿨러 / LED쿨러 / 용도: 게임용,"32GB, M.2 1TB + HDD 4TB",4659460
617,다나와표준PC 게임용 250216,i5-14400F / RTX 4060 / (인텔) B760 / OS미포함 / 750W / 인텔 / 코어 14세대 / 코어i5 / 랩터레이크-R / DDR5 / 16GB / M.2 / 500GB / NVIDIA / 그래픽 메모리: 8GB / 1Gbps 유선 / HDMI / DP포트 / 파워서플라이 / 미들타워 / 어항형 / LED쿨러 / 용도: 게임용,"16GB, M.2 500GB",2309900
618,STCOM STAI-V3 Win11,i5-12400F / GTX 1660 SUPER / (인텔) H610 / 윈도우11 / 600W / 인텔 / 코어 12세대 / 코어i5 / 엘더레이크 / DDR4 / 16GB / M.2 / 512GB / NVIDIA / 1Gbps 유선 / 파워서플라이 / 미들타워 / 용도: 게임용,"16GB, M.2 512GB",1182520
619,STCOM STAI-V211 Win11Home,250KF Plus / RTX 5060 Ti / (인텔) B860 / 윈도우11 / 700W / 인텔 / 코어울트라 시리즈2 / 코어 울트라5 / 애로우레이크 / 인텔 AI Boost / 13TOPS / DDR5 / 16GB / M.2 / 512GB / NVIDIA / 그래픽 메모리: 8GB / 1Gbps 유선 / HDMI / DP포트 / 파워서플라이 / 미들타워 / 용도: 게임용,"16GB, M.2 512GB",1968800
620,STCOM STAI-V219,250K Plus / RTX 5070 / (인텔) B860 / OS미포함 / 850W / 인텔 / 코어울트라 시리즈2 / 코어 울트라5 / 애로우레이크 / 인텔 AI Boost / 13TOPS / DDR5 / 16GB / M.2 / 512GB / NVIDIA / 그래픽 메모리: 12GB / 1Gbps 유선 / 파워서플라이 / 용도: 게임용,"16GB, M.2 512GB",2506040
621,STCOM STAI-V214,250KF Plus / RTX 5070 / (인텔) B860 / OS미포함 / 850W / 인텔 / 코어울트라 시리즈2 / 코어 울트라5 / 애로우레이크 / 인텔 AI Boost / 13TOPS / DDR5 / 32GB / M.2 / 1TB / NVIDIA / 그래픽 메모리: 12GB / 1Gbps 유선 / HDMI / DP포트 / 파워서플라이 / 용도: 게임용,"32GB, M.2 1TB",2903660
622,STCOM STAI-V213,250KF Plus / RTX 5070 / (인텔) B860 / OS미포함 / 850W / 인텔 / 코어울트라 시리즈2 / 코어 울트라5 / 애로우레이크 / 인텔 AI Boost / 13TOPS / DDR5 / 16GB / M.2 / 512GB / NVIDIA / 그래픽 메모리: 12GB / 1Gbps 유선 / HDMI / DP포트 / 파워서플라이 / 미들타워 / 용도: 게임용,"16GB, M.2 512GB",2440760
623,STCOM STAI-V208,245KF / RTX 5070 / (인텔) B860 / OS미포함 / 850W / 인텔 / 코어울트라 시리즈2 / 코어 울트라5 / 애로우레이크 / DDR5 / 32GB / M.2 / 1TB / NVIDIA / 그래픽 메모리: 12GB / 파워서플라이 / 용도: 게임용,"32GB, M.2 1TB",2841620
624,STCOM STAI-V193 Win11Home,i5-14400F / RX 9060 / (인텔) H610 / 윈도우11 / 600W / 인텔 / 코어 14세대 / 코어i5 / 랩터레이크-R / DDR4 / 16GB / M.2 / 512GB / AMD / 그래픽 메모리: 8GB / 1Gbps 유선 / 파워서플라이 / 미들타워 / 용도: 게임용,"16GB, M.2 512GB",1414700
625,STCOM STAI-V190 Win11Home,9600X / RX 9060 / (AMD) A620 / 윈도우11 / 600W / AMD / 라이젠 9000시리즈 / 라이젠5 / 그래니트 릿지 / DDR5 / 32GB / M.2 / 1TB / AMD / 그래픽 메모리: 8GB / 1Gbps 유선 / 파워서플라이 / 미들타워 / 용도: 게임용,"32GB, M.2 1TB",2118760
626,STCOM STAI-V189 Win11Home,9600X / RX 9060 / (AMD) A620 / 윈도우11 / 600W / AMD / 라이젠 9000시리즈 / 라이젠5 / 그래니트 릿지 / DDR5 / 16GB / M.2 / 512GB / AMD / 그래픽 메모리: 8GB / 1Gbps 유선 / 파워서플라이 / 미들타워 / 용도: 게임용,"16GB, M.2 512GB",1666620
627,STCOM STAI-V186 Win11Home,7500F / RX 9060 / (AMD) A620 / 윈도우11 / 600W / AMD / 라이젠 7000시리즈 / 라이젠5 / 라파엘 / DDR5 / 16GB / M.2 / 512GB / AMD / 그래픽 메모리: 8GB / 1Gbps 유선 / 파워서플라이 / 미들타워 / 용도: 게임용,"16GB, M.2 512GB",1520760
628,STCOM STAI-V185 Win11Home,7500F / RX 9060 / (AMD) A620 / 윈도우11 / 600W / AMD / 라이젠 7000시리즈 / 라이젠5 / 라파엘 / DDR5 / 32GB / M.2 / 1TB / AMD / 그래픽 메모리: 8GB / 1Gbps 유선 / HDMI / DP포트 / 파워서플라이 / 미들타워 / 용도: 게임용,"32GB, M.2 1TB",2005960
629,STCOM STAI-V173 Win11Home,i5-12400F / RX 9060 XT / (인텔) H610 / 윈도우11 / 600W / 인텔 / 코어 12세대 / 코어i5 / 엘더레이크 / DDR4 / 32GB / M.2 / 1TB / AMD / 그래픽 메모리: 16GB / 1Gbps 유선 / HDMI / DP포트 / 파워서플라이 / 미들타워 / 용도: 게임용,"32GB, M.2 1TB",1788480
630,STCOM STAI-V175 Win11Home,5600 / RX 9060 XT / (AMD) A520 / 윈도우11 / 600W / AMD / 라이젠 5000시리즈 / 라이젠5 / 버미어 / DDR4 / 32GB / M.2 / 1TB / AMD / 그래픽 메모리: 16GB / 1Gbps 유선 / HDMI / DP포트 / 파워서플라이 / 미들타워 / 용도: 게임용,"32GB, M.2 1TB",1779280
631,STCOM STAI-V176 Win11Home,7500F / RX 9060 XT / (AMD) A620 / 윈도우11 / 600W / AMD / 라이젠 7000시리즈 / 라이젠5 / 라파엘 / DDR5 / 32GB / M.2 / 1TB / AMD / 그래픽 메모리: 16GB / 1Gbps 유선 / HDMI / DP포트 / 파워서플라이 / 미들타워 / 용도: 게임용,"32GB, M.2 1TB",2170460
632,STCOM STAI-V147 Win11Home,i5-14400F / RTX 5060 / (인텔) B760 / 윈도우11 / 600W / 인텔 / 코어 14세대 / 코어i5 / 랩터레이크-R / DDR5 / 16GB / M.2 / 512GB / NVIDIA / 그래픽 메모리: 8GB / 1Gbps 유선 / HDMI / DP포트 / 파워서플라이 / 미들타워 / 용도: 게임용,"16GB, M.2 512GB",1668500
633,STCOM STAI-V142 Win11Home,i5-12400F / RTX 5060 / (인텔) B760 / 윈도우11 / 600W / 인텔 / 코어 12세대 / 코어i5 / 엘더레이크 / DDR5 / 32GB / M.2 / 1TB / NVIDIA / 그래픽 메모리: 8GB / 1Gbps 유선 / HDMI / DP포트 / 파워서플라이 / 미들타워 / 용도: 게임용,"32GB, M.2 1TB",2015360
634,STCOM STAI-V137 Win11Home,9600X / RTX 5060 / (AMD) A620 / 윈도우11 / 600W / AMD / 라이젠 9000시리즈 / 라이젠5 / 그래니트 릿지 / DDR5 / 16GB / M.2 / 512GB / NVIDIA / 그래픽 메모리: 8GB / 1Gbps 유선 / HDMI / DP포트 / 파워서플라이 / 미들타워 / 용도: 게임용,"16GB, M.2 512GB",1658760
635,STCOM STAI-V160 Win11Home,9600X / RX 9060 XT / (AMD) A620 / 윈도우11 / 700W / AMD / 라이젠 9000시리즈 / 라이젠5 / 그래니트 릿지 / DDR5 / 32GB / M.2 / 1TB / AMD / 그래픽 메모리: 8GB / 1Gbps 유선 / HDMI / DP포트 / 파워서플라이 / 미들타워 / 용도: 게임용,"32GB, M.2 1TB",2216520
636,STCOM STAI-V159 Win11Home,9600X / RX 9060 XT / (AMD) A620 / 윈도우11 / 700W / AMD / 라이젠 9000시리즈 / 라이젠5 / 그래니트 릿지 / DDR5 / 16GB / M.2 / 512GB / AMD / 그래픽 메모리: 8GB / 1Gbps 유선 / HDMI / DP포트 / 파워서플라이 / 미들타워 / 용도: 게임용,"16GB, M.2 512GB",1764380
637,STCOM STAI-V158 Win11Home,7500F / RX 9060 XT / (AMD) A620 / 윈도우11 / 600W / AMD / 라이젠 7000시리즈 / 라이젠5 / 라파엘 / DDR5 / 32GB / M.2 / 1TB / AMD / 그래픽 메모리: 8GB / 1Gbps 유선 / HDMI / DP포트 / 파워서플라이 / 미들타워 / 용도: 게임용,"32GB, M.2 1TB",2100900
638,STCOM STAI-V154 Win11Home,i5-14400F / RX 9060 XT / (인텔) H610 / 윈도우11 / 600W / 인텔 / 코어 14세대 / 코어i5 / 랩터레이크-R / DDR4 / 32GB / M.2 / 1TB / AMD / 그래픽 메모리: 8GB / 1Gbps 유선 / HDMI / DP포트 / 파워서플라이 / 미들타워 / 용도: 게임용,"32GB, M.2 1TB",1811480
639,STCOM STAI-V153 Win11Home,i5-14400F / RX 9060 XT / (인텔) H610 / 윈도우11 / 600W / 인텔 / 코어 14세대 / 코어i5 / 랩터레이크-R / DDR4 / 16GB / M.2 / 512GB / AMD / 그래픽 메모리: 8GB / 1Gbps 유선 / HDMI / DP포트 / 파워서플라이 / 미들타워 / 용도: 게임용,"16GB, M.2 512GB",1495540
640,마이피씨샵 25Y 게이밍 마스터 14700F RTX5060,i7-14700F / RTX 5060 / (인텔) B760 / OS미포함 / 600W / 인텔 / 코어 14세대 / 코어i7 / 랩터레이크-R / DDR5 / 16GB / M.2 / 1TB / NVIDIA / 그래픽 메모리: 8GB / 1Gbps 유선 / HDMI / DP포트 / 파워서플라이 / 미들타워 / 어항형 / 수랭쿨러 / LED쿨러 / 용도: 게임용,"16GB, M.2 1TB",3286660
641,마이피씨샵 25Y 게이밍 마스터 14400F RTX5060,i5-14400F / RTX 5060 / (인텔) H610 / OS미포함 / 600W / 인텔 / 코어 14세대 / 코어i5 / 랩터레이크-R / DDR4 / 16GB / M.2 / 500GB / NVIDIA / 그래픽 메모리: 8GB / 1Gbps 유선 / HDMI / DP포트 / 파워서플라이 / 미들타워 / LED쿨러 / 용도: 게임용,"16GB, M.2 500GB",1558970
642,다나와표준PC 게임용 250616,i5-14400F / RX 7600 / (인텔) B760 / OS미포함 / 750W / 인텔 / 코어 14세대 / 코어i5 / 랩터레이크-R / DDR5 / 16GB / M.2 / 500GB / AMD / 그래픽 메모리: 8GB / 1Gbps 유선 / 파워서플라이 / 미들타워 / 어항형 / LED쿨러 / 용도: 게임용,"16GB, M.2 500GB",1740000
643,STCOM STAI-V98 Win11Home,i5-14400F / RTX 5060 Ti / (인텔) B760 / 윈도우11 / 700W / 인텔 / 코어 14세대 / 코어i5 / 랩터레이크-R / DDR5 / 16GB / M.2 / 512GB / NVIDIA / 1Gbps 유선 / HDMI / DP포트 / 파워서플라이 / 미들타워 / 용도: 게임용,"16GB, M.2 512GB",1743400
644,STCOM STAI-V104 Win11Home,5600 / RTX 5060 Ti / (AMD) A520 / 윈도우11 / 700W / AMD / 라이젠 5000시리즈 / 라이젠5 / 버미어 / DDR4 / 16GB / M.2 / 512GB / NVIDIA / 1Gbps 유선 / HDMI / DP포트 / 파워서플라이 / 미들타워 / 용도: 게임용,"16GB, M.2 512GB",1533140
645,다나와표준PC 게임용 250518,7800X3D / RTX 5060 Ti / (AMD) B850 / OS미포함 / 850W / AMD / 라이젠 7000시리즈 / 라이젠7 / 라파엘 / DDR5 / 16GB / M.2 / 1TB / NVIDIA / 그래픽 메모리: 16GB / 1Gbps 유선 / 파워서플라이 / 미들타워 / 용도: 게임용,"16GB, M.2 1TB",3418240
646,마이피씨샵 25Y 게이밍 마스터 i7-14700F RTX5070,i7-14700F / RTX 5070 / (인텔) B760 / OS미포함 / 750W / 인텔 / 코어 14세대 / 코어i7 / 랩터레이크-R / DDR5 / 32GB / M.2 / 500GB / NVIDIA / 그래픽 메모리: 12GB / 1Gbps 유선 / HDMI / DP포트 / 파워서플라이 / 미들타워 / 어항형 / 수랭쿨러 / LED쿨러 / 용도: 게임용,"32GB, M.2 500GB",3549990
647,마이피씨샵 25Y 게이밍 마스터 7800X3D RTX5070Ti,7800X3D / RTX 5070 Ti / (AMD) B650 / OS미포함 / 800W / AMD / 라이젠 7000시리즈 / 라이젠7 / 라파엘 / DDR5 / 16GB / M.2 / 500GB / NVIDIA / 그래픽 메모리: 16GB / 1Gbps 유선 / HDMI / DP포트 / 파워서플라이 / 미들타워 / 어항형 / 수랭쿨러 / LED쿨러 / 용도: 게임용,"16GB, M.2 500GB",4329990
648,STCOM STAI-V25 Win11Home,7500F / RX 7600 / (AMD) B650 / 윈도우11 / 600W / AMD / 라이젠 7000시리즈 / 라이젠5 / 라파엘 / DDR5 / 16GB / M.2 / 512GB / AMD / 1Gbps 유선 / 파워서플라이 / 미들타워 / 용도: 게임용,"16GB, M.2 512GB",1641280
649,다나와표준PC 게임용 250417,7800X3D / RX 7600 / (AMD) B650 / OS미포함 / 800W / AMD / 라이젠 7000시리즈 / 라이젠7 / 라파엘 / DDR5 / 16GB / M.2 / 1TB / AMD / 그래픽 메모리: 8GB / 1Gbps 유선 / 파워서플라이 / 미들타워 / LED쿨러 / 용도: 게임용,"16GB, M.2 1TB",3023780
650,다나와표준PC 게임용 250414,7600 / RX 7600 / (AMD) B650 / OS미포함 / 750W / AMD / 라이젠 7000시리즈 / 라이젠5 / 라파엘 / DDR5 / 16GB / M.2 / 500GB / AMD / 그래픽 메모리: 8GB / 1Gbps 유선 / 파워서플라이 / 미들타워 / 어항형 / LED쿨러 / 용도: 게임용,"16GB, M.2 500GB",2286780
651,STCOM STAI-V27 Win11Home,7500F / RX 7800 XT / (AMD) B650 / 윈도우11 / 700W / AMD / 라이젠 7000시리즈 / 라이젠5 / 라파엘 / DDR5 / 32GB / M.2 / 1TB / AMD / 1Gbps 유선 / 파워서플라이 / 미들타워 / 용도: 게임용,"32GB, M.2 1TB",2556990
652,MSI MAG Codex R2 A14NVN i5 14400F RTX 5060 Ti 게이밍,i5-14400F / RTX 5060 Ti / (인텔) B760 / OS미포함 / 600W / 인텔 / 코어 14세대 / 코어i5 / 랩터레이크-R / DDR5 / 32GB / M.2 / 1TB / NVIDIA / 그래픽 메모리: 16GB / 1Gbps 유선 / HDMI / DP포트 / USB3.x 5Gbps / USB C타입 10Gbps / 파워서플라이 / 미들타워 / LED쿨러 / 용도: 게임용,"32GB, M.2 1TB",2898990
653,STCOM STAI-V117 Win11Home,7800X3D / RTX 5070 / (AMD) B650 / 윈도우11 / 850W / AMD / 라이젠 7000시리즈 / 라이젠7 / 라파엘 / DDR5 / 32GB / M.2 / 1TB / NVIDIA / 1Gbps 유선 / HDMI / DP포트 / 파워서플라이 / 미들타워 / 용도: 게임용,"32GB, M.2 1TB",3232660
654,STCOM STCP-i8,7800X3D / RX 9070 XT / (AMD) B650E / OS미포함 / 850W / AMD / 라이젠 7000시리즈 / 라이젠7 / 라파엘 / DDR5 / 32GB / M.2 / 1TB / AMD / 그래픽 메모리: 16GB / 1Gbps 유선 / HDMI / DP포트 / 파워서플라이 / 미들타워 / 어항형 / LED쿨러 / 용도: 게임용,"32GB, M.2 1TB",2974000
655,다나와표준PC ULTIMAKE ULT-R950X3D-4070TI SUPER,7950X3D / RTX 4070 Ti SUPER / (AMD) X670E / OS미포함 / 1050W / AMD / 라이젠 7000시리즈 / 라이젠9 / 라파엘 / DDR5 / 64GB / M.2 / 1TB / NVIDIA / 그래픽 메모리: 16GB / 1Gbps 유선 / HDMI / DP포트 / 파워서플라이 / 미들타워 / 어항형 / 수랭쿨러 / 용도: 게임용,"32GB, M.2 1TB",7432950
656,다나와표준PC 게임용 241009,5600 / GTX 1650 / (AMD) B550 / OS미포함 / 600W / AMD / 라이젠 5000시리즈 / 라이젠5 / 버미어 / DDR4 / 16GB / M.2 / 256GB / NVIDIA / 그래픽 메모리: 4GB / 1Gbps 유선 / HDMI / DP포트 / DVI / 파워서플라이 / 미들타워 / LED쿨러 / 용도: 게임용,"16GB, M.2 256GB",1507320
657,다나와표준PC DPG 게임용 230821,i5-13600KF / RTX 4070 / (인텔) B760 / OS미포함 / 850W / 인텔 / 코어 13세대 / 코어i5 / 엘더레이크 / DDR5 / 32GB / M.2 / 500GB / NVIDIA / 그래픽 메모리: 12GB / 1Gbps 유선 / HDMI / DP포트 / 파워서플라이 / 미들타워 / 용도: 게임용,"32GB, M.2 500GB",1913900
658,다나와표준PC 게임용 221219,i7-12700F / RTX 3060 Ti / (인텔) Z690 / OS미포함 / 700W / 인텔 / 코어 12세대 / 코어i7 / 엘더레이크 / DDR4 / 16GB / M.2 / 500GB / NVIDIA / 그래픽 메모리: 8GB / 1Gbps 유선 / 802.11ax(Wi-Fi 6) 무선 / 블루투스 / HDMI / DP포트 / USB3.x 10Gbps / USB3.x 5Gbps / USB C타입 10Gbps / 파워서플라이 / 미들타워 / 용도: 게임용,"16GB, M.2 500GB",1742750
659,다나와표준PC DPG 게임용 240724,7800X3D / RTX 4080 SUPER / (AMD) B650 / OS미포함 / 850W / AMD / 라이젠 7000시리즈 / 라이젠7 / 라파엘 / DDR5 / 16GB / SSD / 240GB / NVIDIA / 그래픽 메모리: 16GB / 1Gbps 유선 / HDMI / DP포트 / 파워서플라이 / 미들타워 / 어항형 / 수랭쿨러 / 용도: 게임용,"16GB, SSD 240GB",5510070
660,다나와표준PC 게임용 231120,i7-13700KF / RTX 4060 Ti / (인텔) B760 / OS미포함 / 700W / 인텔 / 코어 13세대 / 코어i7 / 랩터레이크 / DDR5 / 32GB / M.2 / 500GB / NVIDIA / 그래픽 메모리: 8GB / 1Gbps 유선 / 802.11ax(Wi-Fi 6) 무선 / 블루투스 / HDMI / DP포트 / 파워서플라이 / 미들타워 / 용도: 게임용,"32GB, M.2 500GB",2615350
661,STCOM STCP-AA22,9600X / RTX 5060 Ti / (AMD) A620 / OS미포함 / 700W / AMD / 라이젠 9000시리즈 / 라이젠5 / 그래니트 릿지 / DDR5 / 32GB / M.2 / 512GB / NVIDIA / 그래픽 메모리: 8GB / 1Gbps 유선 / HDMI / DP포트 / 파워서플라이 / 미들타워 / LED쿨러 / 용도: 게임용,"32GB, M.2 512GB",2041000
662,STCOM STCP-i3,i5-14400F / RTX 5060 Ti / (인텔) B760 / OS미포함 / 700W / 인텔 / 코어 14세대 / 코어i5 / 랩터레이크-R / DDR5 / 32GB / M.2 / 1TB / NVIDIA / 그래픽 메모리: 8GB / 1Gbps 유선 / HDMI / DP포트 / 파워서플라이 / 미들타워 / LED쿨러 / 용도: 게임용,"32GB, M.2 1TB",1928000
663,마이피씨샵 DIY 게이밍 미니PC 5600 RTX3050,5600 / RTX 3050 / (AMD) A520 / OS미포함 / 500W / AMD / 라이젠 5000시리즈 / 라이젠5 / 버미어 / DDR4 / 16GB / M.2 / 500GB / NVIDIA / 그래픽 메모리: 6GB / 1Gbps 유선 / HDMI / DP포트 / 파워서플라이 / 미들타워 / 어항형 / 용도: 게임용,"16GB, M.2 500GB",1526400
664,STCOM STAI-V178 Win11Home,7500F / RX 9070 XT / (AMD) A620 / 윈도우11 / 850W / AMD / 라이젠 7000시리즈 / 라이젠5 / 라파엘 / DDR5 / 32GB / M.2 / 1TB / AMD / 그래픽 메모리: 16GB / 1Gbps 유선 / HDMI / DP포트 / 파워서플라이 / 미들타워 / 용도: 게임용,"32GB, M.2 1TB",2652360
665,마이피씨샵 명품 DIY 게이밍 12400F RTX4060,i5-12400F / RTX 4060 / (인텔) H610 / OS미포함 / 600W / 인텔 / 코어 12세대 / 코어i5 / 엘더레이크 / DDR4 / 16GB / M.2 / 500GB / NVIDIA / 그래픽 메모리: 8GB / 1Gbps 유선 / HDMI / DP포트 / 파워서플라이 / 미들타워 / 용도: 게임용,"16GB, M.2 500GB",1736640
666,다나와표준PC 게임용 260210,7400F / RTX 5060 / (AMD) B650 / OS미포함 / 850W / AMD / 라이젠 7000시리즈 / 라이젠5 / 라파엘 / DDR5 / 16GB / M.2 / 1TB / NVIDIA / 그래픽 메모리: 8GB / 1Gbps 유선 / HDMI / DP포트 / 파워서플라이 / 미들타워 / 어항형 / LED쿨러 / 용도: 게임용,"16GB, M.2 1TB",2040000
667,다나와표준PC 게임용 251120,265K / RTX 5060 Ti / (인텔) B860 / OS미포함 / 850W / 인텔 / 코어울트라 시리즈2 / 코어 울트라7 / 애로우레이크 / 인텔 AI Boost / 13TOPS / DDR5 / 16GB / M.2 / 1TB / NVIDIA / 그래픽 메모리: 16GB / 1Gbps 유선 / HDMI / DP포트 / 파워서플라이 / 미들타워 / 어항형 / 수랭쿨러 / LED쿨러 / 용도: 게임용,"16GB, M.2 1TB",3432000
668,마이피씨샵 25Y 게이밍 마스터 5600 RTX5060,5600 / RTX 5060 / (AMD) A520 / OS미포함 / 600W / AMD / 라이젠 5000시리즈 / 라이젠5 / 버미어 / DDR4 / 16GB / M.2 / 500GB / NVIDIA / 그래픽 메모리: 8GB / 1Gbps 유선 / HDMI / DP포트 / 파워서플라이 / 미들타워 / 어항형 / LED쿨러 / 용도: 게임용,"16GB, M.2 500GB",1682880
669,STCOM STAI-V116 Win11Home,7800X3D / RTX 5070 / (AMD) B650 / 윈도우11 / 850W / AMD / 라이젠 7000시리즈 / 라이젠7 / 라파엘 / DDR5 / 16GB / M.2 / 512GB / NVIDIA / 1Gbps 유선 / HDMI / DP포트 / 파워서플라이 / 미들타워 / 용도: 게임용,"16GB, M.2 512GB",2823760
670,STCOM STAI-V118 Win11Home,9800X3D / RTX 5070 / (AMD) B650 / 윈도우11 / 850W / AMD / 라이젠 9000시리즈 / 라이젠7 / 그래니트 릿지 / DDR5 / 16GB / M.2 / 512GB / NVIDIA / 1Gbps 유선 / HDMI / DP포트 / 파워서플라이 / 미들타워 / 용도: 게임용,"16GB, M.2 512GB",3006120
671,마이피씨샵 25Y 게이밍 마스터 225F RTX5070,225F / RTX 5070 / (인텔) B860 / OS미포함 / 750W / 인텔 / 코어울트라 시리즈2 / 코어 울트라5 / 애로우레이크 / 인텔 AI Boost / 13TOPS / DDR5 / 16GB / M.2 / 500GB / NVIDIA / 그래픽 메모리: 12GB / 1Gbps 유선 / HDMI / DP포트 / 파워서플라이 / 미들타워 / 어항형 / LED쿨러 / 용도: 게임용,"16GB, M.2 500GB",2639040
672,마이피씨샵 25Y 게이밍 마스터 7500F RTX5070,7500F / RTX 5070 / (AMD) A620 / OS미포함 / 750W / AMD / 라이젠 7000시리즈 / 라이젠5 / 라파엘 / DDR5 / 16GB / M.2 / 500GB / NVIDIA / 그래픽 메모리: 12GB / 1Gbps 유선 / HDMI / DP포트 / 파워서플라이 / 미들타워 / 어항형 / LED쿨러 / 용도: 게임용,"16GB, M.2 500GB",3124800
673,마이피씨샵 25Y 게이밍 마스터 White edition 7500F RTX4060,7500F / RTX 4060 / (AMD) A620 / OS미포함 / 600W / AMD / 라이젠 7000시리즈 / 라이젠5 / 라파엘 / DDR5 / 32GB / M.2 / 500GB / NVIDIA / 그래픽 메모리: 8GB / 1Gbps 유선 / HDMI / DP포트 / 파워서플라이 / 미들타워 / 어항형 / 수랭쿨러 / LED쿨러 / 용도: 게임용,"32GB, M.2 500GB",2371200
674,마이피씨샵 25Y 게이밍 마스터 7800X3D RTX4060,7800X3D / RTX 4060 / (AMD) A620 / OS미포함 / 600W / AMD / 라이젠 7000시리즈 / 라이젠7 / 라파엘 / DDR5 / 16GB / M.2 / 500GB / NVIDIA / 그래픽 메모리: 8GB / 1Gbps 유선 / HDMI / DP포트 / 파워서플라이 / 미들타워 / 어항형 / LED쿨러 / 용도: 게임용,"16GB, M.2 500GB",3504000
675,마이피씨샵 DIY 게이밍 마스터 7600 RTX4060,7600 / RTX 4060 / (AMD) A620 / OS미포함 / 600W / AMD / 라이젠 7000시리즈 / 라이젠5 / 라파엘 / DDR5 / 16GB / M.2 / 500GB / NVIDIA / 그래픽 메모리: 8GB / 1Gbps 유선 / HDMI / DP포트 / 파워서플라이 / 미들타워 / 어항형 / 용도: 게임용,"16GB, M.2 500GB",2112000
676,다나와표준PC ULTIMAKE ULT-I400F-4060,i5-14400F / RTX 4060 / (인텔) B760 / OS미포함 / 700W / 인텔 / 코어 14세대 / 코어i5 / 랩터레이크-R / DDR4 / 16GB / M.2 / 500GB / NVIDIA / 그래픽 메모리: 8GB / 1Gbps 유선 / HDMI / DP포트 / 파워서플라이 / 미들타워 / 용도: 게임용,"16GB, M.2 500GB",2496840
677,영웅컴퓨터 영웅 H게이밍 4450F I5 14400F RTX5050,i5-14400F / RTX 5050 / (인텔) H610 / OS미포함 / 600W / 인텔 / 코어 14세대 / 코어i5 / 랩터레이크-R / DDR4 / 16GB / M.2 / 512GB / NVIDIA / 그래픽 메모리: 8GB / 1Gbps 유선 / HDMI / DP포트 / 파워서플라이 / 미들타워 / LED쿨러 / 용도: 게임용,"16GB, M.2 512GB",1249900
678,다나와표준PC ULTIMAKE ULT-R9900X-80,9900X / RTX 5080 / (AMD) X870E / OS미포함 / 1000W / AMD / 라이젠 9000시리즈 / 라이젠9 / 그래니트 릿지 / DDR5 / 32GB / M.2 / 1TB / NVIDIA / 그래픽 메모리: 16GB / 1Gbps 유선 / HDMI / DP포트 / 파워서플라이 / 미들타워 / 어항형 / 수랭쿨러 / LED쿨러 / 용도: 게임용,"32GB, M.2 1TB",7888240
679,STCOM STCP-SA02,7800X3D / RTX 5070 / (AMD) B650E / OS미포함 / 850W / AMD / 라이젠 7000시리즈 / 라이젠7 / 라파엘 / DDR5 / 32GB / M.2 / 2TB / NVIDIA / 그래픽 메모리: 12GB / 1Gbps 유선 / HDMI / DP포트 / 파워서플라이 / 미들타워 / 어항형 / 수랭쿨러 / LED쿨러 / 용도: 게임용,"32GB, M.2 2TB",3423000
680,STCOM STCP-AA30,5600 / RTX 5060 / (AMD) A520 / OS미포함 / 700W / AMD / 라이젠 5000시리즈 / 라이젠5 / 버미어 / DDR4 / 32GB / M.2 / 512GB / NVIDIA / 그래픽 메모리: 8GB / 1Gbps 유선 / HDMI / DP포트 / 파워서플라이 / 미들타워 / 용도: 게임용,"32GB, M.2 512GB",1547000
681,STCOM STCP-SA01,270K Plus / RTX 5070 / (인텔) B860 / OS미포함 / 850W / 인텔 / 코어울트라 시리즈2 / 코어 울트라7 / 애로우레이크 / 인텔 AI Boost / 13TOPS / DDR5 / 32GB / M.2 / 2TB / NVIDIA / 그래픽 메모리: 12GB / 1Gbps 유선 / HDMI / DP포트 / 파워서플라이 / 미들타워 / 어항형 / 수랭쿨러 / LED쿨러 / 용도: 게임용,"32GB, M.2 2TB",3563000
682,STCOM STCP-i7,9600X / RX 9070 XT / (AMD) A620 / OS미포함 / 850W / AMD / 라이젠 9000시리즈 / 라이젠5 / 그래니트 릿지 / DDR5 / 32GB / M.2 / 1TB / AMD / 그래픽 메모리: 16GB / 1Gbps 유선 / HDMI / DP포트 / 파워서플라이 / 미들타워 / 어항형 / LED쿨러 / 용도: 게임용,"32GB, M.2 1TB",2720000
683,영웅컴퓨터 영웅 H게이밍 2550F 225F RTX5050,225F / RTX 5050 / (인텔) H810 / OS미포함 / 600W / 인텔 / 코어울트라 시리즈2 / 코어 울트라5 / 애로우레이크 / 인텔 AI Boost / 13TOPS / DDR5 / 16GB / M.2 / 512GB / NVIDIA / 그래픽 메모리: 8GB / 1Gbps 유선 / HDMI / DP포트 / 파워서플라이 / 미들타워 / 어항형 / LED쿨러 / 용도: 게임용,"16GB, M.2 512GB",1439900
684,STCOM STCP-AA32,7800X3D / RTX 5070 / (AMD) B850 / OS미포함 / 800W / AMD / 라이젠 7000시리즈 / 라이젠7 / 라파엘 / DDR5 / 32GB / M.2 / 2TB / NVIDIA / 그래픽 메모리: 12GB / 1Gbps 유선 / HDMI / DP포트 / 파워서플라이 / 미들타워 / 어항형 / 용도: 게임용,"32GB, M.2 2TB",3336000
685,STCOM STCP-AA29,5600 / RTX 5060 / (AMD) A520 / OS미포함 / 700W / AMD / 라이젠 5000시리즈 / 라이젠5 / 버미어 / DDR4 / 16GB / M.2 / 1TB / NVIDIA / 그래픽 메모리: 8GB / 1Gbps 유선 / HDMI / DP포트 / 파워서플라이 / 미들타워 / 용도: 게임용,"16GB, M.2 1TB",1468000
686,STCOM STCP-AA27,7500F / RTX 5060 / (AMD) A620 / OS미포함 / 700W / AMD / 라이젠 7000시리즈 / 라이젠5 / 라파엘 / DDR5 / 16GB / M.2 / 1TB / NVIDIA / 그래픽 메모리: 8GB / 1Gbps 유선 / HDMI / DP포트 / 파워서플라이 / 미들타워 / LED쿨러 / 용도: 게임용,"16GB, M.2 1TB",1644000
687,STCOM STCP-i28,i5-14400F / RTX 5050 / (인텔) H610 / OS미포함 / 600W / 인텔 / 코어 14세대 / 코어i5 / 랩터레이크-R / DDR4 / 16GB / M.2 / 512GB / NVIDIA / 그래픽 메모리: 8GB / 1Gbps 유선 / HDMI / DP포트 / USB3.x 5Gbps / 파워서플라이 / 미들타워 / 용도: 게임용,"16GB, M.2 512GB",1324000
688,다나와 게임용PC 인텔 U5-225F RTX5060 S6104,225F / RTX 5060 / (인텔) H810 / OS미포함 / 600W / 인텔 / 코어울트라 시리즈2 / 코어 울트라5 / 애로우레이크 / 인텔 AI Boost / 13TOPS / DDR5 / 16GB / M.2 / 1TB / NVIDIA / 그래픽 메모리: 8GB / 1Gbps 유선 / HDMI / DP포트 / USB3.x 5Gbps / 파워서플라이 / 미들타워 / 어항형 / LED쿨러 / 용도: 게임용,"16GB, M.2 1TB",2250000
689,다나와표준PC ULTIMAKE AMD-R5-4060,9600X / RTX 4060 / (AMD) B650E / OS미포함 / 1000W / AMD / 라이젠 9000시리즈 / 라이젠5 / 그래니트 릿지 / DDR5 / 32GB / M.2 / 1TB / NVIDIA / 그래픽 메모리: 8GB / 1Gbps 유선 / 파워서플라이 / 미들타워 / 어항형 / 수랭쿨러 / LED쿨러 / 용도: 게임용,"32GB, M.2 1TB",3524800
690,다나와표준PC 게임용 241219,i5-14600KF / RTX 4060 / (인텔) B760 / OS미포함 / 750W / 인텔 / 코어 14세대 / 코어i5 / 랩터레이크-R / DDR5 / 16GB / M.2 / 1TB / NVIDIA / 그래픽 메모리: 8GB / 1Gbps 유선 / HDMI / DP포트 / 파워서플라이 / 미들타워 / LED쿨러 / 용도: 게임용,"16GB, M.2 1TB",3015770
691,다나와표준PC 게임용 241209,5600 / RX 6600 / (AMD) B550 / OS미포함 / 700W / AMD / 라이젠 5000시리즈 / 라이젠5 / 버미어 / DDR4 / 8GB / SSD / 240GB / AMD / 그래픽 메모리: 8GB / 1Gbps 유선 / HDMI / DP포트 / 파워서플라이 / 미들타워 / LED쿨러 / 용도: 게임용,"8GB, SSD 240GB",1785060
692,다나와표준PC DPG 게임용 241125,i5-14600KF / RTX 4060 / (인텔) B760 / OS미포함 / 850W / 인텔 / 코어 14세대 / 코어i5 / 랩터레이크-R / DDR5 / 32GB / M.2 / 1TB / NVIDIA / 그래픽 메모리: 8GB / 1Gbps 유선 / HDMI / DP포트 / 파워서플라이 / 미들타워 / 어항형 / 수랭쿨러 / LED쿨러 / 용도: 게임용,"32GB, M.2 1TB",3492940
693,다나와표준PC 게임용 241109,5600 / RX 6600 / (AMD) B550 / OS미포함 / 600W / AMD / 라이젠 5000시리즈 / 라이젠5 / 버미어 / DDR4 / 16GB / SSD / 240GB / AMD / 그래픽 메모리: 8GB / 1Gbps 유선 / HDMI / DP포트 / 파워서플라이 / 미들타워 / 어항형 / 용도: 게임용,"16GB, SSD 240GB",1999230
694,제이씨현 제플PC 게이밍 익스프레션 G25,7500F / RX 9060 XT / (AMD) B650 / OS미포함 / 650W / AMD / 라이젠 7000시리즈 / 라이젠5 / 라파엘 / DDR5 / 32GB / M.2 / 1TB / AMD / 그래픽 메모리: 16GB / 1Gbps 유선 / HDMI / DP포트 / 파워서플라이 / 미들타워 / 어항형 / LED쿨러 / 용도: 게임용,"32GB, M.2 1TB",2270000
695,다나와표준PC 게임용 240910,7500F / RX 7600 / (AMD) A620 / OS미포함 / 600W / AMD / 라이젠 7000시리즈 / 라이젠5 / 라파엘 / DDR5 / 16GB / M.2 / 500GB / AMD / 그래픽 메모리: 8GB / 1Gbps 유선 / HDMI / DP포트 / 파워서플라이 / 미들타워 / 어항형 / 용도: 게임용,"16GB, M.2 500GB",2114850
696,STCOM STCP-i27,i5-12400F / RTX 5050 / (인텔) H610 / OS미포함 / 600W / 인텔 / 코어 12세대 / 코어i5 / 엘더레이크 / DDR4 / 32GB / M.2 / 1TB / NVIDIA / 그래픽 메모리: 8GB / 1Gbps 유선 / HDMI / DP포트 / USB3.x 5Gbps / 파워서플라이 / 미들타워 / 용도: 게임용,"32GB, M.2 1TB",1611000
697,STCOM STCP-i19,7500F / RX 9060 XT / (AMD) A620 / OS미포함 / 600W / AMD / 라이젠 7000시리즈 / 라이젠5 / 라파엘 / DDR5 / 16GB / M.2 / 512GB / AMD / 그래픽 메모리: 16GB / 1Gbps 유선 / HDMI / DP포트 / 파워서플라이 / 미들타워 / LED쿨러 / 용도: 게임용,"16GB, M.2 512GB",1661000
698,다나와표준PC 게임용 250313,7600 / RTX 4060 / (AMD) B650 / OS미포함 / 700W / AMD / 라이젠 7000시리즈 / 라이젠5 / 라파엘 / DDR5 / 16GB / M.2 / 512GB / NVIDIA / 그래픽 메모리: 8GB / 1Gbps 유선 / HDMI / DP포트 / 파워서플라이 / 미들타워 / 어항형 / LED쿨러 / 용도: 게임용,"16GB, M.2 512GB",2512710
699,다나와표준PC 전문가용 241225,9700X / RTX 4060 Ti / (AMD) B650 / OS미포함 / 850W / AMD / 라이젠 9000시리즈 / 라이젠7 / 그래니트 릿지 / DDR5 / 16GB / M.2 / 1TB / NVIDIA / 그래픽 메모리: 8GB / 1Gbps 유선 / HDMI / DP포트 / 파워서플라이 / 미들타워 / 용도: 게임용,"16GB, M.2 1TB",3911770
700,다나와표준PC 게임용 240316,i5-14400F / RTX 4060 / (인텔) B760 / OS미포함 / 700W / 인텔 / 코어 14세대 / 코어i5 / 랩터레이크-R / DDR5 / 16GB / M.2 / 500GB / NVIDIA / 그래픽 메모리: 8GB / 1Gbps 유선 / HDMI / DP포트 / 파워서플라이 / 미들타워 / 용도: 게임용,"16GB, M.2 500GB",2479970
701,포유컴퓨터 퍼포먼스PC 32 U5 225F RTX5060Ti WIN11,225F / RTX 5060 Ti / (인텔) H810 / 윈도우11 / 700W / 인텔 / 코어울트라 시리즈2 / 코어 울트라5 / 애로우레이크 / 인텔 AI Boost / 13TOPS / DDR5 / 16GB / M.2 / 500GB / NVIDIA / 1Gbps 유선 / HDMI / DP포트 / 파워서플라이 / 미들타워 / 용도: 게임용,"16GB, M.2 500GB",1929600
702,STCOM STCP-AA28,7500F / RTX 5060 / (AMD) A620 / OS미포함 / 700W / AMD / 라이젠 7000시리즈 / 라이젠5 / 라파엘 / DDR5 / 32GB / M.2 / 512GB / NVIDIA / 그래픽 메모리: 8GB / 1Gbps 유선 / HDMI / DP포트 / 파워서플라이 / 미들타워 / LED쿨러 / 용도: 게임용,"32GB, M.2 512GB",1814000
703,STCOM STCP-AA26,9600X / RTX 5060 / (AMD) A620 / OS미포함 / 700W / AMD / 라이젠 9000시리즈 / 라이젠5 / 그래니트 릿지 / DDR5 / 32GB / M.2 / 512GB / NVIDIA / 그래픽 메모리: 8GB / 1Gbps 유선 / HDMI / DP포트 / 파워서플라이 / 미들타워 / LED쿨러 / 용도: 게임용,"32GB, M.2 512GB",1916000
704,STCOM STCP-AA25,9600X / RTX 5060 / (AMD) A620 / OS미포함 / 700W / AMD / 라이젠 9000시리즈 / 라이젠5 / 그래니트 릿지 / DDR5 / 16GB / M.2 / 1TB / NVIDIA / 그래픽 메모리: 8GB / 1Gbps 유선 / HDMI / DP포트 / 파워서플라이 / 미들타워 / LED쿨러 / 용도: 게임용,"16GB, M.2 1TB",1746000
705,STCOM STCP-AA24,7500F / RTX 5060 Ti / (AMD) A620 / OS미포함 / 700W / AMD / 라이젠 7000시리즈 / 라이젠5 / 라파엘 / DDR5 / 32GB / M.2 / 512GB / NVIDIA / 그래픽 메모리: 8GB / 1Gbps 유선 / HDMI / DP포트 / 파워서플라이 / 미들타워 / LED쿨러 / 용도: 게임용,"32GB, M.2 512GB",1939000
706,STCOM STCP-AA23,7500F / RTX 5060 Ti / (AMD) A620 / OS미포함 / 700W / AMD / 라이젠 7000시리즈 / 라이젠5 / 라파엘 / DDR5 / 16GB / M.2 / 1TB / NVIDIA / 그래픽 메모리: 8GB / 1Gbps 유선 / HDMI / DP포트 / 파워서플라이 / 미들타워 / LED쿨러 / 용도: 게임용,"16GB, M.2 1TB",1769000
707,STCOM STCP-AA21,9600X / RTX 5060 Ti / (AMD) A620 / OS미포함 / 700W / AMD / 라이젠 9000시리즈 / 라이젠5 / 그래니트 릿지 / DDR5 / 16GB / M.2 / 1TB / NVIDIA / 그래픽 메모리: 8GB / 1Gbps 유선 / HDMI / DP포트 / 파워서플라이 / 미들타워 / LED쿨러 / 용도: 게임용,"16GB, M.2 1TB",1871000
708,STCOM STCP-i65,225F / RTX 5060 Ti / (인텔) H810 / OS미포함 / 700W / 인텔 / 코어울트라 시리즈2 / 코어 울트라5 / 애로우레이크 / 인텔 AI Boost / 13TOPS / DDR5 / 16GB / M.2 / 1TB / NVIDIA / 그래픽 메모리: 8GB / 1Gbps 유선 / HDMI / DP포트 / 파워서플라이 / 미들타워 / LED쿨러 / 용도: 게임용,"16GB, M.2 1TB",1790000
709,STCOM STCP-i64,225F / RTX 5060 / (인텔) H810 / OS미포함 / 700W / 인텔 / 코어울트라 시리즈2 / 코어 울트라5 / 애로우레이크 / 인텔 AI Boost / 13TOPS / DDR5 / 16GB / M.2 / 1TB / NVIDIA / 그래픽 메모리: 8GB / 1Gbps 유선 / HDMI / DP포트 / 파워서플라이 / 미들타워 / LED쿨러 / 용도: 게임용,"16GB, M.2 1TB",1677000
710,STCOM STCP-i63,250K Plus / RTX 5070 / (인텔) B860 / OS미포함 / 800W / 인텔 / 코어울트라 시리즈2 / 코어 울트라5 / 애로우레이크 / 인텔 AI Boost / 13TOPS / DDR5 / 32GB / M.2 / 512GB / NVIDIA / 그래픽 메모리: 12GB / 1Gbps 유선 / HDMI / DP포트 / 파워서플라이 / 미들타워 / 어항형 / LED쿨러 / 용도: 게임용,"32GB, M.2 512GB",2951000
711,STCOM STCP-i62,250K Plus / RTX 5070 / (인텔) B860 / OS미포함 / 800W / 인텔 / 코어울트라 시리즈2 / 코어 울트라5 / 애로우레이크 / 인텔 AI Boost / 13TOPS / DDR5 / 16GB / M.2 / 1TB / NVIDIA / 그래픽 메모리: 12GB / 1Gbps 유선 / HDMI / DP포트 / 파워서플라이 / 미들타워 / 어항형 / LED쿨러 / 용도: 게임용,"16GB, M.2 1TB",2769000
712,STCOM STCP-i60,250K Plus / RTX 5060 Ti / (인텔) B860 / OS미포함 / 700W / 인텔 / 코어울트라 시리즈2 / 코어 울트라5 / 애로우레이크 / 인텔 AI Boost / 13TOPS / DDR5 / 16GB / M.2 / 1TB / NVIDIA / 그래픽 메모리: 8GB / 1Gbps 유선 / HDMI / DP포트 / 파워서플라이 / 미들타워 / LED쿨러 / 용도: 게임용,"16GB, M.2 1TB",2087000
713,STCOM STCP-i57,245KF / RTX 5060 Ti / (인텔) B860 / OS미포함 / 700W / 인텔 / 코어울트라 시리즈2 / 코어 울트라5 / 애로우레이크 / DDR5 / 32GB / M.2 / 512GB / NVIDIA / 파워서플라이 / 용도: 게임용,"32GB, M.2 512GB",2136000
714,STCOM STCP-i59,250K Plus / RTX 5060 / (인텔) B860 / OS미포함 / 700W / 인텔 / 코어울트라 시리즈2 / 코어 울트라5 / 애로우레이크 / DDR5 / 32GB / M.2 / 512GB / NVIDIA / 파워서플라이 / 용도: 게임용,"32GB, M.2 512GB",2155000
715,STCOM STCP-i58,250K Plus / RTX 5060 / (인텔) B860 / OS미포함 / 700W / 인텔 / 코어울트라 시리즈2 / 코어 울트라5 / 애로우레이크 / DDR5 / 16GB / M.2 / 1TB / NVIDIA / 파워서플라이 / 용도: 게임용,"16GB, M.2 1TB",1974000
716,STCOM STCP-i56,245KF / RTX 5060 Ti / (인텔) B860 / OS미포함 / 700W / 인텔 / 코어울트라 시리즈2 / 코어 울트라5 / 애로우레이크 / DDR5 / 16GB / M.2 / 1TB / NVIDIA / 파워서플라이 / 용도: 게임용,"16GB, M.2 1TB",1954000
717,STCOM STCP-i55,245KF / RTX 5060 / (인텔) B860 / OS미포함 / 700W / 인텔 / 코어울트라 시리즈2 / 코어 울트라5 / 애로우레이크 / DDR5 / 32GB / M.2 / 512GB / NVIDIA / 파워서플라이 / 용도: 게임용,"32GB, M.2 512GB",2023000
718,STCOM STCP-i34,i5-14400F / RTX 5060 Ti / (인텔) B760 / OS미포함 / 700W / 인텔 / 코어 14세대 / 코어i5 / 랩터레이크-R / DDR5 / 16GB / M.2 / 512GB / NVIDIA / 그래픽 메모리: 8GB / 2.5Gbps 유선 / HDMI / DP포트 / USB3.x 10Gbps / 파워서플라이 / 미들타워 / 용도: 게임용,"16GB, M.2 512GB",1724000
719,STCOM STCP-AA19,9600X / RTX 5060 Ti / (AMD) A620 / OS미포함 / 700W / AMD / 라이젠 9000시리즈 / 라이젠5 / 그래니트 릿지 / DDR5 / 16GB / M.2 / 512GB / NVIDIA / 그래픽 메모리: 8GB / 1Gbps 유선 / HDMI / DP포트 / 파워서플라이 / 미들타워 / 용도: 게임용,"16GB, M.2 512GB",1735000
720,STCOM STCP-i33,7500F / RTX 5050 / (AMD) A620 / OS미포함 / 600W / AMD / 라이젠 7000시리즈 / 라이젠5 / 라파엘 / DDR5 / 32GB / M.2 / 1TB / NVIDIA / 그래픽 메모리: 8GB / 1Gbps 유선 / HDMI / DP포트 / USB3.x 5Gbps / 파워서플라이 / 미들타워 / 용도: 게임용,"32GB, M.2 1TB",1874000
721,STCOM STCP-i32,7500F / RTX 5050 / (AMD) A620 / OS미포함 / 600W / AMD / 라이젠 7000시리즈 / 라이젠5 / 라파엘 / DDR5 / 16GB / M.2 / 512GB / NVIDIA / 그래픽 메모리: 8GB / 1Gbps 유선 / HDMI / DP포트 / USB3.x 5Gbps / 파워서플라이 / 미들타워 / 용도: 게임용,"16GB, M.2 512GB",1450000
722,STCOM STCP-i31,5600 / RTX 5050 / (AMD) A520 / OS미포함 / 600W / AMD / 라이젠 5000시리즈 / 라이젠5 / 버미어 / DDR4 / 32GB / M.2 / 1TB / NVIDIA / 그래픽 메모리: 8GB / 1Gbps 유선 / HDMI / DP포트 / USB3.x 5Gbps / 파워서플라이 / 미들타워 / 용도: 게임용,"32GB, M.2 1TB",1585000
723,STCOM STCP-i30,5600 / RTX 5050 / (AMD) A520 / OS미포함 / 600W / AMD / 라이젠 5000시리즈 / 라이젠5 / 버미어 / DDR4 / 16GB / M.2 / 512GB / NVIDIA / 1Gbps 유선 / HDMI / DP포트 / USB3.x 5Gbps / 파워서플라이 / 미들타워 / 용도: 게임용,"16GB, M.2 512GB",1229000
724,STCOM STCP-i29,i5-14400F / RTX 5050 / (인텔) H610 / OS미포함 / 600W / 인텔 / 코어 14세대 / 코어i5 / 랩터레이크-R / DDR4 / 32GB / M.2 / 1TB / NVIDIA / 그래픽 메모리: 8GB / 1Gbps 유선 / HDMI / DP포트 / USB3.x 5Gbps / 파워서플라이 / 미들타워 / 용도: 게임용,"32GB, M.2 1TB",1678000
725,STCOM STCP-i26,i5-12400F / RTX 5050 / (인텔) H610 / OS미포함 / 600W / 인텔 / 코어 12세대 / 코어i5 / 엘더레이크 / DDR4 / 16GB / M.2 / 512GB / NVIDIA / 그래픽 메모리: 8GB / 1Gbps 유선 / HDMI / DP포트 / USB3.x 5Gbps / 파워서플라이 / 미들타워 / 용도: 게임용,"16GB, M.2 512GB",1257000
726,다나와 게임용PC AMD R5-7500F RTX3050 S6109,7500F / RTX 3050 / (AMD) A620 / OS미포함 / 600W / AMD / 라이젠 7000시리즈 / 라이젠5 / 라파엘 / DDR5 / 16GB / M.2 / 1TB / NVIDIA / 그래픽 메모리: 6GB / 1Gbps 유선 / HDMI / DP포트 / DVI / USB3.x 5Gbps / 파워서플라이 / 미들타워 / 어항형 / LED쿨러 / 용도: 게임용,"16GB, M.2 1TB",1800000
727,STCOM STCP-AA18,i5-14400F / RTX 5060 Ti / (인텔) H610 / OS미포함 / 700W / 인텔 / 코어 14세대 / 코어i5 / 랩터레이크-R / DDR4 / 32GB / M.2 / 1TB / NVIDIA / 그래픽 메모리: 8GB / 1Gbps 유선 / HDMI / DP포트 / USB3.x 5Gbps / 파워서플라이 / 미들타워 / 용도: 게임용,"32GB, M.2 1TB",1913000
728,STCOM STCP-AA12,9600X / RTX 5060 / (AMD) A620 / OS미포함 / 700W / AMD / 라이젠 9000시리즈 / 라이젠5 / 그래니트 릿지 / DDR5 / 32GB / M.2 / 1TB / NVIDIA / 그래픽 메모리: 8GB / 1Gbps 유선 / HDMI / DP포트 / USB3.x 5Gbps / 파워서플라이 / 미들타워 / 용도: 게임용,"32GB, M.2 1TB",2052000
729,STCOM STCP-AA14,9600X / RTX 5060 / (AMD) A620 / OS미포함 / 700W / AMD / 라이젠 9000시리즈 / 라이젠5 / 그래니트 릿지 / DDR5 / 16GB / M.2 / 512GB / NVIDIA / 그래픽 메모리: 8GB / 1Gbps 유선 / HDMI / DP포트 / USB3.x 5Gbps / 파워서플라이 / 미들타워 / 용도: 게임용,"16GB, M.2 512GB",1610000
730,STCOM STCP-AA11,7500F / RTX 5060 Ti / (AMD) A620 / OS미포함 / 700W / AMD / 라이젠 7000시리즈 / 라이젠5 / 라파엘 / DDR5 / 32GB / M.2 / 1TB / NVIDIA / 그래픽 메모리: 8GB / 1Gbps 유선 / HDMI / DP포트 / USB3.x 5Gbps / 파워서플라이 / 미들타워 / 용도: 게임용,"32GB, M.2 1TB",2075000
731,STCOM STCP-AA13,7500F / RTX 5060 / (AMD) A620 / OS미포함 / 700W / AMD / 라이젠 7000시리즈 / 라이젠5 / 라파엘 / DDR5 / 32GB / M.2 / 1TB / NVIDIA / 그래픽 메모리: 8GB / 1Gbps 유선 / HDMI / DP포트 / USB3.x 5Gbps / 파워서플라이 / 미들타워 / 용도: 게임용,"32GB, M.2 1TB",1950000
732,STCOM STCP-AA15,7500F / RTX 5060 / (AMD) A620 / OS미포함 / 700W / AMD / 라이젠 7000시리즈 / 라이젠5 / 라파엘 / DDR5 / 16GB / M.2 / 512GB / NVIDIA / 그래픽 메모리: 8GB / 1Gbps 유선 / HDMI / DP포트 / USB3.x 5Gbps / 파워서플라이 / 미들타워 / 용도: 게임용,"16GB, M.2 512GB",1509000
733,STCOM STCP-AA17,5600 / RTX 5060 / (AMD) A520 / OS미포함 / 700W / AMD / 라이젠 5000시리즈 / 라이젠5 / 버미어 / DDR4 / 16GB / M.2 / 512GB / NVIDIA / 그래픽 메모리: 8GB / 1Gbps 유선 / HDMI / DP포트 / USB3.x 5Gbps / 파워서플라이 / 미들타워 / 용도: 게임용,"16GB, M.2 512GB",1332000
734,STCOM STCP-AA16,5600 / RTX 5060 / (AMD) A520 / OS미포함 / 700W / AMD / 라이젠 5000시리즈 / 라이젠5 / 버미어 / DDR4 / 32GB / M.2 / 1TB / NVIDIA / 그래픽 메모리: 8GB / 1Gbps 유선 / HDMI / DP포트 / USB3.x 5Gbps / 파워서플라이 / 미들타워 / 용도: 게임용,"32GB, M.2 1TB",1683000
735,STCOM STCP-AA7,7500F / RTX 5070 / (AMD) B650 / OS미포함 / 800W / AMD / 라이젠 7000시리즈 / 라이젠5 / 라파엘 / DDR5 / 32GB / M.2 / 1TB / NVIDIA / 그래픽 메모리: 12GB / 2.5Gbps 유선 / 802.11ax(Wi-Fi 6) 무선 / HDMI / DP포트 / USB3.x 10Gbps / USB3.x 5Gbps / USB C타입 10Gbps / USB C타입 5Gbps / 파워서플라이 / 미들타워 / 어항형 / LED쿨러 / 용도: 게임용,"32GB, M.2 1TB",2805000
736,STCOM STCP-i24,i5-14400F / RX 9060 XT / (인텔) B760 / OS미포함 / 600W / 인텔 / 코어 14세대 / 코어i5 / 랩터레이크-R / DDR5 / 16GB / M.2 / 512GB / AMD / 그래픽 메모리: 16GB / 1Gbps 유선 / HDMI / DP포트 / 파워서플라이 / 미들타워 / LED쿨러 / 용도: 게임용,"16GB, M.2 512GB",1743000
737,STCOM STCP-i25,i5-14400F / RX 9060 / (인텔) B760 / OS미포함 / 600W / 인텔 / 코어 14세대 / 코어i5 / 랩터레이크-R / DDR5 / 16GB / M.2 / 512GB / AMD / 그래픽 메모리: 8GB / 1Gbps 유선 / HDMI / DP포트 / 파워서플라이 / 미들타워 / LED쿨러 / 용도: 게임용,"16GB, M.2 512GB",1591000
738,STCOM STCP-i22,9600X / RX 9060 / (AMD) A620 / OS미포함 / 600W / AMD / 라이젠 9000시리즈 / 라이젠5 / 그래니트 릿지 / DDR5 / 16GB / M.2 / 512GB / AMD / 그래픽 메모리: 8GB / 1Gbps 유선 / HDMI / DP포트 / 파워서플라이 / 미들타워 / LED쿨러 / 용도: 게임용,"16GB, M.2 512GB",1611000
739,STCOM STCP-i20,9600X / RX 9060 / (AMD) A620 / OS미포함 / 600W / AMD / 라이젠 9000시리즈 / 라이젠5 / 그래니트 릿지 / DDR5 / 32GB / M.2 / 1TB / AMD / 그래픽 메모리: 8GB / 1Gbps 유선 / HDMI / DP포트 / 파워서플라이 / 미들타워 / LED쿨러 / 용도: 게임용,"32GB, M.2 1TB",2064000
740,STCOM STCP-i18,9600X / RX 9060 XT / (AMD) A620 / OS미포함 / 600W / AMD / 라이젠 9000시리즈 / 라이젠5 / 그래니트 릿지 / DDR5 / 16GB / M.2 / 512GB / AMD / 그래픽 메모리: 16GB / 1Gbps 유선 / HDMI / DP포트 / 파워서플라이 / 미들타워 / LED쿨러 / 용도: 게임용,"16GB, M.2 512GB",1763000
741,STCOM STCP-i16,9600X / RX 9060 XT / (AMD) A620 / OS미포함 / 600W / AMD / 라이젠 9000시리즈 / 라이젠5 / 그래니트 릿지 / DDR5 / 32GB / M.2 / 1TB / AMD / 그래픽 메모리: 16GB / 1Gbps 유선 / HDMI / DP포트 / 파워서플라이 / 미들타워 / LED쿨러 / 용도: 게임용,"32GB, M.2 1TB",2216000
742,STCOM STCP-i23,7500F / RX 9060 / (AMD) A620 / OS미포함 / 600W / AMD / 라이젠 7000시리즈 / 라이젠5 / 라파엘 / DDR5 / 16GB / M.2 / 512GB / AMD / 그래픽 메모리: 8GB / 1Gbps 유선 / HDMI / DP포트 / 파워서플라이 / 미들타워 / LED쿨러 / 용도: 게임용,"16GB, M.2 512GB",1510000
743,STCOM STCP-i17,7500F / RX 9060 XT / (AMD) A620 / OS미포함 / 600W / AMD / 라이젠 7000시리즈 / 라이젠5 / 라파엘 / DDR5 / 32GB / M.2 / 1TB / AMD / 그래픽 메모리: 16GB / 1Gbps 유선 / HDMI / DP포트 / 파워서플라이 / 미들타워 / LED쿨러 / 용도: 게임용,"32GB, M.2 1TB",2114000
744,다나와표준PC ULTIMAKE ULT-I4600KF-50,i5-14600KF / RTX 3050 / (인텔) H610 / 600W / 인텔 / 코어 14세대 / 코어i5 / 랩터레이크-R / DDR5 / 16GB / SSD / 240GB / NVIDIA / 그래픽 메모리: 6GB / 1Gbps 유선 / HDMI / DP포트 / 파워서플라이 / LED쿨러 / 용도: 게임용,"16GB, SSD 240GB",2187210
745,STCOM STCP-i13,7500F / RX 9060 / (AMD) A620 / OS미포함 / 600W / AMD / 라이젠 7000시리즈 / 라이젠5 / 라파엘 / DDR5 / 32GB / M.2 / 1TB / AMD / 그래픽 메모리: 8GB / 1Gbps 유선 / HDMI / DP포트 / 파워서플라이 / 미들타워 / LED쿨러 / 용도: 게임용,"32GB, M.2 1TB",1961000
746,STCOM STCP-i12,5600 / RX 9060 / (AMD) A520 / OS미포함 / 600W / AMD / 라이젠 5000시리즈 / 라이젠5 / 버미어 / DDR4 / 32GB / M.2 / 1TB / AMD / 그래픽 메모리: 8GB / 1Gbps 유선 / HDMI / DP포트 / 파워서플라이 / 미들타워 / LED쿨러 / 용도: 게임용,"32GB, M.2 1TB",1679000
747,STCOM STCP-i11,i5-14400F / RX 9060 / (인텔) H610 / OS미포함 / 600W / 인텔 / 코어 14세대 / 코어i5 / 랩터레이크-R / DDR4 / 32GB / M.2 / 1TB / AMD / 그래픽 메모리: 8GB / 1Gbps 유선 / HDMI / DP포트 / 파워서플라이 / 미들타워 / LED쿨러 / 용도: 게임용,"32GB, M.2 1TB",1775000
748,다나와표준PC ULTIMAKE ULT-IU285K-70,265K / RTX 5070 / (인텔) Z890 / OS미포함 / 1000W / 인텔 / 코어울트라 시리즈2 / 코어 울트라7 / 애로우레이크 / 인텔 AI Boost / 13TOPS / DDR5 / 64GB / M.2 / 1TB / NVIDIA / 그래픽 메모리: 12GB / 1Gbps 유선 / 파워서플라이 / 미들타워 / 수랭쿨러 / LED쿨러 / 용도: 게임용,"64GB, M.2 1TB",6031660
749,MSI PRO DP180 404XKR i5-12400 RTX5060 Win11Pro,i5-12400 / RTX 5060 / (인텔) H610 / 윈도우11 프로 / 800W / 인텔 / 코어 12세대 / 코어i5 / 엘더레이크 / DDR4 / 32GB / M.2 / 1TB / NVIDIA / 2.5Gbps 유선 / 802.11ax(Wi-Fi 6E) 무선 / 블루투스 / 듀얼랜 / HDMI / DP포트 / D-SUB / USB3.x 5Gbps / USB C타입 10Gbps / 시리얼포트 / 파워서플라이 / 미들타워 / 7.59kg / 용도: 게임용 / 구성변경상품,"32GB, M.2 1TB",2970000
750,다나와표준PC 전문가용 250326,9800X3D / RX 6600 / (AMD) B850 / OS미포함 / 1000W / AMD / 라이젠 9000시리즈 / 라이젠7 / 그래니트 릿지 / DDR5 / 16GB / HDD:2TB / M.2 / 1TB / AMD / 그래픽 메모리: 8GB / 5Gbps 유선 / 802.11be(Wi-Fi 7) 무선 / 블루투스 / HDMI / DP포트 / 파워서플라이 / 미들타워 / 수랭쿨러 / LED쿨러 / 용도: 게임용,"16GB, M.2 1TB + HDD 2TB",5046650
751,다나와표준PC DPG 게임용 250324,7800X3D / RX 7600 / (AMD) B650 / OS미포함 / 850W / AMD / 라이젠 7000시리즈 / 라이젠7 / 라파엘 / DDR5 / 16GB / M.2 / 1TB / AMD / 그래픽 메모리: 8GB / 1Gbps 유선 / HDMI / DP포트 / 파워서플라이 / 미들타워 / 어항형 / 수랭쿨러 / LED쿨러 / 용도: 게임용,"16GB, M.2 1TB",3423250
752,다나와표준PC 게임용 250319,9800X3D / RTX 4060 / (AMD) B850 / OS미포함 / 750W / AMD / 라이젠 9000시리즈 / 라이젠7 / 그래니트 릿지 / DDR5 / 16GB / M.2 / 1TB / NVIDIA / 그래픽 메모리: 8GB / 1Gbps 유선 / HDMI / DP포트 / 파워서플라이 / 미들타워 / 어항형 / 수랭쿨러 / LED쿨러 / 용도: 게임용,"16GB, M.2 1TB",4120150
753,다나와표준PC 게임용 250317,7800X3D / RX 7600 / (AMD) B650 / OS미포함 / 750W / AMD / 라이젠 7000시리즈 / 라이젠7 / 라파엘 / DDR5 / 16GB / M.2 / 1TB / AMD / 그래픽 메모리: 8GB / 1Gbps 유선 / 802.11ax(Wi-Fi 6E) 무선 / 블루투스 / HDMI / DP포트 / 파워서플라이 / 미들타워 / LED쿨러 / 용도: 게임용,"16GB, M.2 1TB",3405740
754,다나와표준PC 게임용 250316,i5-14400F / RTX 4060 / (인텔) B760 / OS미포함 / 850W / 인텔 / 코어 14세대 / 코어i5 / 랩터레이크-R / DDR5 / 16GB / M.2 / 500GB / NVIDIA / 그래픽 메모리: 8GB / 1Gbps 유선 / HDMI / DP포트 / 파워서플라이 / 미들타워 / 어항형 / LED쿨러 / 용도: 게임용,"16GB, M.2 500GB",2572240
755,다나와표준PC 게임용 250315,i5-14400F / RTX 4060 / (인텔) B760 / OS미포함 / 850W / 인텔 / 코어 14세대 / 코어i5 / 랩터레이크-R / DDR5 / 16GB / M.2 / 512GB / NVIDIA / 그래픽 메모리: 8GB / 1Gbps 유선 / HDMI / DP포트 / 파워서플라이 / 미들타워 / 어항형 / LED쿨러 / 용도: 게임용,"16GB, M.2 512GB",2702470
756,다나와표준PC 게임용 250314,7600 / RTX 4060 / (AMD) B650 / OS미포함 / 750W / AMD / 라이젠 7000시리즈 / 라이젠5 / 라파엘 / DDR5 / 16GB / M.2 / 500GB / NVIDIA / 그래픽 메모리: 8GB / 1Gbps 유선 / HDMI / DP포트 / 파워서플라이 / 미들타워 / 어항형 / LED쿨러 / 용도: 게임용,"16GB, M.2 500GB",2874390
757,다나와표준PC 게임용 250311,7500F / RX 6600 / (AMD) B650 / OS미포함 / 700W / AMD / 라이젠 7000시리즈 / 라이젠5 / 라파엘 / DDR5 / 16GB / M.2 / 500GB / AMD / 그래픽 메모리: 8GB / 1Gbps 유선 / HDMI / DP포트 / 파워서플라이 / 미들타워 / LED쿨러 / 용도: 게임용,"16GB, M.2 500GB",2262660
758,다나와표준PC 게임용 250309,5600 / RX 6400 / (AMD) B450 / OS미포함 / 700W / AMD / 라이젠 5000시리즈 / 라이젠5 / 버미어 / DDR4 / 16GB / SSD / 240GB / AMD / 그래픽 메모리: 4GB / 1Gbps 유선 / HDMI / DP포트 / 파워서플라이 / 미들타워 / 어항형 / LED쿨러 / 용도: 게임용,"16GB, SSD 240GB",1872710
759,다나와표준PC ULTIMAKE ULT-I4400F-3050,i5-14400F / RTX 3050 / (인텔) H610 / OS미포함 / 600W / 인텔 / 코어 14세대 / 코어i5 / 랩터레이크-R / DDR5 / 16GB / SSD / 240GB / NVIDIA / 그래픽 메모리: 6GB / 1Gbps 유선 / 파워서플라이 / 미들타워 / LED쿨러 / 용도: 게임용,"16GB, SSD 240GB",2081090
760,다나와표준PC 전문가용 241228,9800X3D / RTX 4060 / (AMD) X870 / OS미포함 / 850W / AMD / 라이젠 9000시리즈 / 라이젠7 / 그래니트 릿지 / DDR5 / 16GB / HDD:4TB / M.2 / 1TB / NVIDIA / 그래픽 메모리: 8GB / 5Gbps 유선 / 802.11be(Wi-Fi 7) 무선 / 블루투스 / HDMI / DP포트 / 파워서플라이 / 미들타워 / 어항형 / 수랭쿨러 / LED쿨러 / 용도: 게임용,"16GB, M.2 1TB + HDD 4TB",5107850
761,다나와표준PC 전문가용 241226,7950X3D / RX 7800 XT / (AMD) B650 / OS미포함 / 850W / AMD / 라이젠 7000시리즈 / 라이젠9 / 라파엘 / DDR5 / 16GB / HDD:2TB / M.2 / 1TB / AMD / 그래픽 메모리: 16GB / 1Gbps 유선 / HDMI / DP포트 / 파워서플라이 / 미들타워 / 수랭쿨러 / LED쿨러 / 용도: 게임용,"16GB, M.2 1TB + HDD 2TB",5516230
762,다나와표준PC 게임용 241220,i7-14700KF / RTX 4070 SUPER / (인텔) B760 / OS미포함 / 750W / 인텔 / 코어 14세대 / 코어i7 / 랩터레이크-R / DDR5 / 16GB / M.2 / 500GB / NVIDIA / 그래픽 메모리: 12GB / 1Gbps 유선 / HDMI / DP포트 / 파워서플라이 / 미들타워 / 수랭쿨러 / LED쿨러 / 용도: 게임용,"16GB, M.2 500GB",4328510
763,다나와표준PC 게임용 241217,7800X3D / RTX 4060 / (AMD) B650 / OS미포함 / 700W / AMD / 라이젠 7000시리즈 / 라이젠7 / 라파엘 / DDR5 / 16GB / M.2 / 500GB / NVIDIA / 그래픽 메모리: 8GB / 1Gbps 유선 / 802.11ax(Wi-Fi 6) 무선 / 블루투스 / HDMI / DP포트 / 파워서플라이 / 미들타워 / 어항형 / LED쿨러 / 용도: 게임용,"16GB, M.2 500GB",3444830
764,다나와표준PC 게임용 241216,i5-14400F / RTX 4060 / (인텔) B760 / OS미포함 / 750W / 인텔 / 코어 14세대 / 코어i5 / 랩터레이크-R / DDR5 / 16GB / M.2 / 500GB / NVIDIA / 그래픽 메모리: 8GB / 1Gbps 유선 / HDMI / DP포트 / 파워서플라이 / 미들타워 / 어항형 / LED쿨러 / 용도: 게임용,"16GB, M.2 500GB",2676440
765,다나와표준PC 게임용 241213,7500F / RTX 4060 / (AMD) A620 / OS미포함 / 800W / AMD / 라이젠 7000시리즈 / 라이젠5 / 라파엘 / DDR5 / 16GB / M.2 / 500GB / NVIDIA / 그래픽 메모리: 8GB / 1Gbps 유선 / 파워서플라이 / 미들타워 / LED쿨러 / 용도: 게임용,"16GB, M.2 500GB",2288910
766,다나와표준PC 게임용 241212,i3-14100F / RX 7600 / (인텔) H610 / OS미포함 / 600W / 인텔 / 코어 14세대 / 코어i3 / 랩터레이크-R / DDR5 / 16GB / M.2 / 500GB / AMD / 그래픽 메모리: 8GB / 1Gbps 유선 / HDMI / DP포트 / 파워서플라이 / 미들타워 / LED쿨러 / 용도: 게임용,"16GB, M.2 500GB",2210570
767,다나와표준PC 게임용 241120,i7-14700KF / RTX 4070 SUPER / (인텔) B760 / OS미포함 / 750W / 인텔 / 코어 14세대 / 코어i7 / 랩터레이크-R / DDR5 / 16GB / M.2 / 500GB / NVIDIA / 그래픽 메모리: 12GB / 1Gbps 유선 / HDMI / DP포트 / 파워서플라이 / 미들타워 / 수랭쿨러 / LED쿨러 / 용도: 게임용,"16GB, M.2 500GB",4734840
768,다나와표준PC 게임용 241117,7600 / RTX 4060 / (AMD) B650 / OS미포함 / 850W / AMD / 라이젠 7000시리즈 / 라이젠5 / 라파엘 / DDR5 / 16GB / M.2 / 500GB / NVIDIA / 그래픽 메모리: 8GB / 1Gbps 유선 / HDMI / DP포트 / 파워서플라이 / 미들타워 / 어항형 / LED쿨러 / 용도: 게임용,"16GB, M.2 500GB",2586990
769,다나와표준PC 게임용 241116,i5-14400F / RTX 4060 / (인텔) B760 / OS미포함 / 800W / 인텔 / 코어 14세대 / 코어i5 / 랩터레이크-R / DDR5 / 16GB / M.2 / 500GB / NVIDIA / 그래픽 메모리: 8GB / 1Gbps 유선 / HDMI / DP포트 / 파워서플라이 / 미들타워 / LED쿨러 / 용도: 게임용,"16GB, M.2 500GB",2703220
770,다나와표준PC 게임용 241112,i3-14100F / RX 7600 / (인텔) H610 / OS미포함 / 600W / 인텔 / 코어 14세대 / 코어i3 / 랩터레이크-R / DDR5 / 16GB / M.2 / 500GB / AMD / 그래픽 메모리: 8GB / 1Gbps 유선 / HDMI / DP포트 / 파워서플라이 / 미들타워 / LED쿨러 / 용도: 게임용,"16GB, M.2 500GB",2234380
771,다나와표준PC 게임용 241110,7500F / RX 7600 / (AMD) A620 / OS미포함 / 500W / AMD / 라이젠 7000시리즈 / 라이젠5 / 라파엘 / DDR5 / 16GB / SSD / 240GB / AMD / 그래픽 메모리: 8GB / 1Gbps 유선 / HDMI / DP포트 / 파워서플라이 / 미들타워 / LED쿨러 / 용도: 게임용,"16GB, SSD 240GB",2311770
772,다나와표준PC 게임용 241018,9700X / RX 7700 XT / (AMD) B650 / OS미포함 / 850W / AMD / 라이젠 9000시리즈 / 라이젠7 / 그래니트 릿지 / DDR5 / 16GB / M.2 / 500GB / AMD / 1Gbps 유선 / HDMI / DP포트 / 파워서플라이 / 미들타워 / 어항형 / LED쿨러 / 용도: 게임용,"16GB, M.2 500GB",3405740
773,다나와표준PC 게임용 241016,i5-14400F / RTX 4060 / (인텔) B760 / OS미포함 / 700W / 인텔 / 코어 14세대 / 코어i5 / 랩터레이크-R / DDR5 / 16GB / M.2 / 500GB / NVIDIA / 그래픽 메모리: 8GB / 1Gbps 유선 / HDMI / DP포트 / 파워서플라이 / 미들타워 / LED쿨러 / 용도: 게임용,"16GB, M.2 500GB",2512020
774,다나와표준PC 게임용 241015,i5-14400F / RTX 4060 / (인텔) B760 / OS미포함 / 750W / 인텔 / 코어 14세대 / 코어i5 / 랩터레이크-R / DDR5 / 16GB / M.2 / 500GB / NVIDIA / 그래픽 메모리: 8GB / 1Gbps 유선 / HDMI / DP포트 / 파워서플라이 / 미들타워 / LED쿨러 / 용도: 게임용,"16GB, M.2 500GB",2608710
775,다나와표준PC 게임용 241014,7600 / RTX 4060 / (AMD) B650 / OS미포함 / 750W / AMD / 라이젠 7000시리즈 / 라이젠5 / 라파엘 / DDR5 / 16GB / M.2 / 500GB / NVIDIA / 1Gbps 유선 / HDMI / DP포트 / 파워서플라이 / 미들타워 / LED쿨러 / 용도: 게임용,"16GB, M.2 500GB",2593080
776,다나와표준PC 게임용 241012,i3-14100F / RX 7600 / (인텔) B760 / OS미포함 / 600W / 인텔 / 코어 14세대 / 코어i3 / 랩터레이크-R / DDR5 / 16GB / M.2 / 500GB / AMD / 1Gbps 유선 / HDMI / DP포트 / 파워서플라이 / 미들타워 / 용도: 게임용,"16GB, M.2 500GB",2202380
777,다나와표준PC 게임용 241010,7500F / RX 6600 / (AMD) A620 / OS미포함 / 700W / AMD / 라이젠 7000시리즈 / 라이젠5 / 라파엘 / DDR5 / 16GB / SSD / 240GB / AMD / 1Gbps 유선 / HDMI / DP포트 / 파워서플라이 / 미들타워 / LED쿨러 / 용도: 게임용,"16GB, SSD 240GB",2022670
778,STCOM STAI-V4 Win11,i5-12400F / RX 580 / (인텔) H610 / 윈도우11 / 600W / 인텔 / 코어 12세대 / 코어i5 / 엘더레이크 / DDR4 / 16GB / M.2 / 512GB / AMD / 1Gbps 유선 / 파워서플라이 / 미들타워 / 용도: 게임용,"16GB, M.2 512GB",1130000
779,다나와표준PC 게임용 240920,i7-14700KF / RTX 4070 SUPER / (인텔) B760 / OS미포함 / 750W / 인텔 / 코어 14세대 / 코어i7 / 랩터레이크-R / DDR5 / 16GB / M.2 / 1TB / NVIDIA / 그래픽 메모리: 12GB / 1Gbps 유선 / HDMI / DP포트 / 파워서플라이 / 미들타워 / 수랭쿨러 / 용도: 게임용,"16GB, M.2 1TB",4429730
780,다나와표준PC 게임용 240917,9600X / RTX 4060 / (AMD) B650 / OS미포함 / 800W / AMD / 라이젠 9000시리즈 / 라이젠5 / 그래니트 릿지 / DDR5 / 16GB / M.2 / 500GB / NVIDIA / 그래픽 메모리: 8GB / 1Gbps 유선 / 802.11ax(Wi-Fi 6) 무선 / 블루투스 / HDMI / DP포트 / 파워서플라이 / 미들타워 / 용도: 게임용,"16GB, M.2 500GB",3097640
781,다나와표준PC 게임용 240914,7600 / RTX 4060 Ti / (AMD) B650 / OS미포함 / 700W / AMD / 라이젠 7000시리즈 / 라이젠5 / 라파엘 / DDR5 / 16GB / M.2 / 500GB / NVIDIA / 그래픽 메모리: 8GB / 1Gbps 유선 / HDMI / DP포트 / 파워서플라이 / 미들타워 / 용도: 게임용,"16GB, M.2 500GB",2810390
782,다나와표준PC 게임용 240913,7500F / RTX 4060 / (AMD) A620 / OS미포함 / 600W / AMD / 라이젠 7000시리즈 / 라이젠5 / 라파엘 / DDR5 / 16GB / M.2 / 500GB / NVIDIA / 그래픽 메모리: 8GB / 1Gbps 유선 / HDMI / DP포트 / 파워서플라이 / 미들타워 / 용도: 게임용,"16GB, M.2 500GB",2439780
783,다나와표준PC 게임용 240912,i3-14100F / RX 7600 / (인텔) H610 / OS미포함 / 700W / 인텔 / 코어 14세대 / 코어i3 / 랩터레이크-R / DDR5 / 16GB / M.2 / 512GB / AMD / 그래픽 메모리: 8GB / 1Gbps 유선 / HDMI / DP포트 / 파워서플라이 / 미들타워 / 용도: 게임용,"16GB, M.2 512GB",2165910
784,다나와표준PC 게임용 240911,i3-14100F / RTX 3050 / (인텔) H610 / OS미포함 / 700W / 인텔 / 코어 14세대 / 코어i3 / 랩터레이크-R / DDR5 / 16GB / M.2 / 500GB / NVIDIA / 그래픽 메모리: 6GB / 1Gbps 유선 / HDMI / DP포트 / 파워서플라이 / 미들타워 / 용도: 게임용,"16GB, M.2 500GB",1918850
785,다나와표준PC DPG 게임용 240823,i7-14700KF / RX 7900 GRE / (인텔) Z790 / OS미포함 / 850W / 인텔 / 코어 14세대 / 코어i7 / 랩터레이크-R / DDR5 / 16GB / M.2 / 500GB / AMD / 그래픽 메모리: 16GB / 1Gbps 유선 / 802.11ax(Wi-Fi 6) 무선 / 블루투스 / HDMI / DP포트 / 파워서플라이 / 미들타워 / 어항형 / 용도: 게임용,"16GB, M.2 500GB",4138250
786,다나와표준PC 게임용 240810,7500F / RX 6600 / (AMD) A620 / OS미포함 / 700W / AMD / 라이젠 7000시리즈 / 라이젠5 / 라파엘 / DDR5 / 16GB / M.2 / 500GB / AMD / 그래픽 메모리: 8GB / 1Gbps 유선 / HDMI / DP포트 / 파워서플라이 / 미들타워 / 용도: 게임용,"16GB, M.2 500GB",2122160
787,다나와표준PC 게임용 240714,7500F / RTX 4060 / (AMD) B650 / OS미포함 / 700W / AMD / 라이젠 7000시리즈 / 라이젠5 / 라파엘 / DDR5 / 16GB / SSD / 480GB / NVIDIA / 그래픽 메모리: 8GB / 1Gbps 유선 / HDMI / DP포트 / 파워서플라이 / 미들타워 / 어항형 / 용도: 게임용,"16GB, SSD 480GB",2331310
788,다나와표준PC 게임용 240713,7500F / RTX 4060 / (AMD) B650 / OS미포함 / 700W / AMD / 라이젠 7000시리즈 / 라이젠5 / 라파엘 / DDR5 / 16GB / SSD / 480GB / NVIDIA / 그래픽 메모리: 8GB / 1Gbps 유선 / HDMI / DP포트 / 파워서플라이 / 미들타워 / 어항형 / 용도: 게임용,"16GB, SSD 480GB",2100410
789,다나와표준PC 게임용 240712,i3-14100F / RX 7600 / (인텔) B760 / OS미포함 / 700W / 인텔 / 코어 14세대 / 코어i3 / 랩터레이크-R / DDR5 / 16GB / SSD / 240GB / AMD / 그래픽 메모리: 8GB / 1Gbps 유선 / HDMI / DP포트 / 파워서플라이 / 미들타워 / 어항형 / 용도: 게임용,"16GB, SSD 240GB",2046290
790,다나와표준PC 게임용 240620,i7-14700KF / RTX 4060 Ti / (인텔) Z790 / OS미포함 / 850W / 인텔 / 코어 14세대 / 코어i7 / 랩터레이크-R / DDR5 / 16GB / SSD / 480GB / NVIDIA / 그래픽 메모리: 8GB / 1Gbps 유선 / HDMI / DP포트 / 파워서플라이 / 미들타워 / 수랭쿨러 / 용도: 게임용,"16GB, SSD 480GB",3735690
791,다나와표준PC 게임용 240619,i5-14600KF / RTX 4060 Ti / (인텔) B760 / OS미포함 / 800W / 인텔 / 코어 14세대 / 코어i5 / 랩터레이크-R / DDR5 / 16GB / SSD / 480GB / NVIDIA / 그래픽 메모리: 8GB / 1Gbps 유선 / HDMI / DP포트 / 파워서플라이 / 미들타워 / 용도: 게임용,"16GB, SSD 480GB",3078290
792,다나와표준PC 게임용 240617,7600 / RTX 4060 Ti / (AMD) B650 / OS미포함 / 800W / AMD / 라이젠 7000시리즈 / 라이젠5 / 라파엘 / DDR5 / 16GB / M.2 / 500GB / NVIDIA / 그래픽 메모리: 8GB / 1Gbps 유선 / HDMI / DP포트 / 파워서플라이 / 미들타워 / 용도: 게임용,"16GB, M.2 500GB",2868430
793,다나와표준PC 게임용 240613,7500F / RTX 4060 / (AMD) B650 / OS미포함 / 700W / AMD / 라이젠 7000시리즈 / 라이젠5 / 라파엘 / DDR5 / 16GB / M.2 / 500GB / NVIDIA / 그래픽 메모리: 8GB / 1Gbps 유선 / HDMI / DP포트 / 파워서플라이 / 미들타워 / 어항형 / 용도: 게임용,"16GB, M.2 500GB",2347690
794,다나와표준PC 게임용 240612,i3-14100F / RX 7600 / (인텔) B760 / OS미포함 / 700W / 인텔 / 코어 14세대 / 코어i3 / 랩터레이크-R / DDR5 / 16GB / M.2 / 500GB / AMD / 그래픽 메모리: 8GB / 1Gbps 유선 / HDMI / DP포트 / 파워서플라이 / 미들타워 / 용도: 게임용,"16GB, M.2 500GB",2247180
795,다나와표준PC 게임용 240611,i3-14100F / RTX 3050 / (인텔) B760 / OS미포함 / 600W / 인텔 / 코어 14세대 / 코어i3 / 랩터레이크-R / DDR5 / 16GB / SSD / 240GB / NVIDIA / 그래픽 메모리: 6GB / 1Gbps 유선 / HDMI / DP포트 / 파워서플라이 / 미들타워 / 용도: 게임용,"16GB, SSD 240GB",1902480
796,다나와표준PC 게임용 231118,7800X3D / RTX 4060 Ti / (AMD) B650 / OS미포함 / 750W / AMD / 라이젠 7000시리즈 / 라이젠7 / 라파엘 / DDR5 / 16GB / M.2 / 500GB / NVIDIA / 그래픽 메모리: 8GB / 1Gbps 유선 / HDMI / DP포트 / 파워서플라이 / 미들타워 / 용도: 게임용,"16GB, M.2 500GB",3564990
797,다나와표준PC DPG 게임용 230523,i7-13700K / RTX 4070 Ti / (인텔) B760 / OS미포함 / 850W / 인텔 / 코어 13세대 / 코어i7 / 엘더레이크 / DDR5 / 32GB / M.2 / 500GB / NVIDIA / 그래픽 메모리: 12GB / 1Gbps 유선 / 802.11ax(Wi-Fi 6) 무선 / 블루투스 / HDMI / DP포트 / 파워서플라이 / 미들타워 / 용도: 게임용,"32GB, M.2 500GB",2910140
798,HP 옴니데스크 M03-0038kr-RTX3050 Win11Home,225 / RTX 3050 / 윈도우11 / 500W / 인텔 / 코어울트라 시리즈2 / 코어 울트라5 / 애로우레이크 / 인텔 AI Boost / 13TOPS / DDR5 / 16GB / M.2 / 1TB / NVIDIA / 5.1채널 / 1Gbps 유선 / 802.11ax(Wi-Fi 6) 무선 / 블루투스 / HDMI / DP포트 / USB3.x 10Gbps / USB3.x 5Gbps / USB C타입 10Gbps / USB C타입 5Gbps / 파워서플라이 / 미니타워 / 5.34kg / 용도: 게임용 / 구성변경상품,"16GB, M.2 1TB",1885960
799,리메이드컴퓨터 J139C 중고,중고 / i5-13400F / RTX 3060 Ti / (인텔) H610 / OS미포함 / 700W / 인텔 / 코어 13세대 / 코어i5 / 랩터레이크 / DDR4 / 32GB / SSD / 1TB / NVIDIA / 그래픽 메모리: 8GB / 1Gbps 유선 / 파워서플라이 / 미들타워 / 용도: 게임용,"32GB, SSD 1TB",1502530
800,리메이드컴퓨터 P568A,5600 / RX 580 / (AMD) A520 / OS미포함 / 700W / AMD / 라이젠 5000시리즈 / 라이젠5 / 버미어 / DDR4 / 16GB / M.2 / 512GB / AMD / 그래픽 메모리: 8GB / 1Gbps 유선 / 파워서플라이 / 미들타워 / 용도: 게임용,"16GB, M.2 512GB",811820
801,HP 옴니데스크 M03-0038kr-RTX5060 Win11Pro,225 / RTX 5060 / 윈도우11 프로 / 500W / 인텔 / 코어울트라 시리즈2 / 코어 울트라5 / 애로우레이크 / 인텔 AI Boost / 13TOPS / DDR5 / 16GB / M.2 / 1TB / NVIDIA / 5.1채널 / 1Gbps 유선 / 802.11ax(Wi-Fi 6) 무선 / 블루투스 / HDMI / DP포트 / USB3.x 10Gbps / USB3.x 5Gbps / USB C타입 10Gbps / USB C타입 5Gbps / 파워서플라이 / 미니타워 / 5.34kg / 용도: 게임용 / 구성변경상품,"16GB, M.2 1TB",2221930
802,엔피씨코리아 NEXPC 게이밍프로 W148,i7-14700F / RTX 5060 Ti / (인텔) H610 / OS미포함 / 800W / 인텔 / 코어 14세대 / 코어i7 / 랩터레이크-R / DDR4 / 32GB / M.2 / 1TB / NVIDIA / 그래픽 메모리: 16GB / 파워서플라이 / 미들타워 / 어항형 / 용도: 게임용,"32GB, M.2 1TB",2297630
803,DELL 에일리언웨어 DAW1250-WP06KR,285K / RTX 4080 SUPER / (인텔) Z890 / 윈도우11 프로 / 1000W / 인텔 / 코어울트라 시리즈2 / 코어 울트라9 / 애로우레이크 / 인텔 AI Boost / 13TOPS / DDR5 / 32GB / M.2 / 2TB / NVIDIA / 그래픽 메모리: 16GB / 5.1채널 / 2.5Gbps 유선 / 802.11be(Wi-Fi 7) 무선 / 블루투스 / HDMI / DP포트 / USB3.x 5Gbps / USB C타입 40Gbps / USB C타입 10Gbps / USB C타입 5Gbps / 파워서플라이 / 미들타워 / 수랭쿨러 / LED쿨러 / 15.37kg / 용도: 게임용 / AilenFX,"32GB, M.2 2TB",5749000
804,HP HyperX 오멘 35L GT18-0004kr,270K Plus / RTX 5070 / 윈도우11 프로 / 1000W / 인텔 / 코어울트라 시리즈2 / 코어 울트라7 / 애로우레이크 / 인텔 AI Boost / 13TOPS / DDR5 / 32GB / M.2 / 1TB / NVIDIA / 그래픽 메모리: 12GB / 1Gbps 유선 / 802.11be(Wi-Fi 7) 무선 / 블루투스 / USB3.x 5Gbps / USB C타입 10Gbps / 썬더볼트4 / 파워서플라이 / 미들타워 / 용도: 게임용,"32GB, M.2 1TB",5938260
805,HP 오멘 45L GT22-3002kl,285K / RTX 5090 / (인텔) Z890 / OS미포함 / 1200W / 인텔 / 코어울트라 시리즈2 / 코어 울트라9 / 애로우레이크 / 인텔 AI Boost / 13TOPS / DDR5 / 64GB / HDD:2TB / M.2 / 2TB / NVIDIA / 그래픽 메모리: 32GB / 1Gbps 유선 / 802.11ax(Wi-Fi 6E) 무선 / 블루투스 / HDMI / DP포트 / USB3.x 10Gbps / USB3.x 5Gbps / USB C타입 10Gbps / 파워서플라이 / 미들타워 / 수랭쿨러 / LED쿨러 / 22.6kg / 용도: 게임용,"64GB, M.2 2TB + HDD 2TB",12000000
806,ASUS ROG NUC 16 NUC16JNK9X8ADA0,290HX Plus / RTX 5090 / 윈도우11 / 380W / 인텔 / 코어울트라 시리즈2 / 코어 울트라9 / 애로우레이크 / 인텔 AI Boost / 13TOPS / DDR5 / 64GB / M.2 / 2TB / NVIDIA / 2.5Gbps 유선 / 802.11be(Wi-Fi 7) 무선 / 블루투스 / HDMI / DP포트 / USB3.x 10Gbps / USB C타입 20Gbps / 썬더볼트4 / DC / 슬림 / 용도: 게임용,"64GB, M.2 2TB",10863990
807,DELL 에일리언웨어 AREA-51 DAWARR8-WP04KR,285K / RTX 5090 / 윈도우11 프로 / 1500W / 인텔 / 코어울트라 시리즈2 / 코어 울트라9 / 애로우레이크 / 인텔 AI Boost / 13TOPS / DDR5 / 64GB / M.2 / 2TB / NVIDIA / 그래픽 메모리: 32GB / 2.5Gbps 유선 / 802.11be(Wi-Fi 7) 무선 / 블루투스 / HDMI / DP포트 / USB3.x 5Gbps / USB C타입 10Gbps / 썬더볼트4 / 파워서플라이 / 미들타워 / 수랭쿨러 / LED쿨러 / 34.58kg / 용도: 게임용,"64GB, M.2 2TB",12900000
808,타무즈 게이밍PC THN80U7HEAA,9800X3D / RTX 5070 Ti / (AMD) B850 / OS미포함 / 800W / AMD / 라이젠 9000시리즈 / 라이젠7 / 그래니트 릿지 / DDR5 / 16GB / M.2 / 512GB / NVIDIA / 그래픽 메모리: 16GB / 1Gbps 유선 / HDMI / DP포트 / USB3.x 5Gbps / USB C타입 5Gbps / 파워서플라이 / 어항형 / 용도: 게임용,"16GB, M.2 512GB",3401740
809,HP 옴니스튜디오X 27-CX0004KR,356H / RTX 5050 / 윈도우11 / 200W / 인텔 / 코어울트라 시리즈3 / 코어 울트라7 / 팬서레이크 / 50TOPS / DDR5 / 16GB / M.2 / 1TB / NVIDIA / 그래픽 메모리: 8GB / 화면크기: 68.6cm(27인치) / 2560x1440 / 눈부심방지 / 스피커 내장형 / 1Gbps 유선 / 802.11be(Wi-Fi 7) 무선 / 블루투스 / HDMI / USB3.x 10Gbps / 썬더볼트4 / 웹캠 / 마이크 내장 / 일체형 / 용도: 게임용,"16GB, M.2 1TB",3469000
810,HP 오멘 16L TG03-0004KR,265F / RTX 5060 Ti / (인텔) B860 / 윈도우11 프로 / 500W / 인텔 / 코어울트라 시리즈2 / 코어 울트라7 / 애로우레이크 / 인텔 AI Boost / 13TOPS / DDR5 / 32GB / M.2 / 1TB / NVIDIA / 그래픽 메모리: 16GB / 2.5Gbps 유선 / 802.11ax(Wi-Fi 6E) 무선 / 블루투스 / HDMI / DP포트 / USB3.x 5Gbps / USB C타입 10Gbps / 파워서플라이 / 미니타워 / 용도: 게임용,"32GB, M.2 1TB",2799000
811,HP 오멘 35L GT16-1003KL Win11Pro,9800X3D / RTX 5070 Ti / 윈도우11 프로 / 1000W / AMD / 라이젠 9000시리즈 / 라이젠7 / 그래니트 릿지 / DDR5 / 32GB / M.2 / 1TB / NVIDIA / 그래픽 메모리: 16GB / 1Gbps 유선 / 802.11be(Wi-Fi 7) 무선 / 블루투스 / HDMI / DP포트 / USB3.x 5Gbps / USB C타입 10Gbps / 파워서플라이 / 미들타워 / 수랭쿨러 / LED쿨러 / 14.5kg / 용도: 게임용 / 구성변경상품,"32GB, M.2 1TB",4548670
812,몬스타 몬스타PC 킬러,9950X3D2 / RTX 5090 / (AMD) X870E / OS미포함 / 1300W / AMD / 라이젠 9000시리즈 / 라이젠9 / 그래니트 릿지 / DDR5 / 64GB / M.2 / 2TB / NVIDIA / 그래픽 메모리: 32GB / 2.5Gbps 유선 / 802.11be(Wi-Fi 7) 무선 / 블루투스 / HDMI / DP포트 / USB3.x 10Gbps / USB3.x 5Gbps / USB C타입 40Gbps / USB C타입 10Gbps / 파워서플라이 / 미들타워 / 어항형 / LED쿨러 / 커스텀수랭 / 용도: 게임용,"64GB, M.2 2TB",18040000
813,HP 오멘 35L GT16-1001KL,9800X3D / RTX 5080 / OS미포함 / 1000W / AMD / 라이젠 9000시리즈 / 라이젠7 / 그래니트 릿지 / DDR5 / 64GB / M.2 / 1TB / NVIDIA / 그래픽 메모리: 16GB / 1Gbps 유선 / 802.11be(Wi-Fi 7) 무선 / 블루투스 / HDMI / DP포트 / USB3.x 10Gbps / USB3.x 5Gbps / USB C타입 10Gbps / 파워서플라이 / 미들타워 / 수랭쿨러 / LED쿨러 / 14.5kg / 용도: 게임용,"64GB, M.2 1TB",5490000
814,피씨스토어 너만을 위한 PC 라이젠7 9800X3D RTX 5070 TI PCSPF00016,9800X3D / RTX 5070 Ti / (AMD) B850 / OS미포함 / 850W / AMD / 라이젠 9000시리즈 / 라이젠7 / 그래니트 릿지 / DDR5 / 32GB / HDD:8TB / M.2 / 1TB / NVIDIA / 그래픽 메모리: 16GB / 1Gbps 유선 / HDMI / DP포트 / 파워서플라이 / 미들타워 / 어항형 / 수랭쿨러 / LED쿨러 / 용도: 게임용,"32GB, M.2 1TB + HDD 8TB",5907390
815,피씨스토어 블랙 인텔 울트라7 270K Plus RTX5080,270K Plus / RTX 5080 / (인텔) Z890 / OS미포함 / 1000W / 인텔 / 코어울트라 시리즈2 / 코어 울트라7 / 애로우레이크 / 인텔 AI Boost / 13TOPS / DDR5 / 32GB / M.2 / 1TB / NVIDIA / 그래픽 메모리: 16GB / 1Gbps 유선 / HDMI / DP포트 / 파워서플라이 / 미들타워 / 어항형 / 수랭쿨러 / 용도: 게임용,"32GB, M.2 1TB",5013990
816,포유컴퓨터 퍼포먼스PC 06 R7 7800X3D RTX5060 Ti,7800X3D / RTX 5060 Ti / (AMD) A620 / OS미포함 / 800W / AMD / 라이젠 7000시리즈 / 라이젠7 / 라파엘 / DDR5 / 32GB / HDD:8TB / M.2 / 1TB / NVIDIA / 1Gbps 유선 / HDMI / DP포트 / 파워서플라이 / 미들타워 / 용도: 게임용,"32GB, M.2 1TB + HDD 8TB",2800200
817,삼성전자 데스크탑 Tower DM500TGZ-i7GR56,i7-14700 / RTX 5060 / (인텔) H670 / 윈도우11 / 500W / 인텔 / 코어 14세대 / 코어i7 / 랩터레이크-R / DDR5 / 16GB / M.2 / 512GB / NVIDIA / 1Gbps 유선 / 802.11ax(Wi-Fi 6) 무선 / 블루투스 / HDMI / DP포트 / USB3.x 10Gbps / USB C타입 5Gbps / 파워서플라이 / 미들타워 / 6.94kg / 용도: 게임용 / 구성변경상품,"16GB, M.2 512GB",2395000
818,마이피씨샵 DIY 전문가용 프로페셔널 MCP2 9600X RTX 5060,9600X / RTX 5060 / (AMD) B850 / OS미포함 / 600W / AMD / 라이젠 9000시리즈 / 라이젠5 / 그래니트 릿지 / DDR5 / 32GB / HDD:8TB / M.2 / 1TB / NVIDIA / 그래픽 메모리: 8GB / 1Gbps 유선 / HDMI / DP포트 / 파워서플라이 / 미들타워 / LED쿨러 / 용도: 게임용,"32GB, M.2 1TB + HDD 8TB",2659250
819,ASUS ROG NUC 2025 NUC15JNK9X489A0,275HX / RTX 5070 / 윈도우11 / 인텔 / 코어울트라 시리즈2 / 코어 울트라9 / 애로우레이크 / 인텔 AI Boost / 13TOPS / DDR5 / 32GB / M.2 / 1TB / NVIDIA / 그래픽 메모리: 8GB / 2.5Gbps 유선 / 802.11be(Wi-Fi 7) 무선 / 블루투스 / HDMI / DP포트 / USB3.x 10Gbps / USB3.x 5Gbps / USB C타입 5Gbps / 썬더볼트4 / DC / 슬림 / 용도: 게임용,"32GB, M.2 1TB",4300000
820,HP 오멘 35L GT16-1003KL,9800X3D / RTX 5070 Ti / OS미포함 / 1000W / AMD / 라이젠 9000시리즈 / 라이젠7 / 그래니트 릿지 / DDR5 / 32GB / M.2 / 1TB / NVIDIA / 그래픽 메모리: 16GB / 1Gbps 유선 / 802.11be(Wi-Fi 7) 무선 / 블루투스 / HDMI / DP포트 / USB3.x 10Gbps / USB3.x 5Gbps / USB C타입 10Gbps / 썬더볼트4 / 파워서플라이 / 미들타워 / 수랭쿨러 / LED쿨러 / 14.5kg / 용도: 게임용,"32GB, M.2 1TB",4489990
821,다나와 전문가용PC 인텔 U5-250KF RTX5060 Ti S6701,250KF Plus / RTX 5060 Ti / (인텔) B860 / OS미포함 / 850W / 인텔 / 코어울트라 시리즈2 / 코어 울트라5 / 애로우레이크 / 인텔 AI Boost / 13TOPS / DDR5 / 16GB / HDD:8TB / M.2 / 1TB / NVIDIA / 그래픽 메모리: 8GB / 2.5Gbps 유선 / HDMI / DP포트 / USB3.x 10Gbps / USB3.x 5Gbps / USB C타입 20Gbps / 파워서플라이 / 미들타워 / LED쿨러 / 용도: 게임용,"16GB, M.2 1TB + HDD 8TB",2900000
822,HP OMEN MAX 45L GT23-0000KL,9950X3D / RTX 5090 / (AMD) B850 / OS미포함 / 1200W / AMD / 라이젠 9000시리즈 / 라이젠9 / 그래니트 릿지 / DDR5 / 128GB / M.2 / 4TB / NVIDIA / 그래픽 메모리: 32GB / 1Gbps 유선 / 802.11be(Wi-Fi 7) 무선 / 블루투스 / HDMI / DP포트 / USB3.x 10Gbps / USB3.x 5Gbps / USB C타입 10Gbps / 파워서플라이 / 미들타워 / 수랭쿨러 / 용도: 게임용,"128GB, M.2 4TB",13890000
823,롯데하이마트 플럭스 PLX-ASSONG 1027,9800X3D / RTX 5070 Ti / (AMD) B850 / OS미포함 / 850W / AMD / 라이젠 9000시리즈 / 라이젠7 / 그래니트 릿지 / DDR5 / 32GB / M.2 / 1TB / NVIDIA / 그래픽 메모리: 16GB / 1Gbps 유선 / HDMI / DP포트 / USB3.x 5Gbps / 파워서플라이 / 미들타워 / 어항형 / LED쿨러 / 용도: 게임용,"32GB, M.2 1TB",3497730
824,몬스타 몬스타PC 모멘트59,9950X3D2 / 지포스 RTX 5090 2WAY / (AMD) X870E / OS미포함 / 2000W / AMD / 라이젠 9000시리즈 / 라이젠9 / 그래니트 릿지 / DDR5 / 64GB / M.2 / 2TB / NVIDIA / 그래픽 메모리: 32GB / 10Gbps 유선 / 802.11be(Wi-Fi 7) 무선 / 블루투스 / 듀얼랜 / HDMI / DP포트 / USB3.x 10Gbps / USB3.x 5Gbps / USB C타입 40Gbps / 파워서플라이 / 빅타워 / 커스텀수랭 / 용도: 게임용,"64GB, M.2 2TB",29000000
825,HP 오멘 16L TG03-0009kr,265F / RTX 5060 Ti / (인텔) B860 / 윈도우11 프로 / 500W / 인텔 / 코어울트라 시리즈2 / 코어 울트라7 / 애로우레이크 / 인텔 AI Boost / 13TOPS / DDR5 / 32GB / M.2 / 1TB / NVIDIA / 그래픽 메모리: 16GB / 2.5Gbps 유선 / 802.11ax(Wi-Fi 6E) 무선 / 블루투스 / HDMI / DP포트 / USB3.x 10Gbps / USB3.x 5Gbps / USB C타입 10Gbps / USB C타입 5Gbps / 파워서플라이 / 미니타워 / 용도: 게임용 / 구성변경상품,"32GB, M.2 1TB",3000000
826,피씨스토어 화이트 게이밍PC 인텔 i5-14400F RTX5050,i5-14400F / RTX 5050 / (인텔) H610 / OS미포함 / 700W / 인텔 / 코어 14세대 / 코어i5 / 랩터레이크-R / DDR4 / 16GB / M.2 / 500GB / NVIDIA / 그래픽 메모리: 8GB / 1Gbps 유선 / HDMI / DP포트 / 파워서플라이 / 미들타워 / 어항형 / LED쿨러 / 용도: 게임용,"16GB, M.2 500GB",1417290
827,HP 오멘 16L TG03-0004KL Win11Home,265F / RTX 5060 Ti / (인텔) B860 / 윈도우11 / 500W / 인텔 / 코어울트라 시리즈2 / 코어 울트라7 / 애로우레이크 / 인텔 AI Boost / 13TOPS / DDR5 / 32GB / M.2 / 2TB / NVIDIA / 그래픽 메모리: 16GB / 2.5Gbps 유선 / 802.11ax(Wi-Fi 6E) 무선 / 블루투스 / HDMI / DP포트 / USB3.x 5Gbps / USB C타입 10Gbps / 파워서플라이 / 미니타워 / 용도: 게임용 / 구성변경상품,"32GB, M.2 2TB",2890000
828,HP 오멘 16L TG03-0005kl,225F / RTX 5060 / (인텔) B860 / OS미포함 / 500W / 인텔 / 코어울트라 시리즈2 / 코어 울트라5 / 애로우레이크 / 인텔 AI Boost / 13TOPS / DDR5 / 16GB / M.2 / 512GB / NVIDIA / 그래픽 메모리: 8GB / 2.5Gbps 유선 / 802.11ax(Wi-Fi 6E) 무선 / 블루투스 / HDMI / DP포트 / USB3.x 5Gbps / USB C타입 10Gbps / 파워서플라이 / 미니타워 / 용도: 게임용,"16GB, M.2 512GB",1827000
829,HP 엘리트데스크 8 Mini G2i E0FN8PA,356H / RTX 5050 / 윈도우11 프로 / 180W / 인텔 / 코어울트라 시리즈3 / 코어 울트라7 / 팬서레이크 / 50TOPS / DDR5 / 32GB / M.2 / 1TB / NVIDIA / 그래픽 메모리: 8GB / 1Gbps 유선 / 802.11be(Wi-Fi 7) 무선 / 블루투스 / USB3.x 10Gbps / USB C타입 20Gbps / 썬더볼트4 / DC / 미니PC / 용도: 게임용,"32GB, M.2 1TB",5004720
830,삼성전자 데스크탑5 DM500TEA-i5AL-RTX4060Ti,i5-12400 / RTX 4060 Ti / (인텔) H670 / 윈도우11 / 600W / 인텔 / 코어 12세대 / 코어i5 / 엘더레이크 / DDR4 / 16GB / M.2 / 1TB / DVD 레코더 / NVIDIA / 1Gbps 유선 / 802.11ax(Wi-Fi 6) 무선 / 블루투스 / HDMI / DP포트 / USB3.x 5Gbps / USB C타입 5Gbps / 파워서플라이 / 미들타워 / 8.82kg / 용도: 게임용 / 구성변경상품,"16GB, M.2 1TB",1776650
831,HP 오멘 16L TG03-0007kr,225F / RTX 5060 / (인텔) B860 / 윈도우11 / 500W / 인텔 / 코어울트라 시리즈2 / 코어 울트라5 / 애로우레이크 / 인텔 AI Boost / 13TOPS / DDR5 / 32GB / M.2 / 512GB / NVIDIA / 그래픽 메모리: 8GB / 2.5Gbps 유선 / 802.11ax(Wi-Fi 6E) 무선 / 블루투스 / HDMI / DP포트 / USB3.x 5Gbps / USB C타입 10Gbps / 파워서플라이 / 미니타워 / 용도: 게임용,"32GB, M.2 512GB",2050000
832,아인스시스템 파이온 IGNIS TK285-NX580,285K / RTX 5080 / (인텔) Z890 / OS미포함 / 1000W / 인텔 / 코어울트라 시리즈2 / 코어 울트라9 / 애로우레이크 / 인텔 AI Boost / 13TOPS / DDR5 / 32GB / M.2 / 1TB / NVIDIA / 그래픽 메모리: 16GB / 2.5Gbps 유선 / HDMI / DP포트 / USB3.x 10Gbps / USB3.x 5Gbps / USB C타입 20Gbps / 미들타워 / LED쿨러 / 용도: 게임용,"32GB, M.2 1TB",4511060
833,엔피씨코리아 NEXPC 게이밍프로 G336,9700X / RTX 5080 / (AMD) B650 / OS미포함 / 1250W / AMD / 라이젠 9000시리즈 / 라이젠7 / 그래니트 릿지 / DDR5 / 32GB / M.2 / 1TB / NVIDIA / 그래픽 메모리: 16GB / 1Gbps 유선 / HDMI / DP포트 / 파워서플라이 / 미들타워 / 어항형 / LED쿨러 / 용도: 게임용,"32GB, M.2 1TB",3951560
834,HP 옴니데스크 M03-0038kr,225 / 인텔 그래픽스 / 500W / 인텔 / 코어울트라 시리즈2 / 코어 울트라5 / 애로우레이크 / 인텔 AI Boost / 13TOPS / DDR5 / 16GB / M.2 / 1TB / INTEL / 5.1채널 / 1Gbps 유선 / 802.11ax(Wi-Fi 6) 무선 / 블루투스 / HDMI / DP포트 / USB3.x 10Gbps / USB3.x 5Gbps / USB C타입 10Gbps / USB C타입 5Gbps / 파워서플라이 / 미니타워 / 5.34kg / 용도: 게임용 / 구성변경상품,"16GB, M.2 1TB",1469490
835,아인스시스템 파이온 AXIS DX98D-NX57T,9800X3D / RTX 5070 Ti / (AMD) B850 / OS미포함 / 800W / AMD / 라이젠 9000시리즈 / 라이젠7 / 그래니트 릿지 / DDR5 / 32GB / M.2 / 1TB / NVIDIA / 그래픽 메모리: 16GB / 1Gbps 유선 / HDMI / DP포트 / 미들타워 / LED쿨러 / 용도: 게임용,"32GB, M.2 1TB",3824860
836,HP HyperX 오멘 35L GT18-0002kr,270K Plus / RTX 5080 / 윈도우11 프로 / 1000W / 인텔 / 코어울트라 시리즈2 / 코어 울트라7 / 애로우레이크 / 인텔 AI Boost / 13TOPS / DDR5 / 32GB / M.2 / 1TB / NVIDIA / 그래픽 메모리: 16GB / 1Gbps 유선 / 802.11be(Wi-Fi 7) 무선 / 블루투스 / USB3.x 5Gbps / USB C타입 10Gbps / 썬더볼트4 / 파워서플라이 / 미들타워 / 용도: 게임용,"32GB, M.2 1TB",7294930
837,몬스타 몬스타PC U7 270AI64 5080,270K Plus / RTX 5080 / (인텔) Z890 / OS미포함 / 1000W / 인텔 / 코어울트라 시리즈2 / 코어 울트라7 / 애로우레이크 / 인텔 AI Boost / 13TOPS / DDR5 / 64GB / M.2 / 2TB / NVIDIA / 그래픽 메모리: 16GB / 5Gbps 유선 / 802.11be(Wi-Fi 7) 무선 / 블루투스 / HDMI / DP포트 / USB3.x 10Gbps / USB3.x 5Gbps / 썬더볼트4 / 파워서플라이 / 미들타워 / 수랭쿨러 / 용도: 게임용,"64GB, M.2 2TB",6180000
838,ASUS ROG G700 G700TF-880TW,265KF / RTX 5080 / (인텔) B860 / 윈도우11 / 850W / 인텔 / 코어울트라 시리즈2 / 코어 울트라7 / 애로우레이크 / 인텔 AI Boost / 13TOPS / DDR5 / 16GB / M.2 / 512GB / NVIDIA / 그래픽 메모리: 16GB / 2.5Gbps 유선 / 802.11ax(Wi-Fi 6) 무선 / 블루투스 / DP포트 / USB3.x 10Gbps / USB3.x 5Gbps / USB C타입 10Gbps / 파워서플라이 / 미들타워 / 11kg / 용도: 게임용,"32GB, M.2 1TB",5999000
839,HP 오멘 16L TG03-0014KL,8700F / RTX 5060 Ti / (AMD) B650 / OS미포함 / 500W / AMD / 라이젠 8000시리즈 / 라이젠7 / 피닉스 / AMD 라이젠 AI / 16TOPS / DDR5 / 16GB / M.2 / 1TB / NVIDIA / 그래픽 메모리: 16GB / 2.5Gbps 유선 / 802.11ax(Wi-Fi 6E) 무선 / 블루투스 / HDMI / DP포트 / USB3.x 10Gbps / USB3.x 5Gbps / USB C타입 10Gbps / USB C타입 5Gbps / 파워서플라이 / 미니타워 / 5.82kg / 용도: 게임용 / 구성변경상품,"16GB, M.2 1TB",2458000
840,MSI MAG Codex Z2 A5NVL A01 R5-5600 RTX 5060 Win11Home 게이밍,5600 / RTX 5060 / (AMD) A520 / 윈도우11 / 600W / AMD / 라이젠 5000시리즈 / 라이젠5 / 버미어 / DDR4 / 16GB / M.2 / 500GB / NVIDIA / 그래픽 메모리: 8GB / 1Gbps 유선 / HDMI / DP포트 / USB3.x 5Gbps / 파워서플라이 / 미들타워 / LED쿨러 / 용도: 게임용,"16GB, M.2 500GB",1479550
841,ASUS ROG NUC 16 NUC16JNK9X289A0 Black,290HX Plus / RTX 5080 / 윈도우11 / 380W / 인텔 / 코어울트라 시리즈2 / 코어 울트라9 / 애로우레이크 / 인텔 AI Boost / 13TOPS / DDR5 / 32GB / M.2 / 1TB / NVIDIA / 그래픽 메모리: 16GB / 2.5Gbps 유선 / 802.11be(Wi-Fi 7) 무선 / 블루투스 / HDMI / DP포트 / USB3.x 10Gbps / USB C타입 20Gbps / 썬더볼트4 / DC / 슬림 / 용도: 게임용,"32GB, M.2 1TB",6983990
842,다나와표준PC 게임용 260916,250K Plus / RTX 3060 / (인텔) B860 / OS미포함 / 750W / 인텔 / 코어울트라 시리즈2 / 코어 울트라5 / 애로우레이크 / 인텔 AI Boost / 13TOPS / DDR5 / 16GB / M.2 / 1TB / NVIDIA / 그래픽 메모리: 12GB / 1Gbps 유선 / HDMI / DP포트 / 파워서플라이 / 미들타워 / 어항형 / LED쿨러 / 용도: 게임용,"16GB, M.2 1TB",2108000
843,HP HyperX 오멘 45L GT24-0000KR,285K / RTX 5090 / (인텔) Z890 / 윈도우11 프로 / 1200W / 인텔 / 코어울트라 시리즈2 / 코어 울트라9 / 애로우레이크 / 인텔 AI Boost / 13TOPS / DDR5 / 64GB / M.2 / 2TB / NVIDIA / 그래픽 메모리: 32GB / 1Gbps 유선 / 802.11be(Wi-Fi 7) 무선 / 블루투스 / HDMI / DP포트 / USB3.x 5Gbps / USB C타입 10Gbps / 썬더볼트4 / 파워서플라이 / 미들타워 / 22.6kg / 용도: 게임용,"64GB, M.2 2TB",12590000
844,다나와표준PC 게임용 260712,i5-14400F / RTX 5060 Ti / (인텔) B760 / OS미포함 / 800W / 인텔 / 코어 14세대 / 코어i5 / 랩터레이크-R / DDR4 / 16GB / M.2 / 1TB / NVIDIA / 그래픽 메모리: 8GB / 1Gbps 유선 / HDMI / DP포트 / 파워서플라이 / 미들타워 / LED쿨러 / 용도: 게임용,"16GB, M.2 1TB",2027480
845,삼성전자 데스크탑 Tower DM500TGZ-AD7A RTX3050 Win11Pro,i7-14700 / RTX 3050 / 윈도우11 프로 / 500W / 인텔 / 코어 14세대 / 코어i7 / 랩터레이크-R / DDR5 / 16GB / M.2 / 1TB / NVIDIA / 1Gbps 유선 / 802.11ax(Wi-Fi 6) 무선 / 블루투스 / USB3.x 10Gbps / USB C타입 5Gbps / 파워서플라이 / 미들타워 / 용도: 게임용 / 구성변경상품,"16GB, M.2 1TB",2152000
846,HP HyperX 오멘 35L GT18-0003kr,270K Plus / RTX 5070 Ti / 윈도우11 프로 / 1000W / 인텔 / 코어울트라 시리즈2 / 코어 울트라7 / 애로우레이크 / 인텔 AI Boost / 13TOPS / DDR5 / 32GB / M.2 / 1TB / NVIDIA / 그래픽 메모리: 16GB / 1Gbps 유선 / 802.11be(Wi-Fi 7) 무선 / 블루투스 / USB3.x 5Gbps / USB C타입 10Gbps / 썬더볼트4 / 파워서플라이 / 미들타워 / 용도: 게임용,"32GB, M.2 1TB",6734730
847,피씨스토어 하이엔드 게이밍PC 라이젠7 9800X3D RTX 5080,9800X3D / RTX 5080 / (AMD) X870E / OS미포함 / 1000W / AMD / 라이젠 9000시리즈 / 라이젠7 / 그래니트 릿지 / DDR5 / 32GB / M.2 / 1TB / NVIDIA / 그래픽 메모리: 16GB / 1Gbps 유선 / HDMI / DP포트 / 파워서플라이 / 미들타워 / 어항형 / 수랭쿨러 / LED쿨러 / 용도: 게임용,"32GB, M.2 1TB",5805190
848,HP 오멘 35L GT16-0014KR,265K / RTX 5070 Ti / (인텔) Z890 / 윈도우11 프로 / 1000W / 인텔 / 코어울트라 시리즈2 / 코어 울트라7 / 애로우레이크 / 인텔 AI Boost / 13TOPS / DDR5 / 64GB / M.2 / 2TB / NVIDIA / 그래픽 메모리: 16GB / 1Gbps 유선 / 802.11be(Wi-Fi 7) 무선 / 블루투스 / HDMI / DP포트 / USB3.x 10Gbps / USB3.x 5Gbps / USB C타입 10Gbps / 썬더볼트4 / 파워서플라이 / 미들타워 / 수랭쿨러 / LED쿨러 / 14.5kg / 용도: 게임용 / 구성변경상품,"64GB, M.2 2TB",6699000
849,다나와표준PC 게임용 260910,i5-14400F / RTX 3050 / (인텔) B760 / OS미포함 / 1000W / 인텔 / 코어 14세대 / 코어i5 / 랩터레이크-R / DDR5 / 16GB / M.2 / 1TB / NVIDIA / 그래픽 메모리: 6GB / 1Gbps 유선 / HDMI / DP포트 / 파워서플라이 / 미들타워 / LED쿨러 / 용도: 게임용,"16GB, M.2 1TB",1499000
850,롯데하이마트 플럭스 PLX-ASSONG 1046,7500X3D / RX 9060 XT / (AMD) B650 / OS미포함 / 700W / AMD / 라이젠 7000시리즈 / 라이젠5 / 라파엘 / DDR5 / 32GB / M.2 / 1TB / AMD / 그래픽 메모리: 8GB / 2.5Gbps 유선 / HDMI / DP포트 / USB3.x 5Gbps / 파워서플라이 / 미들타워 / 어항형 / LED쿨러 / 용도: 게임용,"32GB, M.2 1TB",2049720
851,다나와표준PC DPG 게임용 260321,265K / RTX 5080 / (인텔) B860 / OS미포함 / 850W / 인텔 / 코어울트라 시리즈2 / 코어 울트라7 / 애로우레이크 / 인텔 AI Boost / 13TOPS / DDR5 / 16GB / M.2 / 1TB / NVIDIA / 그래픽 메모리: 16GB / 1Gbps 유선 / HDMI / DP포트 / 파워서플라이 / 미들타워 / 어항형 / 수랭쿨러 / LED쿨러 / 용도: 게임용,"16GB, M.2 1TB",4490490
852,삼성전자 데스크탑 Tower DM500TGZ-AI5S2X1-RTX3050-WIN11,i5-14400 / RTX 3050 / 윈도우11 프로 / 500W / 인텔 / 코어 14세대 / 코어i5 / 랩터레이크-R / DDR5 / 8GB / M.2 / 256GB + 1TB / NVIDIA / 1Gbps 유선 / 802.11ax(Wi-Fi 6) 무선 / 블루투스 / HDMI / USB3.x 10Gbps / USB C타입 5Gbps / 파워서플라이 / 미들타워 / 용도: 게임용 / 구성변경상품,"8GB, M.2 256GB + M.2 1TB",1952000
853,몬스타 몬스타PC R9 9950X3D64 5080,9950X3D / RTX 5080 / (AMD) X870E / OS미포함 / 1000W / AMD / 라이젠 9000시리즈 / 라이젠9 / 그래니트 릿지 / DDR5 / 64GB / M.2 / 2TB / NVIDIA / 그래픽 메모리: 16GB / 5Gbps 유선 / 802.11be(Wi-Fi 7) 무선 / 블루투스 / HDMI / DP포트 / USB3.x 10Gbps / USB C타입 40Gbps / USB C타입 10Gbps / 파워서플라이 / 수랭쿨러 / 용도: 게임용,"64GB, M.2 2TB",8020000
854,HP 옴니스튜디오X 32-c0000KR,155H / RTX 4050 / 윈도우11 / 인텔 / 코어울트라 시리즈1 / 코어 울트라7 / 메테오레이크 / 인텔 AI Boost / 11TOPS / DDR5 / 32GB / M.2 / 1TB / NVIDIA / 화면크기: 81cm(32인치) / 3840x2160 / 스피커 내장형 / 1Gbps 유선 / 802.11be(Wi-Fi 7) 무선 / 블루투스 / HDMI / USB3.x 5Gbps / USB C타입 5Gbps / 웹캠 / 마이크 내장 / 일체형 / 9.56kg / 용도: 게임용,"32GB, M.2 1TB",3389990
855,몬스타 몬스타PC 이모탈,9965WX / RTX 5090 / (AMD) WRX90 / OS미포함 / 1600W / AMD / 라이젠 9000시리즈 / 스레드리퍼 RPO / 시마다 픽 / DDR5 / 128GB / CPU :1개 / M.2 / 2TB / NVIDIA / 그래픽 메모리: 32GB / ECC / Registered (Buffered) / 10Gbps 유선 / HDMI / DP포트 / USB3.x 10Gbps / USB C타입 40Gbps / 파워서플라이 / 빅타워 / 수랭쿨러 / 용도: 게임용,"128GB, M.2 2TB",28430000
856,삼성전자 데스크탑 Tower DM500TGZ-Zi5ADV RTX3050 Win11Pro,i5-14400 / RTX 3050 / (인텔) H670 / 윈도우11 프로 / 500W / 인텔 / 코어 14세대 / 코어i5 / 랩터레이크-R / DDR5 / 16GB / M.2 / 2TB / NVIDIA / 1Gbps 유선 / 802.11ax(Wi-Fi 6) 무선 / 블루투스 / HDMI / D-SUB / USB3.x 10Gbps / USB C타입 5Gbps / 파워서플라이 / 미들타워 / 6.94kg / 용도: 게임용 / 구성변경상품,"16GB, M.2 2TB",1945000
857,다나와표준PC 전문가용 260927,285K / RTX 5080 / (인텔) B860 / OS미포함 / 1200W / 인텔 / 코어울트라 시리즈2 / 코어 울트라9 / 애로우레이크 / 인텔 AI Boost / 13TOPS / DDR5 / 32GB / HDD:8TB / M.2 / 2TB / NVIDIA / 그래픽 메모리: 16GB / 1Gbps 유선 / HDMI / DP포트 / 파워서플라이 / 미들타워 / 수랭쿨러 / LED쿨러 / 용도: 게임용,"32GB, M.2 2TB + HDD 8TB",6411460
858,제이씨현 제플PC NVIDIA STUDIO N08,9800X3D / RTX 5080 / (AMD) B850 / OS미포함 / 850W / AMD / 라이젠 9000시리즈 / 라이젠7 / 그래니트 릿지 / DDR5 / 32GB / M.2 / 2TB / NVIDIA / 그래픽 메모리: 16GB / 1Gbps 유선 / HDMI / DP포트 / 파워서플라이 / 미들타워 / LED쿨러 / 용도: 게임용,"32GB, M.2 2TB",4290000
859,HP 오멘 16L TG03-0017KL,265F / RX 9060 XT / (인텔) B860 / OS미포함 / 500W / 인텔 / 코어울트라 시리즈2 / 코어 울트라7 / 애로우레이크 / 인텔 AI Boost / 13TOPS / DDR5 / 16GB / M.2 / 1TB / AMD / 그래픽 메모리: 16GB / 2.5Gbps 유선 / 802.11ax(Wi-Fi 6E) 무선 / 블루투스 / HDMI / DP포트 / USB3.x 10Gbps / USB3.x 5Gbps / USB C타입 10Gbps / USB C타입 5Gbps / 파워서플라이 / 미니타워 / 용도: 게임용 / 구성변경상품,"16GB, M.2 1TB",2487750
860,HP HyperX 오멘 16L TG03-0013kr,i5-14400F / RTX 5060 Ti / 윈도우11 프로 / 500W / 인텔 / 코어 14세대 / 코어i5 / 랩터레이크-R / DDR5 / 16GB / M.2 / 1TB / NVIDIA / 그래픽 메모리: 16GB / 802.11ax(Wi-Fi 6E) 무선 / 블루투스 / USB3.x 5Gbps / USB C타입 10Gbps / 파워서플라이 / 미니타워 / 용도: 게임용,"16GB, M.2 1TB",4044900
861,다나와표준PC DPG 게임용 260924,9800X3D / RTX 5070 Ti / (AMD) B850 / OS미포함 / 1050W / AMD / 라이젠 9000시리즈 / 라이젠7 / 그래니트 릿지 / DDR5 / 16GB / M.2 / 1TB / NVIDIA / 그래픽 메모리: 16GB / 1Gbps 유선 / HDMI / DP포트 / 파워서플라이 / 미들타워 / 수랭쿨러 / LED쿨러 / 용도: 게임용,"16GB, M.2 1TB",4305410
862,몬스타 가츠 마스터,9900X / RTX 5070 Ti / (AMD) B850 / OS미포함 / 850W / AMD / 라이젠 9000시리즈 / 라이젠9 / 그래니트 릿지 / DDR5 / 32GB / M.2 / 2TB / NVIDIA / 그래픽 메모리: 16GB / 2.5Gbps 유선 / 802.11ax(Wi-Fi 6E) 무선 / 블루투스 / HDMI / DP포트 / USB3.x 10Gbps / USB3.x 5Gbps / USB C타입 10Gbps / 파워서플라이 / 미들타워 / LED쿨러 / 용도: 게임용,"32GB, M.2 2TB",4610000
863,다나와표준PC 게임용 260918,7500X3D / RTX 5060 Ti / (AMD) B650 / OS미포함 / 850W / AMD / 라이젠 7000시리즈 / 라이젠5 / 라파엘 / DDR5 / 16GB / M.2 / 1TB / NVIDIA / 그래픽 메모리: 8GB / 1Gbps 유선 / HDMI / DP포트 / 파워서플라이 / 미들타워 / 어항형 / LED쿨러 / 용도: 게임용,"16GB, M.2 1TB",2238000
864,HP HyperX 오멘 35L GT18-0005kr,270K Plus / RTX 5060 Ti / 윈도우11 프로 / 1000W / 인텔 / 코어울트라 시리즈2 / 코어 울트라7 / 애로우레이크 / 인텔 AI Boost / 13TOPS / DDR5 / 32GB / M.2 / 1TB / NVIDIA / 그래픽 메모리: 16GB / 1Gbps 유선 / 802.11be(Wi-Fi 7) 무선 / 블루투스 / USB3.x 5Gbps / USB C타입 10Gbps / 썬더볼트4 / 파워서플라이 / 미들타워 / 용도: 게임용,"32GB, M.2 1TB",5804840
865,리메이드컴퓨터 J134 중고,중고 / i5-13400F / GTX 1660 / (인텔) H610 / OS미포함 / 인텔 / 코어 13세대 / 코어i5 / 랩터레이크 / DDR4 / 16GB / SSD / 500GB / NVIDIA / 그래픽 메모리: 6GB / 1Gbps 유선 / 파워서플라이 / 미들타워 / 용도: 게임용,"16GB, SSD 500GB",806520
866,MSI MAG Codex Z2 A7NVM MA10 R5-7500F RTX 5060 Ti 게이밍 Win11Home,7500F / RTX 5060 Ti / (AMD) B650 / 윈도우11 / 650W / AMD / 라이젠 7000시리즈 / 라이젠5 / 라파엘 / DDR5 / 16GB / M.2 / 1TB / NVIDIA / 그래픽 메모리: 8GB / 2.5Gbps 유선 / HDMI / DP포트 / USB3.x 10Gbps / USB3.x 5Gbps / 파워서플라이 / 미들타워 / LED쿨러 / 용도: 게임용,"16GB, M.2 1TB",1952060
867,몬스타 가츠 인텔 에셋밀크57Ti,270K Plus / RTX 5070 Ti / (인텔) B860 / OS미포함 / 1000W / 인텔 / 코어울트라 시리즈2 / 코어 울트라7 / 애로우레이크 / 인텔 AI Boost / 13TOPS / DDR5 / 32GB / M.2 / 1TB / NVIDIA / 그래픽 메모리: 16GB / 2.5Gbps 유선 / 802.11be(Wi-Fi 7) 무선 / 블루투스 / HDMI / DP포트 / USB3.x 10Gbps / USB3.x 5Gbps / USB C타입 40Gbps / 파워서플라이 / 미들타워 / 어항형 / 수랭쿨러 / LED쿨러 / 용도: 게임용,"32GB, M.2 1TB",4590000
868,몬스타 몬스타PC 뉴로,270K Plus / RTX 5090 / (인텔) Z890 / OS미포함 / 1200W / 인텔 / 코어울트라 시리즈2 / 코어 울트라7 / 애로우레이크 / DDR5 / 128GB / M.2 / 2TB / NVIDIA / 그래픽 메모리: 32GB / 10Gbps 유선 / 802.11be(Wi-Fi 7) 무선 / 블루투스 / 듀얼랜 / HDMI / DP포트 / USB3.x 10Gbps / USB3.x 5Gbps / USB C타입 40Gbps / USB C타입 20Gbps / 썬더볼트5 / 파워서플라이 / 빅타워 / 커스텀수랭 / 용도: 게임용,"128GB, M.2 2TB",19700000
869,롯데하이마트 플럭스 PLX-ASSONG 1031,7800X3D / RX 9070 XT / (AMD) B850 / OS미포함 / 850W / AMD / 라이젠 7000시리즈 / 라이젠7 / 라파엘 / DDR5 / 32GB / M.2 / 1TB / AMD / 그래픽 메모리: 16GB / 1Gbps 유선 / 802.11ax(Wi-Fi 6) 무선 / 블루투스 / HDMI / DP포트 / USB3.x 10Gbps / USB3.x 5Gbps / USB C타입 10Gbps / 파워서플라이 / 미들타워 / 어항형 / LED쿨러 / 용도: 게임용,"32GB, M.2 1TB",2879280
870,HP 옴니데스크 M03-0037kr-RTX5060 Win11Pro,265 / RTX 5060 / 윈도우11 프로 / 500W / 인텔 / 코어울트라 시리즈2 / 코어 울트라7 / 애로우레이크 / 인텔 AI Boost / 13TOPS / DDR5 / 16GB / M.2 / 1TB / NVIDIA / 1Gbps 유선 / 802.11ax(Wi-Fi 6) 무선 / 블루투스 / HDMI / DP포트 / USB3.x 10Gbps / USB3.x 5Gbps / USB C타입 10Gbps / USB C타입 5Gbps / 파워서플라이 / 미니타워 / 5.34kg / 용도: 게임용 / 구성변경상품,"16GB, M.2 1TB",2375580
871,피씨스토어 월간 화이트 어항 라이젠5 7500F RTX 5060,7500F / RTX 5060 / (AMD) B650 / OS미포함 / 700W / AMD / 라이젠 7000시리즈 / 라이젠5 / 라파엘 / DDR5 / 16GB / M.2 / 500GB / NVIDIA / 그래픽 메모리: 8GB / 1Gbps 유선 / HDMI / DP포트 / 파워서플라이 / 미들타워 / 어항형 / LED쿨러 / 용도: 게임용,"16GB, M.2 500GB",1737000
872,HP 오멘 35L GT16-1005KL Win11Pro,9800X3D / RTX 5070 Ti / 윈도우11 프로 / 1000W / AMD / 라이젠 9000시리즈 / 라이젠7 / 그래니트 릿지 / DDR5 / 64GB / M.2 / 1TB / NVIDIA / 그래픽 메모리: 16GB / 1Gbps 유선 / 802.11be(Wi-Fi 7) 무선 / 블루투스 / HDMI / DP포트 / USB3.x 5Gbps / USB C타입 10Gbps / 파워서플라이 / 미들타워 / 수랭쿨러 / LED쿨러 / 용도: 게임용 / 구성변경상품,"64GB, M.2 1TB",5023530
873,다나와표준PC 전문가용 260925,270K Plus / RTX 5070 Ti / (인텔) B860 / OS미포함 / 1000W / 인텔 / 코어울트라 시리즈2 / 코어 울트라7 / 애로우레이크 / 인텔 AI Boost / 13TOPS / DDR5 / 16GB / M.2 / 1TB / NVIDIA / 그래픽 메모리: 16GB / 1Gbps 유선 / HDMI / DP포트 / 파워서플라이 / 빅타워 / 수랭쿨러 / LED쿨러 / 용도: 게임용,"16GB, M.2 1TB",4104320
874,다나와표준PC 게임용 260912,i5-14400F / RTX 5060 Ti / (인텔) B760 / OS미포함 / 850W / 인텔 / 코어 14세대 / 코어i5 / 랩터레이크-R / DDR4 / 16GB / M.2 / 1TB / NVIDIA / 그래픽 메모리: 8GB / 1Gbps 유선 / HDMI / DP포트 / 파워서플라이 / 미들타워 / 어항형 / LED쿨러 / 용도: 게임용,"16GB, M.2 1TB",1938000
875,다나와표준PC 게임용 260919,7700X3D / RTX 5060 Ti / (AMD) B650 / OS미포함 / 850W / AMD / 라이젠 7000시리즈 / 라이젠7 / 라파엘 / DDR5 / 16GB / M.2 / 1TB / NVIDIA / 그래픽 메모리: 8GB / 1Gbps 유선 / HDMI / DP포트 / 파워서플라이 / 미들타워 / 어항형 / LED쿨러 / 용도: 게임용,"16GB, M.2 1TB",2343440
876,다나와표준PC DPG 게임용 260921,270K Plus / RTX 5070 / (인텔) B860 / OS미포함 / 850W / 인텔 / 코어울트라 시리즈2 / 코어 울트라7 / 애로우레이크 / 인텔 AI Boost / 13TOPS / DDR5 / 16GB / M.2 / 1TB / NVIDIA / 그래픽 메모리: 12GB / 1Gbps 유선 / HDMI / DP포트 / 파워서플라이 / 빅타워 / 수랭쿨러 / LED쿨러 / 용도: 게임용,"16GB, M.2 1TB",3070740
877,HP 오멘 45L GT22-3002kl Win11Pro,285K / RTX 5090 / (인텔) Z890 / 윈도우11 프로 / 1200W / 인텔 / 코어울트라 시리즈2 / 코어 울트라9 / 애로우레이크 / 인텔 AI Boost / 13TOPS / DDR5 / 64GB / HDD:2TB / M.2 / 2TB / NVIDIA / 그래픽 메모리: 32GB / 1Gbps 유선 / 802.11ax(Wi-Fi 6E) 무선 / 블루투스 / HDMI / DP포트 / USB3.x 10Gbps / USB3.x 5Gbps / USB C타입 10Gbps / 파워서플라이 / 미들타워 / 수랭쿨러 / LED쿨러 / 22.6kg / 용도: 게임용 / 구성변경상품,"64GB, M.2 2TB + HDD 2TB",11000000
878,ASUS ROG NUC 16 NUC16JNK9X389A0 White,290HX Plus / RTX 5070 Ti / 윈도우11 / 380W / 인텔 / 코어울트라 시리즈2 / 코어 울트라9 / 애로우레이크 / 인텔 AI Boost / 13TOPS / DDR5 / 32GB / M.2 / 1TB / NVIDIA / 그래픽 메모리: 12GB / 2.5Gbps 유선 / 802.11be(Wi-Fi 7) 무선 / 블루투스 / HDMI / DP포트 / USB3.x 10Gbps / USB C타입 20Gbps / 썬더볼트4 / DC / 슬림 / 용도: 게임용,"32GB, M.2 1TB",6207990
879,다나와표준PC 전문가용 260926,9850X3D / RX 9070 XT / (AMD) B850 / OS미포함 / 1300W / AMD / 라이젠 9000시리즈 / 라이젠7 / 그래니트 릿지 / DDR5 / 16GB / HDD:8TB / M.2 / 1TB / AMD / 그래픽 메모리: 16GB / 1Gbps 유선 / HDMI / DP포트 / 파워서플라이 / 미들타워 / 어항형 / 수랭쿨러 / LED쿨러 / 용도: 게임용,"16GB, M.2 1TB + HDD 8TB",4621260
880,삼성전자 데스크탑 Tower DM500THA-U7ABT RTX5060 Win11,265 / RTX 5060 / (인텔) B860 / 윈도우11 / 500W / 인텔 / 코어울트라 시리즈2 / 코어 울트라7 / 애로우레이크 / 인텔 AI Boost / 13TOPS / DDR5 / 16GB / M.2 / 1TB / NVIDIA / 그래픽 메모리: 8GB / 1Gbps 유선 / 802.11ax(Wi-Fi 6) 무선 / 블루투스 / HDMI / D-SUB / USB3.x 10Gbps / USB C타입 5Gbps / 파워서플라이 / 미들타워 / 6.66kg / 용도: 게임용 / 구성변경상품,"16GB, M.2 1TB",2715000
881,ASUS ROG NUC 16 NUC16JNK9X389A0 Black,290HX Plus / RTX 5070 Ti / 윈도우11 / 380W / 인텔 / 코어울트라 시리즈2 / 코어 울트라9 / 애로우레이크 / 인텔 AI Boost / 13TOPS / DDR5 / 32GB / M.2 / 1TB / NVIDIA / 그래픽 메모리: 12GB / 2.5Gbps 유선 / 802.11be(Wi-Fi 7) 무선 / 블루투스 / HDMI / DP포트 / USB3.x 10Gbps / USB C타입 20Gbps / 썬더볼트4 / DC / 슬림 / 용도: 게임용,"32GB, M.2 1TB",6207990
882,다나와표준PC 게임용 260915,7500F / RTX 5060 Ti / (AMD) B650 / OS미포함 / 850W / AMD / 라이젠 7000시리즈 / 라이젠5 / 라파엘 / DDR5 / 16GB / M.2 / 1TB / NVIDIA / 그래픽 메모리: 8GB / 1Gbps 유선 / HDMI / DP포트 / 파워서플라이 / 미들타워 / LED쿨러 / 용도: 게임용,"16GB, M.2 1TB",2048000
883,다나와표준PC DPG 게임용 260922,7800X3D / RTX 5070 / (AMD) B850 / OS미포함 / 750W / AMD / 라이젠 7000시리즈 / 라이젠7 / 라파엘 / DDR5 / 16GB / M.2 / 1TB / NVIDIA / 그래픽 메모리: 12GB / 1Gbps 유선 / HDMI / DP포트 / 파워서플라이 / 미들타워 / 수랭쿨러 / LED쿨러 / 용도: 게임용,"16GB, M.2 1TB",3380000
884,HP OMEN MAX 45L GT23-0000KL GRPM,9950X3D / RTX 5090 / (AMD) B850 / 윈도우11 프로 / 1200W / AMD / 라이젠 9000시리즈 / 라이젠9 / 그래니트 릿지 / DDR5 / 128GB / SSD + M.2 / 16TB(8+8) + 16TB(8+8) / NVIDIA / 그래픽 메모리: 32GB / 1Gbps 유선 / 802.11be(Wi-Fi 7) 무선 / 블루투스 / HDMI / DP포트 / USB3.x 10Gbps / USB3.x 5Gbps / USB C타입 10Gbps / 파워서플라이 / 미들타워 / 수랭쿨러 / 용도: 게임용 / 구성변경상품,"128GB, M.2 16TB + SSD 16TB",24600000
885,HP 오멘 45L GT22-3006KR,285K / RTX 5090 / (인텔) Z890 / 윈도우11 프로 / 1200W / 인텔 / 코어울트라 시리즈2 / 코어 울트라9 / 애로우레이크 / 인텔 AI Boost / 13TOPS / DDR5 / 64GB / M.2 / 2TB / NVIDIA / 그래픽 메모리: 32GB / 1Gbps 유선 / 802.11ax(Wi-Fi 6E) 무선 / 블루투스 / HDMI / DP포트 / USB3.x 10Gbps / USB3.x 5Gbps / USB C타입 10Gbps / 파워서플라이 / 미들타워 / 수랭쿨러 / LED쿨러 / 22.6kg / 용도: 게임용,"64GB, M.2 2TB",12529000
886,리메이드컴퓨터 J1311C 중고,중고 / i5-13400F / RTX 3070 Ti / (인텔) H610 / OS미포함 / 800W / 인텔 / 코어 13세대 / 코어i5 / 랩터레이크 / DDR4 / 32GB / SSD / 1TB / NVIDIA / 그래픽 메모리: 8GB / 1Gbps 유선 / 파워서플라이 / 미들타워 / 용도: 게임용,"32GB, SSD 1TB",1538750
887,HP 프로데스크 2 Tower G1a C2FK6AT Win11Pro,8700G / RTX 5060 / (AMD) PRO 665 / 윈도우11 프로 / 400W / AMD / 라이젠 8000시리즈 / 라이젠7 / 피닉스 / DDR5 / 16GB / M.2 / 512GB / NVIDIA / 1Gbps 유선 / 802.11ax(Wi-Fi 6) 무선 / 블루투스 / HDMI / DP포트 / USB3.x 10Gbps / USB C타입 5Gbps / 파워서플라이 / 미들타워 / 6.1kg / 용도: 게임용 / 구성변경상품,"16GB, M.2 512GB",1869000
888,HP 오멘 16L TG03-0005kr,225F / RTX 5060 / (인텔) B860 / 윈도우11 프로 / 500W / 인텔 / 코어울트라 시리즈2 / 코어 울트라5 / 애로우레이크 / 인텔 AI Boost / 13TOPS / DDR5 / 16GB / M.2 / 512GB / NVIDIA / 그래픽 메모리: 8GB / 2.5Gbps 유선 / 802.11ax(Wi-Fi 6E) 무선 / 블루투스 / HDMI / DP포트 / USB3.x 5Gbps / USB C타입 10Gbps / 파워서플라이 / 미니타워 / 용도: 게임용,"16GB, M.2 512GB",2539000
889,이그닉 비와이 프로 27Z 4756T Win11Home,i7-14700F / RTX 5060 Ti / (인텔) B660 / 윈도우11 / 인텔 / 코어 14세대 / 코어i7 / 랩터레이크-R / DDR4 / 32GB / M.2 / 1TB / NVIDIA / 화면크기: 68.5cm(27인치) / 1920x1080 / 눈부심방지 / 광시야각 / 곡면 / 피벗(회전) / 스위블(좌우) / 틸트(상하) / 스피커 내장형 / 1Gbps 유선 / 802.11ax(Wi-Fi 6E) 무선 / 블루투스 / DC / 일체형 / 9.1kg / 용도: 게임용,"32GB, M.2 1TB",2549000
890,다나와표준PC 전문가용 260728,9950X3D / RTX 5080 / (AMD) X870E / OS미포함 / 1200W / AMD / 라이젠 9000시리즈 / 라이젠9 / 그래니트 릿지 / DDR5 / 16GB / HDD:4TB / M.2 / 1TB / NVIDIA / 그래픽 메모리: 16GB / 1Gbps 유선 / HDMI / DP포트 / 파워서플라이 / 미들타워 / 수랭쿨러 / LED쿨러 / 용도: 게임용,"16GB, M.2 1TB + HDD 4TB",5888000
891,몬스타 몬스타PC 스텔스,9950X3D2 / RTX 5090 / (AMD) X870 / OS미포함 / 1200W / AMD / 라이젠 9000시리즈 / 라이젠9 / 그래니트 릿지 / DDR5 / 64GB / M.2 / 2TB / NVIDIA / 그래픽 메모리: 32GB / 5Gbps 유선 / 802.11be(Wi-Fi 7) 무선 / 블루투스 / HDMI / DP포트 / USB3.x 10Gbps / USB3.x 5Gbps / USB C타입 40Gbps / 파워서플라이 / 미들타워 / 어항형 / 수랭쿨러 / LED쿨러 / 용도: 게임용,"64GB, M.2 2TB",14070000
892,몬스타 몬스타PC 디렉터,9965WX / RTX 5090 / (AMD) WRX90 / OS미포함 / 1600W / AMD / 라이젠 9000시리즈 / 스레드리퍼 PRO / 시마다 픽 / DDR5 / 256GB / CPU :1개 / M.2 / 2TB / NVIDIA / 그래픽 메모리: 32GB / ECC / Registered (Buffered) / 10Gbps 유선 / HDMI / DP포트 / 파워서플라이 / 빅타워 / 용도: 게임용,"256GB, M.2 2TB",37700000
893,다나와표준PC 전문가용 260726,9850X3D / RTX 5080 / (AMD) X870E / OS미포함 / 1000W / AMD / 라이젠 9000시리즈 / 라이젠7 / 그래니트 릿지 / DDR5 / 16GB / HDD:4TB / M.2 / 1TB / NVIDIA / 그래픽 메모리: 16GB / 1Gbps 유선 / HDMI / DP포트 / 파워서플라이 / 미들타워 / 어항형 / 수랭쿨러 / LED쿨러 / 용도: 게임용,"16GB, M.2 1TB + HDD 4TB",5350000
894,ASUS G700TF-770TW,265KF / RTX 5070 Ti / (인텔) B860 / 윈도우11 / 850W / 인텔 / 코어울트라 시리즈2 / 코어 울트라7 / 애로우레이크 / 인텔 AI Boost / 13TOPS / DDR5 / 32GB / M.2 / 1TB / NVIDIA / 그래픽 메모리: 12GB / 7.1채널 / 2.5Gbps 유선 / 802.11ax(Wi-Fi 6) 무선 / 블루투스 / HDMI / DP포트 / USB3.x 10Gbps / USB3.x 5Gbps / USB C타입 20Gbps / USB C타입 5Gbps / 파워서플라이 / 미들타워 / 수랭쿨러 / 18kg / 용도: 게임용,"32GB, M.2 1TB",4999000
895,HP 오멘 35L GT16-0015KL Win11Pro,285K / RTX 5080 / (인텔) Z890 / 윈도우11 프로 / 1000W / 인텔 / 코어울트라 시리즈2 / 코어 울트라9 / 애로우레이크 / 인텔 AI Boost / 13TOPS / DDR5 / 64GB / M.2 / 2TB / NVIDIA / 그래픽 메모리: 16GB / 1Gbps 유선 / 802.11be(Wi-Fi 7) 무선 / 블루투스 / HDMI / DP포트 / USB3.x 5Gbps / USB C타입 10Gbps / 파워서플라이 / 미들타워 / 수랭쿨러 / LED쿨러 / 용도: 게임용 / 구성변경상품,"64GB, M.2 2TB",7310000
896,HP 옴니데스크 M03-0038kr Win11Pro,225 / 인텔 그래픽스 / 윈도우11 프로 / 500W / 인텔 / 코어울트라 시리즈2 / 코어 울트라5 / 애로우레이크 / 인텔 AI Boost / 13TOPS / DDR5 / 16GB / M.2 / 1TB / INTEL / 5.1채널 / 1Gbps 유선 / 802.11ax(Wi-Fi 6) 무선 / 블루투스 / HDMI / DP포트 / USB3.x 10Gbps / USB3.x 5Gbps / USB C타입 10Gbps / USB C타입 5Gbps / 파워서플라이 / 미니타워 / 5.34kg / 용도: 게임용 / 구성변경상품,"16GB, M.2 1TB",1550450
897,엔피씨코리아 NEXPC 게이밍프로 G365,9700X / RTX 5060 / (AMD) B650 / OS미포함 / 800W / AMD / 라이젠 9000시리즈 / 라이젠7 / 그래니트 릿지 / DDR5 / 32GB / M.2 / 1TB / NVIDIA / 그래픽 메모리: 8GB / 1Gbps 유선 / HDMI / DP포트 / 파워서플라이 / 미들타워 / 어항형 / LED쿨러 / 용도: 게임용,"32GB, M.2 1TB",2205720
898,다나와표준PC 게임용 260615,7500X3D / RTX 5070 / (AMD) B850 / OS미포함 / 850W / AMD / 라이젠 7000시리즈 / 라이젠5 / 라파엘 / DDR5 / 16GB / M.2 / 1TB / NVIDIA / 그래픽 메모리: 12GB / 1Gbps 유선 / HDMI / DP포트 / 파워서플라이 / 미들타워 / 어항형 / LED쿨러 / 용도: 게임용,"16GB, M.2 1TB",2799990
899,HP 오멘 45L GT22-DA01KR Ultra7 265K RTX5070 Win11Pro,265K / RTX 5070 / (인텔) Z890 / 윈도우11 프로 / 1200W / 인텔 / 코어울트라 시리즈2 / 코어 울트라7 / 애로우레이크 / 인텔 AI Boost / 13TOPS / DDR5 / 128GB / M.2 / 1TB / NVIDIA / 그래픽 메모리: 12GB / 1Gbps 유선 / 802.11ax(Wi-Fi 6E) 무선 / 블루투스 / HDMI / DP포트 / USB3.x 10Gbps / USB3.x 5Gbps / USB C타입 10Gbps / 썬더볼트4 / 파워서플라이 / 미들타워 / 수랭쿨러 / LED쿨러 / 22.6kg / 용도: 게임용 / 구성변경상품,"128GB, M.2 1TB",7667480
